1/aaaaa/bceea.bbeac.aaccc.babed.deddd,-1
2/baaaa/bcee1.bbeac.aaccc.babed.deddd,1
1/baa-ba/bcee1.bbeac.aaccc.babed.1eddd,-1
2/baa-bb/bcee1.bbeac.aaccc.babed.2ddd,1
1/baa-cb/bcee1.bbeac.aaccc.babed.2dd1,-1
2/baaab/bcee1.bbeac.aaccc.babe1.3d1,1
1/b-caab/1cee1.bbeac.aaccc.1abe1.3d1,-1
2/d-caab/1cee1.bbeac.1accc.2be1.3d1,1
1/c-caab/1cee1.bbeac.2ccc.2be1.3d1,-1
2/c-baab/1cee1.1beac.2ccc.2be1.3d1,1
1/c-b-cab/1cee1.1bea1.2cc1.2be1.3d1,-1
2/cb-cab/1cee1.2ea1.2cc1.3e1.3d1,1
1/cb-c-bb/1cee1.2ea1.2cc1.3e1.5,-1
2/cba-bb/2ee1.2ea1.3c1.3e1.5,1
1/cba-b-c/5.3a1.3c1.3e1.5,-1
2/dba-b-c/5.5.3c1.3e1.5,1
1/db-b-b-c/5.5.5.3e1.5,-1
2/db-b-b-b/5.5.5.5.5,1
1/aaaaa/ecaaa.edcce.edebc.cadbd.bbadb,1
2/baaaa/ecaa1.edcce.edebc.cadbd.bbadb,-1
1/baaa-b/1caa1.edcce.edebc.cadbd.bbadb,1
2/baaaa/1caa1.edcc1.edebc.cadbd.bbadb,-1
1/b-caaa/1caa1.edcc1.edebc.cadbd.1bad1,1
2/b-cdaa/2aa1.edcc1.edeb1.1adbd.1bad1,-1
1/b-cda-c/2aa1.1dcc1.1deb1.1adbd.1bad1,1
2/b-cdb-c/2aa1.2cc1.1deb1.1adbd.1bad1,-1
1/b-cd-b-c/2aa1.2cc1.1deb1.1adb1.1ba2,1
2/d-cd-b-c/3a1.2cc1.1deb1.1adb1.1b3,-1
1/d-cc-b-c/3a1.3c1.1deb1.1adb1.1b3,1
2/d-bc-b-c/3a1.3c1.1deb1.1ad2.1b3,-1
1/c-bc-b-c/5.3c1.1deb1.1ad2.1b3,1
2/cac-b-c/5.3c1.1deb1.1ad2.5,-1
1/c-bc-b-c/5.3c1.1de2.1ad2.5,1
2/c-bcb-c/5.3c1.2e2.1a3.5,-1
1/b-bcb-c/5.3c1.2e2.5.5,1
2/b-bdb-c/5.5.2e2.5.5,-1
1/b-bdb-d/5.5.5.5.5,1
1/aaaaa/dabca.deacb.adcce.cbbbd.aeeed,-1
2/caaaa/dabc1.deacb.adcce.cbbbd.1eeed,1
1/ca-caa/dab2.deacb.adcce.1bbbd.1eeed,-1
2/ca-cab/dab2.deacb.adcce.1bbbd.2eed,1
1/c-b-cab/da3.deacb.adcce.1bbbd.2eed,-1
2/d-b-cab/da3.deacb.1dcce.1bbbd.2eed,1
1/d-b-c-cb/da3.1eacb.1dcce.1bbbd.2ee1,-1
2/d-b-cab/1a3.1eacb.1dcce.1bbb1.2ee1,1
1/d-b-ca-c/1a3.1eacb.1dcc1.1bbb1.5,-1
2/db-ca-c/1a3.1eac1.1dcc1.1bb2.5,1
1/cb-ca-c/5.1eac1.1dcc1.1bb2.5,-1
2/cbaa-c/5.1ea2.1dc2.1bb2.5,1
1/c-baa-c/5.1ea2.1dc2.5.5,-1
2/c-bba-c/5.1ea2.1d3.5.5,1
1/c-bb-b-c/5.1ea2.5.5.5,-1
2/d-bb-b-c/5.1e3.5.5.5,1
1/d-bb-b-d/5.5.5.5.5,-1
1/aaaaa/dcaac.bcaea.deeae.dcdbd.bbecb,-1
2/acaaa/dcaac.bcaea.deeae.dcdbd.1bec1,1
1/aca-ba/1caac.bcaea.deeae.dcdbd.1bec1,-1
2/ada-ba/1caac.1caea.deeae.dcdbd.1bec1,1
1/ad-c-ba/2aac.1caea.deeae.dcdbd.1be2,-1
2/ada-ba/2aa1.2aea.deeae.dcdbd.1be2,1
1/-cda-ba/2a2.2ae1.deeae.dcdbd.1be2,-1
2/-cdaba/2a2.2ae1.1eeae.1cdbd.1be2,1
1/-ccaba/2a2.2ae1.1eeae.1cdbd.2e2,-1
2/-ccaca/2a2.2ae1.1eeae.1cdb1.2e2,1
1/-ccac-d/2a2.2a2.2ea1.1cdb1.2e2,-1
2/-ccac-c/2a2.2a2.2ea1.1cdb1.5,1
1/-ecac-c/5.2a2.2e2.1cdb1.5,-1
2/-dcac-c/5.5.2e2.1cdb1.5,1
1/-dc-bc-c/5.5.2e2.2db1.5,-1
2/-dd-bc-c/5.5.2e2.2d2.5,1
1/-dd-bb-c/5.5.2e2.5.5,-1
2/-dd-bb-b/5.5.5.5.5,1
1/aaaaa/bdbdb.eadaa.edaca.cecbc.dcebe,1
2/aaaab/bdbdb.eadaa.edaca.cecbc.dceb1,-1
1/a-caab/bdbd1.eadaa.edaca.cecbc.dce2,1
2/b-caab/bdbd1.eada1.edaca.cecbc.dce2,-1
1/b-c-bab/bdbd1.eada1.edaca.cecb1.dce2,1
2/b-b-bab/1dbd1.eada1.edaca.cecb1.dce2,-1
1/b-b-baa/1dbd1.eada1.edaca.cecb1.dc3,1
2/b-b-bab/1dbd1.1ada1.edaca.cecb1.dc3,-1
1/b-b-b-bb/1db2.1ada1.edaca.cecb1.dc3,1
2/c-b-b-bb/1db2.1ad2.edaca.cecb1.dc3,-1
1/c-b-b-cb/2b2.1ad2.edaca.cecb1.dc3,1
2/d-b-b-cb/2b2.2d2.edaca.cecb1.dc3,-1
1/d-b-b-ca/2b2.2d2.1daca.cecb1.dc3,1
2/d-b-b-ba/2b2.2d2.1daca.cecb1.1c3,-1
1/c-b-b-ba/2b2.2d2.1dac1.cecb1.1c3,1
2/c-bb-ba/2b2.2d2.1da2.cecb1.5,-1
1/c-cb-ba/2b2.2d2.1da2.cec2.5,1
2/c-cd-ba/2b2.2d2.1da2.1e3.5,-1
1/c-dd-ba/5.2d2.1da2.1e3.5,1
2/d-dd-ba/5.2d2.1d3.1e3.5,-1
1/d-dd-ca/5.5.1d3.1e3.5,1
2/d-dd-cb/5.5.1d3.5.5,-1
1/d-dd-db/5.5.5.5.5,1
1/aaaaa/aaceb.cebde.adbac.daeec.bcddb,-1
2/baaaa/1aceb.cebde.adbac.daeec.bcddb,1
1/b-baaa/1aceb.cebde.adbac.daeec.bcdd1,-1
2/b-baba/1aceb.cebde.adbac.daeec.bcd2,1
1/b-b-bba/1aceb.1ebde.adbac.daeec.bcd2,-1
2/ba-bba/1aceb.1ebde.adbac.daeec.1cd2,1
1/ba-dba/1aceb.1ebde.adbac.daee1.2d2,-1
2/ba-cba/1aceb.1ebde.adba1.daee1.2d2,1
1/ba-cb-c/1aceb.1ebd1.adba1.dae2.2d2,-1
2/ca-cb-c/1aceb.1ebd1.1dba1.dae2.2d2,1
1/ca-ca-c/1aceb.1ebd1.1dba1.dae2.5,-1
2/ca-ca-b/1aceb.1ebd1.1dba1.da3.5,1
1/aa-ca-b/1aceb.1ebd1.1db2.d4.5,-1
2/ab-ca-b/1ace1.1ebd1.1db2.d4.5,1
1/aa-ca-b/1ace1.1ebd1.1d3.d4.5,-1
2/aa-cc-b/1ace1.1eb2.1d3.5.5,1
1/aa-cc-c/1ac2.1eb2.1d3.5.5,-1
2/ba-cc-c/2c2.1eb2.1d3.5.5,1
1/b-b-cc-c/2c2.1e3.1d3.5.5,-1
2/b-b-bc-c/5.1e3.1d3.5.5,1
1/b-b-bb-c/5.1e3.5.5.5,-1
2/b-b-bb-b/5.5.5.5.5,1
1/aaaaa/eedae.bbedd.cddbc.aaabe.caccb,-1
2/aaaab/1edae.bbedd.cddbc.aaabe.caccb,1
1/aaaaa/2dae.bbedd.cddbc.aaabe.caccb,-1
2/abaaa/2dae.1bedd.cddbc.aaabe.caccb,1
1/a-baaa/2dae.2edd.cddbc.aaabe.cacc1,-1
2/a-bcaa/2dae.2edd.1ddbc.aaabe.cac2,1
1/a-bc-ca/3ae.2edd.2dbc.aaabe.cac2,-1
2/a-bc-cb/3ae.2edd.2dbc.aaab1.cac2,1
1/a-ba-cb/3ae.2edd.2db1.aaab1.1ac2,-1
2/c-ba-cb/4e.2edd.2db1.aaab1.2c2,1
1/b-ba-cb/4e.2edd.2db1.1aab1.2c2,-1
2/b-ba-bb/4e.2ed1.2db1.1aab1.2c2,1
1/b-ba-b-b/5.3d1.2db1.1aab1.2c2,-1
2/b-bb-b-b/5.3d1.2db1.1aab1.5,1
1/b-bb-c-b/5.3d1.3b1.1aab1.5,-1
2/c-bb-c-b/5.3d1.3b1.2ab1.5,1
1/c-cb-c-b/5.3d1.3b1.2a2.5,-1
2/d-cb-c-b/5.3d1.3b1.5.5,1
1/d-db-c-b/5.3d1.5.5.5,-1
2/d-db-b-b/5.5.5.5.5,1
1/aaaaa/cccdb.caaad.dcdbe.eaeab.bedbe,-1
2/abaaa/cccd1.caaad.dcdbe.eaeab.bedbe,1
1/aba-ca/ccc2.caaa1.dcdbe.eaeab.bedbe,-1
2/abb-ca/1cc2.caaa1.dcdbe.eaeab.bedbe,1
1/aab-ca/1cc2.caaa1.dcdbe.eaeab.1edbe,-1
2/aac-ca/2c2.caaa1.dcdbe.eaeab.1edbe,1
1/-bac-ca/2c2.caa2.dcdbe.eaeab.1edbe,-1
2/-bac-cb/2c2.caa2.dcdb1.eaeab.1edbe,1
1/-bab-cb/2c2.1aa2.dcdb1.eaeab.1edbe,-1
2/-bac-cb/5.1aa2.dcdb1.eaeab.1edbe,1
1/-bac-c-b/5.1aa2.dcdb1.1aeab.2dbe,-1
2/bac-c-b/5.2a2.dcdb1.2eab.2dbe,1
1/bac-e-b/5.2a2.1cdb1.2eab.3be,-1
2/bcc-e-b/5.2a2.1cd2.2eab.4e,1
1/bcc-e-d/5.2a2.1cd2.3ab.5,-1
2/bcc-d-d/5.2a2.1c3.3ab.5,1
1/-bcc-d-d/5.5.1c3.4b.5,-1
2/-bdc-d-d/5.5.1c3.5.5,1
1/-bdb-d-d/5.5.5.5.5,-1
1/aaaaa/eadca.aabcd.dcebb.eebca.ceddb,1
2/abaaa/eadca.aabcd.dcebb.eebca.cedd1,-1
1/abaa-b/1adca.aabcd.dcebb.eebca.cedd1,1
2/bbaa-b/1adc1.aabcd.dcebb.eebca.cedd1,-1
1/abaa-b/1adc1.aabcd.dcebb.eebc1.cedd1,1
2/bbaa-b/1adc1.1abcd.dcebb.eebc1.cedd1,-1
1/bba-b-b/1adc1.1abc1.dcebb.eebc1.cedd1,1
2/bbc-b-b/1ad2.1abc1.dcebb.eebc1.1edd1,-1
1/bbc-b-c/1ad2.1abc1.dcebb.1ebc1.1edd1,1
2/bbcb-c/1ad2.1abc1.1cebb.1ebc1.1ed2,-1
1/bbab-c/1ad2.1ab2.1cebb.1eb2.1ed2,1
2/bbab-b/1ad2.1ab2.1cebb.1eb2.2d2,-1
1/bba-b-b/1a3.1ab2.1cebb.1eb2.5,1
2/bea-b-b/1a3.1a3.1ceb1.1e3.5,-1
1/bda-b-b/1a3.1a3.1ce2.1e3.5,1
2/bda-bb/1a3.1a3.1c3.5.5,-1
1/ada-bb/5.1a3.1c3.5.5,1
2/bda-bb/5.5.1c3.5.5,-1
1/bd-b-bb/5.5.5.5.5,1
1/aaaaa/bcacc.deeda.bcdee.bbabd.decaa,1
2/aabaa/bcac1.deeda.bcdee.bbabd.decaa,-1
1/-babaa/bcac1.deed1.bcdee.bbabd.decaa,1
2/-babab/bcac1.deed1.bcde1.bbabd.decaa,-1
1/-bab-cb/bcac1.deed1.bcde1.bbab1.1ecaa,1
2/-bac-cb/bca2.deed1.bcde1.bbab1.1ecaa,-1
1/-cac-cb/bca2.deed1.bcde1.bbab1.1eca1,1
2/-bac-cb/bc3.deed1.bcde1.bbab1.1eca1,-1
1/-b-bc-cb/bc3.deed1.bcde1.1bab1.1eca1,1
2/-b-bc-bb/bc3.dee2.bcde1.1bab1.1eca1,-1
1/-c-bc-bb/bc3.dee2.bcde1.1bab1.1ec2,1
2/-cbc-bb/1c3.dee2.bcde1.1ba2.1ec2,-1
1/-cbc-b-b/1c3.de3.bcd2.1ba2.1ec2,1
2/-cbcb-b/1c3.1e3.bc3.1ba2.1ec2,-1
1/-cbab-b/5.1e3.bc3.1ba2.1e3,1
2/-cbabb/5.5.bc3.1ba2.5,-1
1/-dbabb/5.5.bc3.1b3.5,1
2/-dcabb/5.5.1c3.1b3.5,-1
1/-dbabb/5.5.1c3.5.5,1
2/-dbbbb/5.5.5.5.5,-1
1/aaaaa/dcdae.ebcbe.caeac.cabae.bdddb,1
2/aaaba/1cdae.ebcbe.caeac.cabae.bdddb,-1
1/aaab-c/1cda1.1bcbe.caeac.cabae.bdddb,1
2/aaab-b/1cda1.1bcb1.caeac.cabae.bdddb,-1
1/a-cab-b/1cda1.1bcb1.caeac.cabae.1ddd1,1
2/a-ccb-b/2da1.1bcb1.1aeac.cabae.1ddd1,-1
1/a-cbb-b/2da1.1bcb1.1aeac.1abae.1ddd1,1
2/a-cbe-b/3a1.1bcb1.1aeac.1abae.2d2,-1
1/a-cbd-b/3a1.1bcb1.1aeac.1abae.5,1
2/a-bbd-b/3a1.2cb1.1aeac.1abae.5,-1
1/-c-bbd-b/5.2cb1.2eac.1abae.5,1
2/-b-bbd-b/5.2cb1.2eac.2bae.5,-1
1/-b-b-bd-b/5.3b1.2ea1.2bae.5,1
2/-bb-bd-b/5.5.2ea1.3ae.5,-1
1/-bb-bd-c/5.5.3a1.3ae.5,1
2/bb-bd-c/5.5.5.4e.5,-1
1/bb-bd-d/5.5.5.5.5,1
1/aaaaa/ecddc.dacbb.dbead.eaeeb.abcac,1
2/aacaa/ecdd1.dacbb.dbead.eaeeb.abca1,-1
1/-bacaa/ecdd1.dacbb.dbead.eaeeb.abc2,1
2/-bbcaa/ecdd1.dacbb.dbead.eaee1.abc2,-1
1/-cbcaa/ecdd1.dacbb.dbead.eaee1.1bc2,1
2/-cccaa/ecdd1.dacb1.dbead.eaee1.1bc2,-1
1/-ccca-c/1cdd1.dacb1.dbead.eae2.1bc2,1
2/-cccb-c/1cd2.dacb1.dbead.eae2.1bc2,-1
1/-ccc-b-c/1cd2.1acb1.dbea1.eae2.1bc2,1
2/-cdc-b-c/1cd2.1acb1.dbea1.eae2.2c2,-1
1/-cdc-b-d/1cd2.1acb1.dbea1.1ae2.2c2,1
2/-cdcb-d/1c3.1acb1.1bea1.1ae2.2c2,-1
1/-cdab-d/5.1acb1.1bea1.1ae2.5,1
2/adab-d/5.1acb1.1be2.2e2.5,-1
1/abab-d/5.1ac2.2e2.2e2.5,1
2/bbab-d/5.2c2.2e2.2e2.5,-1
1/bb-bb-d/5.5.2e2.2e2.5,1
2/bb-bb-c/5.5.5.2e2.5,-1
1/bb-bb-d/5.5.5.5.5,1
1/aaaaa/babdb.ddaec.deeaa.dcbea.ecbcc,1
2/acaaa/1abd1.ddaec.deeaa.dcbea.ecbcc,-1
1/aca-ca/1ab2.1daec.deeaa.dcbea.ecbcc,1
2/acb-ca/1ab2.1daec.deeaa.dcbea.ecbc1,-1
1/-bcb-ca/2b2.1daec.deeaa.dcbea.ecbc1,1
2/acb-ca/2b2.1daec.deeaa.dcbe1.ecbc1,-1
1/acb-ea/2b2.2aec.1eeaa.dcbe1.ecbc1,1
2/acb-da/2b2.2aec.1eeaa.1cbe1.ecbc1,-1
1/acb-d-b/2b2.2aec.2eaa.1cbe1.ecbc1,1
2/acb-da/2b2.2aec.2eaa.1cbe1.1cbc1,-1
1/ac-b-da/2b2.2ae1.2eaa.2be1.1cbc1,1
2/acb-da/2b2.2ae1.2eaa.2be1.2b2,-1
1/aab-da/5.2ae1.2eaa.2be1.5,1
2/aab-dc/5.2a2.2eaa.2b2.5,-1
1/a-bb-dc/5.2a2.2eaa.5.5,1
2/b-bb-dc/5.5.2eaa.5.5,-1
1/a-bb-dc/5.5.2ea1.5.5,1
2/b-bb-dc/5.5.2e2.5.5,-1
1/b-bb-db/5.5.5.5.5,1
1/aaaaa/eaadb.cbdde.aadde.bccee.baccb,1
2/abaaa/eaad1.cbdde.aadde.bccee.baccb,-1
1/abaa-b/eaad1.cbdd1.aadde.bccee.baccb,1
2/abaab/1aad1.cbdd1.aadd1.bccee.baccb,-1
1/aaaab/1aad1.cbdd1.aadd1.bccee.bacc1,1
2/abaab/1aad1.cbdd1.aadd1.bccee.1acc1,-1
1/-bbaab/1aad1.cbdd1.aadd1.bccee.2cc1,1
2/-bcaab/1aad1.cbdd1.aadd1.1ccee.2cc1,-1
1/-ccaab/1aad1.cbdd1.1add1.1ccee.2cc1,1
2/-bcaab/2ad1.cbdd1.1add1.1ccee.2cc1,-1
1/-bc-bab/2ad1.cbdd1.1add1.2cee.2cc1,1
2/bc-bab/3d1.cbdd1.2dd1.2cee.2cc1,-1
1/bc-dab/3d1.1bdd1.2dd1.2cee.2c2,1
2/bc-dbb/5.1bdd1.2dd1.2cee.2c2,-1
1/bc-dab/5.1bd2.2dd1.2cee.2c2,1
2/bc-dac/5.1bd2.2dd1.2ce1.2c2,-1
1/bc-eac/5.1bd2.2dd1.2ce1.5,1
2/bc-dac/5.1bd2.2dd1.3e1.5,-1
1/bb-dac/5.2d2.2dd1.3e1.5,1
2/bb-dbc/5.5.2dd1.3e1.5,-1
1/bb-dac/5.5.3d1.3e1.5,1
2/bb-dbc/5.5.5.3e1.5,-1
1/bb-dbb/5.5.5.5.5,1
1/aaaaa/cbaac.ebdae.cddbb.edeed.bacca,1
2/aacaa/1baa1.ebdae.cddbb.edeed.bacca,-1
1/-cacaa/1ba2.ebdae.cddbb.edeed.bacc1,1
2/-cbcaa/2a2.ebdae.cddbb.edeed.bacc1,-1
1/-cbc-ba/2a2.ebdae.cddbb.edee1.bacc1,1
2/-cbc-bc/2a2.1bda1.cddbb.edee1.bacc1,-1
1/-ebc-bc/5.1bd2.cddbb.edee1.bacc1,1
2/-ebd-bc/5.1bd2.cddbb.edee1.bac2,-1
1/-ebb-bc/5.1bd2.1ddbb.edee1.ba3,1
2/-dbb-bc/5.1bd2.1ddbb.edee1.b4,-1
1/-dab-bc/5.2d2.1ddbb.edee1.b4,1
2/-dabbc/5.5.2dbb.edee1.b4,-1
1/-dabba/5.5.2dbb.1de2.b4,1
2/-dabda/5.5.3bb.2e2.b4,-1
1/-d-bbda/5.5.4b.2e2.b4,1
2/-dabda/5.5.5.2e2.b4,-1
1/-d-bbda/5.5.5.2e2.5,1
2/-d-bbdb/5.5.5.5.5,-1
1/aaaaa/ddeab.eceae.bcdec.ccbad.abbda,-1
2/baaaa/ddeab.eceae.bcdec.ccbad.abbd1,1
1/baa-ba/ddeab.eceae.bcdec.ccba1.abbd1,-1
2/baaba/1deab.eceae.bcdec.ccba1.abb2,1
1/b-baba/1dea1.eceae.bcdec.ccba1.abb2,-1
2/c-baba/1dea1.eceae.bcdec.ccb2.abb2,1
1/b-baba/1de2.eceae.bcdec.ccb2.abb2,-1
2/c-baba/1de2.eceae.bcdec.ccb2.1bb2,1
1/c-caba/1de2.eceae.bcdec.ccb2.1b3,-1
2/c-baba/1de2.eceae.bcdec.cc3.1b3,1
1/c-bab-c/1d3.1ceae.bcdec.cc3.1b3,-1
2/c-bab-b/1d3.1cea1.bcdec.cc3.1b3,1
1/c-cab-b/1d3.1cea1.1cdec.cc3.1b3,-1
2/c-ccb-b/1d3.1cea1.1cde1.1c3.1b3,1
1/c-cca-b/5.1cea1.1cde1.1c3.1b3,-1
2/c-ccaa/5.1cea1.1cd2.1c3.1b3,1
1/c-cc-ba/5.1cea1.1c3.1c3.1b3,-1
2/c-cd-ba/5.2ea1.1c3.1c3.1b3,1
1/c-cd-b-b/5.3a1.1c3.1c3.1b3,-1
2/d-cd-b-b/5.5.1c3.1c3.1b3,1
1/d-cc-b-b/5.5.5.1c3.1b3,-1
2/d-bc-b-b/5.5.5.1c3.5,1
1/d-bb-b-b/5.5.5.5.5,-1
1/aaaaa/aeede.abeac.acbdb.accce.dddbb,1
2/aaaab/aeed1.abeac.acbdb.accce.dddbb,-1
1/aaa-bb/aeed1.abeac.acbdb.accce.1ddbb,1
2/baa-bb/1eed1.abeac.acbdb.accce.1ddbb,-1
1/-baa-bb/1eed1.1beac.acbdb.1ccce.1ddbb,1
2/-baabb/1ee2.1beac.acbdb.1ccce.2dbb,-1
1/-ba-bbb/1ee2.1beac.acbdb.2cce.2dbb,1
2/-ba-bbd/5.1beac.acbdb.2cce.2dbb,-1
1/-b-b-bbd/5.1beac.acbdb.2cce.2db1,1
2/a-b-bbd/5.1beac.1cbdb.2cce.2db1,-1
1/a-b-cbd/5.1beac.2bdb.2cce.2db1,1
2/a-b-bbd/5.1bea1.2bdb.2cce.2db1,-1
1/a-b-bbc/5.1bea1.2bdb.2cc1.2db1,1
2/aa-bbc/5.1bea1.2bdb.2cc1.2d2,-1
1/a-b-bbc/5.2ea1.2bdb.2cc1.2d2,1
2/b-b-bbc/5.2e2.2bdb.2cc1.2d2,-1
1/b-b-cbc/5.2e2.2bdb.2c2.2d2,1
2/b-b-ccc/5.2e2.2bdb.2c2.5,-1
1/b-c-ccc/5.2e2.2bd1.2c2.5,1
2/b-c-bcc/5.2e2.2bd1.5.5,-1
1/b-d-bcc/5.2e2.3d1.5.5,1
2/b-d-bdc/5.2e2.5.5.5,-1
1/b-d-bdb/5.5.5.5.5,1
1/aaaaa/ecebd.cbaac.edabb.acdee.dacbd,-1
2/aaaab/1cebd.cbaac.edabb.acdee.dacbd,1
1/aaa-db/1ceb1.cbaac.edabb.acdee.1acb1,-1
2/baa-db/1ceb1.cbaac.edabb.acdee.2cb1,1
1/ba-c-db/2eb1.1baac.edabb.acdee.2cb1,-1
2/ba-b-db/2eb1.1baa1.edabb.acdee.2cb1,1
1/b-b-b-db/2eb1.2aa1.edabb.acdee.2cb1,-1
2/ba-b-db/2eb1.2aa1.edabb.acdee.2c2,1
1/ba-b-da/3b1.2aa1.edabb.acdee.2c2,-1
2/ca-b-da/3b1.3a1.edabb.acdee.2c2,1
1/ba-b-da/3b1.3a1.edabb.1cdee.2c2,-1
2/baa-da/3b1.3a1.edabb.2dee.2c2,1
1/b-ca-da/5.3a1.edab1.2dee.2c2,-1
2/c-ca-da/5.5.edab1.2dee.2c2,1
1/c-da-da/5.5.eda2.2dee.2c2,-1
2/c-db-da/5.5.eda2.2dee.5,1
1/c-db-d-b/5.5.eda2.2de1.5,-1
2/c-db-c-b/5.5.eda2.3e1.5,1
1/c-db-c-c/5.5.1da2.3e1.5,-1
2/d-db-c-c/5.5.1d3.3e1.5,1
1/d-db-d-c/5.5.5.3e1.5,-1
2/d-db-d-b/5.5.5.5.5,1
1/aaaaa/edabc.bceae.babbe.cdadd.edacc,-1
2/aaaab/edabc.bceae.babbe.cdadd.1dacc,1
1/aa-bab/edabc.bceae.babbe.cdadd.1dac1,-1
2/aabab/edab1.bceae.babbe.cdadd.1da2,1
1/aab-cb/edab1.bceae.babbe.cdad1.2a2,-1
2/aab-bb/edab1.bceae.babbe.cda2.2a2,1
1/aab-b-c/1dab1.bcea1.babb1.cda2.2a2,-1
2/adb-b-c/1da2.1cea1.bab2.cda2.2a2,1
1/-cdb-b-c/1d3.1ce2.bab2.cda2.2a2,-1
2/-ceb-b-c/1d3.1ce2.1ab2.cda2.2a2,1
1/-ceb-c-c/5.1ce2.1ab2.cda2.2a2,-1
2/-beb-c-c/5.1ce2.1ab2.cda2.5,1
1/-be-b-c-c/5.2e2.1ab2.1da2.5,-1
2/-be-b-b-c/5.2e2.1ab2.2a2.5,1
1/-ce-b-b-c/5.2e2.2b2.2a2.5,-1
2/-be-b-b-c/5.2e2.2b2.5.5,1
1/-bd-b-b-c/5.2e2.5.5.5,-1
2/-bd-b-b-b/5.5.5.5.5,1
1/aaaaa/bdedd.eebbc.acaad.bdcea.acbec,1
2/aaaba/bded1.eebbc.acaad.bdcea.acbec,-1
1/aa-cba/bded1.eebb1.acaad.bdcea.acbe1,1
2/ca-cba/bded1.eebb1.acaad.bdce1.1cbe1,-1
1/ca-caa/bded1.eebb1.acaa1.bdce1.1cbe1,1
2/cb-caa/1ded1.eebb1.acaa1.bdce1.1cbe1,-1
1/cb-ca-c/1ded1.1ebb1.acaa1.bdce1.1cb2,1
2/cb-ca-b/1ded1.1ebb1.acaa1.bdc2.1cb2,-1
1/cb-c-b-b/2ed1.1ebb1.acaa1.bdc2.1cb2,1
2/cb-b-b-b/2ed1.1ebb1.acaa1.bdc2.2b2,-1
1/bb-b-b-b/2ed1.1ebb1.aca2.bdc2.2b2,1
2/bd-b-b-b/2ed1.1eb2.aca2.1dc2.2b2,-1
1/bd-b-b-c/2ed1.2b2.aca2.1dc2.2b2,1
2/bd-bb-c/2e2.2b2.aca2.2c2.2b2,-1
1/bc-bb-c/2e2.2b2.aca2.2c2.5,1
2/cc-bb-c/2e2.2b2.1ca2.2c2.5,-1
1/cc-cb-c/2e2.2b2.2a2.2c2.5,1
2/cc-bb-c/2e2.2b2.2a2.5.5,-1
1/bc-bb-c/2e2.2b2.5.5.5,1
2/bd-bb-c/2e2.5.5.5.5,-1
1/bd-bb-d/5.5.5.5.5,1
1/aaaaa/bdbeb.aadcc.acede.ceacb.aebdd,-1
2/abaaa/bdbe1.aadcc.acede.ceacb.aebdd,1
1/abaa-b/bdb2.aadcc.acede.ceacb.aebdd,-1
2/acaa-b/1db2.aadcc.acede.ceacb.aebdd,1
1/-bcaa-b/1db2.aadcc.acede.ceacb.1ebdd,-1
2/-bcaaa/1db2.aadcc.acede.ceacb.2bdd,1
1/-bc-baa/1db2.aadc1.acede.ceacb.2bdd,-1
2/ac-baa/1db2.1adc1.acede.ceacb.2bdd,1
1/-bc-baa/1db2.1adc1.1cede.ceacb.2bdd,-1
2/-bcaaa/1db2.1ad2.1cede.ceacb.2bdd,1
1/-baaaa/1d3.1ad2.1cede.ceacb.3dd,-1
2/-baaca/5.1ad2.1cede.ceacb.4d,1
1/-baaba/5.1ad2.1cede.ceacb.5,-1
2/-babba/5.1ad2.1cede.1eacb.5,1
1/-cabba/5.2d2.1cede.1eacb.5,-1
2/-cbbba/5.2d2.1cede.1eac1.5,1
1/-cb-bba/5.2d2.2ede.1ea2.5,-1
2/-cb-bbb/5.2d2.2ede.2a2.5,1
1/-cb-bab/5.5.2ede.2a2.5,-1
2/-cb-bac/5.5.3de.2a2.5,1
1/-cb-b-bc/5.5.4e.2a2.5,-1
2/-bb-b-bc/5.5.4e.5.5,1
1/-bb-b-bb/5.5.5.5.5,-1
1/aaaaa/ecede.aabda.cdebd.babae.dcccb,1
2/aaaab/1cede.aabda.cdebd.babae.dcccb,-1
1/aaa-bb/1cede.aabda.cdebd.babae.1cccb,1
2/aab-bb/1cede.aabda.cdebd.babae.2ccb,-1
1/aa-b-bb/2ede.aabda.cdebd.babae.3cb,1
2/aa-b-bc/3de.aabda.cdebd.babae.3cb,-1
1/aa-b-bb/3d1.aabda.cdebd.babae.3cb,1
2/ac-b-bb/3d1.aabda.cdebd.1abae.3c1,-1
1/-bc-b-bb/3d1.aabd1.cdebd.1abae.3c1,1
2/ac-b-bb/3d1.1abd1.cdebd.1abae.3c1,-1
1/-bc-b-bb/3d1.1abd1.cdebd.2bae.3c1,1
2/-bc-bbb/5.1abd1.cdeb1.2bae.3c1,-1
1/-bc-cbb/5.1abd1.1deb1.2bae.3c1,1
2/-bc-bbb/5.1abd1.1deb1.2bae.5,-1
1/-bc-bab/5.1abd1.2eb1.2bae.5,1
2/-bd-bab/5.1abd1.2eb1.3ae.5,-1
1/-cd-bab/5.1abd1.2eb1.4e.5,1
2/-cd-bad/5.1abd1.3b1.5.5,-1
1/-dd-bad/5.2bd1.3b1.5.5,1
2/-de-bad/5.3d1.3b1.5.5,-1
1/-dd-bad/5.3d1.5.5.5,1
2/-dd-bbd/5.5.5.5.5,-1
1/aaaaa/eccae.dedbe.bcbdd.caebd.aabca,-1
2/aaaab/1ccae.dedbe.bcbdd.caebd.aabca,1
1/aaaaa/1cca1.dedbe.bcbdd.caebd.aabca,-1
2/caaaa/1cc2.dedbe.bcbdd.caebd.1abca,1
1/ca-caa/2c2.dedbe.bcbdd.1aebd.1abca,-1
2/ea-caa/2c2.dedbe.bcbdd.1aebd.2bc1,1
1/da-caa/2c2.dedbe.bcbdd.2ebd.2bc1,-1
2/da-baa/5.dedbe.bcbdd.2ebd.2bc1,1
1/d-c-baa/5.dedbe.1cbdd.2ebd.3c1,-1
2/d-c-bba/5.dedbe.1cbdd.2eb1.3c1,1
1/d-c-b-ba/5.1edbe.1cbd1.2eb1.3c1,-1
2/d-c-b-bb/5.1edbe.1cbd1.3b1.3c1,1
1/d-c-b-ba/5.2dbe.1cbd1.3b1.3c1,-1
2/d-c-b-bb/5.2db1.1cbd1.3b1.3c1,1
1/d-d-b-bb/5.2d2.1cbd1.3b1.3c1,-1
2/d-da-bb/5.2d2.1cbd1.3b1.5,1
1/d-ea-bb/5.2d2.1cbd1.5.5,-1
2/d-eb-bb/5.2d2.2bd1.5.5,1
1/d-fb-bb/5.2d2.3d1.5.5,-1
1/aaaaa/dcdaa.decdb.beaae.acebb.bcecd,-1
2/aaaba/dcdaa.decdb.beaae.acebb.bcec1,1
1/aaaaa/1cdaa.decdb.beaae.acebb.bcec1,-1
2/abaaa/1cdaa.decdb.beaae.aceb1.bcec1,1
1/abaa-b/1cdaa.decdb.beaa1.aceb1.bcec1,-1
2/abca-b/2daa.decdb.beaa1.aceb1.bce2,1
1/a-bca-b/2daa.decd1.beaa1.ace2.bce2,-1
2/b-bca-b/2daa.decd1.bea2.ace2.bce2,1
1/b-bca-c/2daa.decd1.bea2.ace2.bc3,-1
2/b-bcb-c/2daa.1ecd1.bea2.ace2.bc3,1
1/b-dcb-c/2daa.1ecd1.1ea2.ace2.1c3,-1
2/b-dcba/2daa.2cd1.1ea2.ac3.1c3,1
1/-c-dcba/2da1.2cd1.1e3.1c3.1c3,-1
2/-c-ddba/2da1.2cd1.1e3.1c3.5,1
1/-c-dcba/2da1.2cd1.1e3.5.5,-1
2/-c-dcbb/2da1.2cd1.5.5.5,1
1/-c-dc-bb/3a1.2c2.5.5.5,-1
2/-b-dc-bb/5.2c2.5.5.5,1
1/-b-db-bb/5.5.5.5.5,-1
1/aaaaa/dbeba.caacb.ebeed.cecab.dcdad,1
2/baaaa/dbeb1.caacb.ebeed.cecab.dcdad,-1
1/b-caaa/dbe2.caac1.ebeed.cecab.dcdad,1
2/b-caca/1be2.caac1.ebee1.cecab.dcdad,-1
1/b-eaca/2e2.caac1.ebee1.ceca1.dcdad,1
2/b-eaea/2e2.caac1.ebee1.ceca1.1cda1,-1
1/b-e-cea/2e2.1aac1.ebee1.1eca1.1cda1,1
2/b-e-ceb/5.1aac1.ebee1.1eca1.1cda1,-1
1/b-e-cea/5.1aac1.1bee1.1eca1.1cda1,1
2/b-e-bea/5.1aa2.1bee1.1eca1.1cda1,-1
1/-b-e-bea/5.5.1bee1.1eca1.1cda1,1
2/-b-d-bea/5.5.2ee1.1eca1.1cda1,-1
1/-b-d-be-b/5.5.3e1.1eca1.1cda1,1
2/-b-d-beb/5.5.5.2ca1.1cda1,-1
1/-c-d-beb/5.5.5.2c2.1cda1,1
2/-b-d-beb/5.5.5.2c2.1cd2,-1
1/-b-d-ceb/5.5.5.5.1cd2,1
2/-b-d-cfb/5.5.5.5.1c3,-1
1/aaaaa/debcb.eabba.cdcae.adcad.cdebe,1
2/aaaab/debcb.eabba.cdcae.adcad.cdeb1,-1
1/a-caab/debc1.eabba.cdcae.adcad.cde2,1
2/a-cbab/debc1.eabba.cdcae.adcad.1de2,-1
1/a-cbaa/debc1.eabba.cdcae.adcad.1d3,1
2/a-cbca/1ebc1.eabba.cdcae.adca1.1d3,-1
1/-c-cbca/1ebc1.eabb1.cdcae.1dca1.1d3,1
2/-c-cbcc/2bc1.eabb1.cdca1.1dca1.1d3,-1
1/-c-c-bcc/2b2.eabb1.1dca1.1dca1.1d3,1
2/-b-c-bcc/2b2.eabb1.1dca1.1dc2.1d3,-1
1/-b-c-ccc/2b2.eabb1.1dca1.1d3.1d3,1
2/-ba-ccc/5.eab2.1dca1.1d3.1d3,-1
1/-b-b-ccc/5.ea3.1dca1.1d3.1d3,1
2/b-b-ccc/5.e4.1dc2.1d3.1d3,-1
1/b-b-cbc/5.e4.1dc2.1d3.5,1
2/b-b-ccc/5.e4.2c2.1d3.5,-1
1/b-b-dcc/5.e4.5.1d3.5,1
2/b-b-ddc/5.e4.5.5.5,-1
1/b-b-ddb/5.5.5.5.5,1
1/aaaaa/cbcda.daaec.deadb.bedbc.cabee,-1
2/aaaab/cbcda.daaec.deadb.bedbc.cabe1,1
1/aa-dab/1bcda.daaec.deadb.bedb1.1abe1,-1
2/ac-dab/2cda.daaec.deadb.1edb1.1abe1,1
1/ac-eab/3da.daaec.deadb.1edb1.1abe1,-1
2/ac-eac/3da.daaec.deadb.1edb1.1ab2,1
1/ab-eac/3da.daaec.dead1.1edb1.1ab2,-1
2/ab-dac/3da.daae1.dead1.1edb1.1ab2,1
1/ab-d-bc/4a.daae1.dead1.1edb1.1ab2,-1
2/ab-dac/4a.1aae1.dead1.1edb1.1ab2,1
1/-cb-dac/4a.2ae1.dead1.1edb1.2b2,-1
2/-cd-dac/4a.2ae1.dead1.1ed2.5,1
1/-cd-dab/4a.2ae1.dead1.2d2.5,-1
2/-cd-dac/4a.2a2.dead1.2d2.5,1
1/-cd-d-cc/4a.2a2.1ea2.2d2.5,-1
2/-bd-d-cc/5.2a2.1ea2.2d2.5,1
1/-cd-d-cc/5.5.1ea2.2d2.5,-1
2/-bd-d-cc/5.5.1e3.2d2.5,1
1/-bd-d-dc/5.5.1e3.5.5,-1
2/-bd-d-dd/5.5.5.5.5,1
1/aaaaa/bddaa.ebacb.ecbec.ddbea.dcace,-1
2/aaaab/bddaa.ebacb.ecbec.ddbea.dcac1,1
1/-caaab/bdda1.ebacb.ecbec.ddbe1.dcac1,-1
2/-baaab/bdd2.ebacb.ecbec.ddbe1.dcac1,1
1/-ba-bab/bdd2.ebacb.ecbec.ddbe1.dca2,-1
2/aa-bab/bdd2.ebacb.ecbec.ddbe1.dc3,1
1/aa-baa/bdd2.ebacb.ecbec.ddb2.dc3,-1
2/ac-baa/bdd2.ebac1.ecbec.dd3.dc3,1
1/ac-daa/bdd2.ebac1.ecbe1.dd3.d4,-1
2/ac-dca/bdd2.ebac1.ecbe1.d4.5,1
1/ac-dba/bd3.ebac1.ecbe1.d4.5,-1
2/ac-cba/bd3.eba2.ecbe1.d4.5,1
1/-bc-cba/bd3.eb3.ecbe1.d4.5,-1
2/-bc-cda/b4.eb3.ecbe1.5.5,1
1/-bb-cda/b4.e4.ecbe1.5.5,-1
2/-bb-cdc/b4.e4.1cb2.5.5,1
1/-b-b-cdc/5.e4.1c3.5.5,-1
2/-b-b-bdc/5.e4.5.5.5,1
1/-b-b-bdb/5.5.5.5.5,-1
1/aaaaa/adbce.acaeb.bcbce.dcdee.baadd,-1
2/aaaba/adbce.acaeb.bcbce.dcdee.baad1,1
1/aaab-b/adbce.acaeb.bcbce.dcde1.baad1,-1
2/abab-b/adbce.acaeb.bcbce.dcde1.1aad1,1
1/abaa-b/adbce.acaeb.bcbce.1cde1.1aad1,-1
2/bbaa-b/adbce.acaeb.bcbce.1cde1.2ad1,1
1/abaa-b/adbce.acaeb.bcbce.1cde1.3d1,-1
2/abaaa/adbc1.acaeb.bcbce.1cde1.3d1,1
1/aaaaa/adbc1.acae1.bcbce.1cde1.3d1,-1
2/baaaa/1dbc1.acae1.bcbce.1cde1.3d1,1
1/ba-baa/1db2.acae1.bcbce.1cde1.3d1,-1
2/ba-bba/1db2.acae1.bcbce.1cde1.5,1
1/ba-cba/1db2.acae1.bcbce.2de1.5,-1
2/ca-cba/1db2.1cae1.bcbce.2de1.5,1
1/c-c-cba/1d3.1cae1.1cbce.2de1.5,-1
2/c-c-cbc/1d3.1cae1.1cbc1.2d2.5,1
1/c-c-ebc/1d3.1cae1.2b2.2d2.5,-1
2/c-c-dbc/1d3.2ae1.2b2.2d2.5,1
1/c-c-d-bc/5.2ae1.2b2.5.5,-1
2/d-c-d-bc/5.3e1.2b2.5.5,1
1/d-d-d-bc/5.3e1.5.5.5,-1
2/d-d-d-bd/5.5.5.5.5,1
1/aaaaa/dbbea.acedb.acded.bbcda.ceeca,1
2/caaaa/dbbe1.acedb.acded.bbcda.ceec1,-1
1/caaa-b/dbb2.acedb.acded.bbcda.ceec1,1
2/ccaa-b/db3.aced1.acded.bbcda.ceec1,-1
1/bcaa-b/db3.aced1.acded.bbcd1.ceec1,1
2/bcab-b/1b3.aced1.acded.bbcd1.ceec1,-1
1/acab-b/1b3.1ced1.acded.bbcd1.ceec1,1
2/acac-b/1b3.1ced1.acde1.bbcd1.ceec1,-1
1/ac-bc-b/1b3.1ced1.acde1.bbcd1.cee2,1
2/ac-bca/1b3.1ced1.acde1.bbcd1.ce3,-1
1/ac-baa/1b3.1ce2.acde1.bbc2.ce3,1
2/acbaa/1b3.1ce2.acde1.bb3.1e3,-1
1/acba-c/1b3.1c3.acd2.bb3.1e3,1
2/adba-c/5.1c3.acd2.bb3.1e3,-1
1/-bdba-c/5.1c3.1cd2.bb3.1e3,1
2/-beba-c/5.1c3.1cd2.1b3.1e3,-1
1/-beaa-c/5.5.1cd2.1b3.1e3,1
2/-beba-c/5.5.2d2.1b3.1e3,-1
1/-bdba-c/5.5.2d2.5.1e3,1
2/-bdbb-c/5.5.5.5.1e3,-1
1/-bdbb-d/5.5.5.5.5,1
1/aaaaa/cbeed.acdca.ddaba.aeecb.cbedb,1
2/aacaa/1beed.acdca.ddaba.aeecb.1bedb,-1
1/a-ccaa/2eed.acdca.ddaba.aeecb.2edb,1
2/a-bcaa/2eed.acdca.ddaba.aeecb.2ed1,-1
1/-b-bcaa/2eed.1cdca.ddaba.aeecb.2ed1,1
2/a-bcaa/2eed.1cdca.ddaba.1eecb.2ed1,-1
1/a-bc-ba/2eed.1cdca.1daba.1eecb.2ed1,1
2/a-bd-ba/2eed.2dca.1daba.1eecb.2ed1,-1
1/a-bd-b-b/2eed.2dca.1daba.1eecb.3d1,1
2/aad-b-b/2eed.2dca.1daba.1eec1.3d1,-1
1/aad-c-b/2eed.2dca.2aba.1eec1.3d1,1
2/aad-b-b/2ee1.2dca.2aba.1eec1.3d1,-1
1/aad-b-d/3e1.2dca.2aba.2ec1.3d1,1
2/aad-b-c/5.2dca.2aba.2ec1.3d1,-1
1/aad-c-c/5.3ca.2aba.2ec1.3d1,1
2/cad-c-c/5.3c1.3ba.2ec1.3d1,-1
1/cac-c-c/5.5.3ba.2ec1.3d1,1
2/cbc-c-c/5.5.4a.2ec1.3d1,-1
1/bbc-c-c/5.5.5.2ec1.3d1,1
2/bbd-c-c/5.5.5.2e2.3d1,-1
1/bbd-d-c/5.5.5.2e2.5,1
2/bbd-d-b/5.5.5.5.5,-1
1/aaaaa/cceab.dabba.aceea.ddebc.edbcd,-1
2/abaaa/ccea1.dabba.aceea.ddebc.edbcd,1
1/-bbaaa/cce2.dabba.aceea.ddebc.edbcd,-1
2/-bbaab/cc3.dabba.aceea.ddebc.edbcd,1
1/-cbaab/cc3.dabb1.aceea.ddebc.edbcd,-1
2/-cbbab/1c3.dabb1.aceea.ddebc.edbcd,1
1/-cbbaa/1c3.dabb1.aceea.ddebc.1dbcd,-1
2/-ccbaa/1c3.dab2.aceea.ddebc.1dbcd,1
1/-dcbaa/1c3.dab2.acee1.ddebc.1dbcd,-1
2/-dcbba/1c3.dab2.acee1.1debc.1dbcd,1
1/-dcb-ba/1c3.1ab2.acee1.1debc.1dbc1,-1
2/-dcd-ba/1c3.1ab2.acee1.1deb1.1db2,1
1/-d-bd-ba/1c3.1a3.acee1.1de2.1d3,-1
2/-c-bd-ba/1c3.1a3.1cee1.1de2.1d3,1
1/-c-bc-ba/5.1a3.1cee1.1de2.1d3,-1
2/-c-bcaa/5.1a3.1cee1.1de2.5,1
1/-c-bc-ba/5.1a3.1cee1.2e2.5,-1
2/-b-bc-ba/5.5.1cee1.2e2.5,1
1/-b-bb-ba/5.5.2ee1.2e2.5,-1
2/-b-bb-bb/5.5.3e1.2e2.5,1
1/-b-bb-ba/5.5.5.2e2.5,-1
2/-b-bb-bb/5.5.5.5.5,1
1/aaaaa/dcebc.dcdab.caebe.dedbe.bcaaa,-1
2/baaaa/dcebc.dcdab.caebe.dedbe.bcaa1,1
1/baaa-b/dcebc.dcdab.caebe.dedb1.bcaa1,-1
2/caaa-b/dcebc.dcdab.caebe.dedb1.bca2,1
1/baaa-b/dcebc.dcdab.caebe.dedb1.bc3,-1
2/baba-b/dcebc.dcdab.caebe.dedb1.b4,1
1/bab-b-b/1cebc.dcdab.caebe.dedb1.b4,-1
2/bac-b-b/2ebc.dcdab.caebe.dedb1.b4,1
1/b-cc-b-b/2ebc.dcdab.caebe.ded2.5,-1
2/b-ccc-b/2ebc.1cdab.caebe.1e3.5,1
1/b-cac-b/2eb1.2dab.caebe.1e3.5,-1
2/b-caca/2eb1.2dab.caebe.5.5,1
1/b-eaca/2e2.2da1.caebe.5.5,-1
2/b-ebca/2e2.2da1.1aebe.5.5,1
1/-b-ebca/2e2.2d2.2ebe.5.5,-1
2/-b-ebcb/5.2d2.2ebe.5.5,1
1/-b-ebbb/5.5.2ebe.5.5,-1
2/-b-ebbc/5.5.3be.5.5,1
1/-b-fbbc/5.5.4e.5.5,-1
1/aaaaa/dadec.beadc.eadbe.bccba.dbaec,1
2/aabaa/dadec.beadc.eadbe.bccba.dbae1,-1
1/aaba-b/dadec.beadc.eadbe.bccba.dba2,1
2/aabb-b/dadec.beadc.eadbe.bccba.1ba2,-1
1/aaba-b/1adec.beadc.eadbe.bccba.1ba2,1
2/acba-b/1adec.beadc.eadbe.1ccba.2a2,-1
1/-bcba-b/1adec.beadc.eadbe.1ccb1.2a2,1
2/-bcbab/1adec.beadc.1adb1.1ccb1.2a2,-1
1/-bcaab/1adec.bead1.1adb1.1ccb1.2a2,1
2/bcaab/2dec.bead1.1adb1.1ccb1.5,-1
1/baaab/2dec.1ead1.1adb1.1cc2.5,1
2/bbaab/2dec.1ead1.1ad2.1cc2.5,-1
1/bb-dab/2de1.1ead1.1ad2.5.5,1
2/bb-dcb/3e1.1ea2.1ad2.5.5,-1
1/ab-dcb/3e1.1e3.1ad2.5.5,1
2/bb-dcb/3e1.1e3.2d2.5.5,-1
1/bb-dbb/3e1.1e3.5.5.5,1
2/bb-dbc/5.1e3.5.5.5,-1
1/bb-dbb/5.5.5.5.5,1
1/aaaaa/debdb.abcdd.ccaac.dbaca.eebee,1
2/aaaac/debdb.abcdd.ccaac.dbaca.1ebe1,-1
1/aaaab/debdb.abcdd.ccaac.dbaca.1eb2,1
2/baaab/debdb.abcdd.ccaac.dbac1.1eb2,-1
1/ba-cab/debdb.abcdd.ccaa1.dba2.1eb2,1
2/bb-cab/debdb.abcdd.ccaa1.dba2.1e3,-1
1/ba-cab/debd1.abcdd.ccaa1.dba2.1e3,1
2/da-cab/debd1.abcdd.cca2.db3.1e3,-1
1/da-c-cb/debd1.abcd1.cca2.1b3.1e3,1
2/da-cbb/1eb2.abc2.cca2.1b3.1e3,-1
1/ca-cbb/1eb2.1bc2.cca2.1b3.1e3,1
2/ca-bbb/1eb2.1bc2.1ca2.1b3.1e3,-1
1/ca-bb-b/2b2.1bc2.1ca2.1b3.5,1
2/cc-bb-b/5.2c2.1ca2.1b3.5,-1
1/bc-bb-b/5.2c2.1c3.1b3.5,1
2/bd-bb-b/5.2c2.1c3.5.5,-1
1/bd-cb-b/5.5.1c3.5.5,1
2/bd-bb-b/5.5.5.5.5,-1
1/aaaaa/bdeed.abeec.dcabd.badcc.beaca,-1
2/aaaba/bdee1.abeec.dcabd.badcc.beaca,1
1/-baaba/bdee1.abeec.dcabd.badcc.beac1,-1
2/-bbaba/1dee1.abeec.dcabd.badcc.beac1,1
1/-bb-cba/1dee1.abee1.dcabd.badcc.bea2,-1
2/bb-cba/1dee1.1bee1.dcabd.badcc.be3,1
1/bb-caa/2ee1.1bee1.dcabd.badcc.be3,-1
2/bc-caa/2ee1.2ee1.dcabd.badcc.be3,1
1/bc-ca-b/3e1.2ee1.dcabd.badcc.be3,-1
2/bc-caa/5.2ee1.dcabd.badcc.be3,1
1/bc-ca-b/5.2e2.dcabd.badcc.be3,-1
2/bc-cc-b/5.2e2.1cab1.badcc.be3,1
1/b-b-cc-b/5.2e2.1ca2.1adcc.1e3,-1
2/b-b-ccb/5.5.1ca2.1adcc.5,1
1/-b-b-ccb/5.5.1c3.2dcc.5,-1
2/-b-b-bcb/5.5.5.2dcc.5,1
1/-b-b-ccb/5.5.5.2dc1.5,-1
2/-b-b-bcb/5.5.5.2d2.5,1
1/-b-b-bbb/5.5.5.5.5,-1
1/aaaaa/bbcec.cbdce.addae.aaaec.ddbeb,-1
2/acaaa/1bcec.cbdce.addae.aaaec.ddbe1,1
1/ac-caa/1bce1.1bdce.addae.aaaec.ddbe1,-1
2/ac-cab/1bc2.1bdce.addae.aaaec.ddbe1,1
1/ac-ca-b/1bc2.1bdc1.addae.aaaec.ddb2,-1
2/ac-ba-b/1b3.1bdc1.addae.aaaec.ddb2,1
1/ab-ba-b/1b3.1bdc1.addae.aaaec.dd3,-1
2/abaa-b/1b3.1bdc1.addae.aaae1.dd3,1
1/aba-c-b/1b3.1bdc1.addae.aaae1.5,-1
2/aca-c-b/5.1bdc1.addae.aaae1.5,1
1/-cca-c-b/5.1bdc1.1ddae.1aae1.5,-1
2/-ccb-c-b/5.1bd2.1ddae.1aae1.5,1
1/-ccb-c-d/5.1bd2.1dda1.1aa2.5,-1
2/-bcb-c-d/5.1bd2.1dda1.1a3.5,1
1/-bcb-d-d/5.1b3.1dda1.1a3.5,-1
2/acb-d-d/5.1b3.1dda1.5.5,1
1/-bcb-d-d/5.1b3.1dd2.5.5,-1
2/-bdb-d-d/5.5.1dd2.5.5,1
1/-bdb-e-d/5.5.2d2.5.5,-1
2/-bdb-d-d/5.5.5.5.5,1
1/aaaaa/dedda.eacbd.abcab.cbdca.eebce,1
2/aaaac/dedda.eacbd.abcab.cbdca.1ebc1,-1
1/-baaac/dedda.eacbd.abcab.cbdc1.1ebc1,1
2/-bacac/dedda.eacbd.abcab.1bdc1.1eb2,-1
1/-b-bcac/dedda.eacbd.abcab.1bdc1.1e3,1
2/-bacac/dedda.eacbd.abca1.1bdc1.1e3,-1
1/-bacab/dedda.eacbd.abca1.1bdc1.5,1
2/-baccb/1edda.eacb1.abca1.1bdc1.5,-1
1/-daccb/1edd1.eacb1.1bca1.1bdc1.5,1
2/-dacdb/1ed2.eacb1.1bca1.1bdc1.5,-1
1/-d-bcdb/1ed2.eac2.1bca1.1bdc1.5,1
2/-d-bddb/1ed2.eac2.1bca1.1bd2.5,-1
1/-d-bdcb/1ed2.eac2.1bca1.1b3.5,1
2/-d-bdcc/2d2.eac2.1bca1.1b3.5,-1
1/-e-bdcc/2d2.eac2.1bc2.1b3.5,1
2/-e-becc/2d2.eac2.1b3.1b3.5,-1
1/-e-bdcc/2d2.ea3.1b3.1b3.5,1
2/-d-bdcc/2d2.e4.1b3.1b3.5,-1
1/-d-cdcc/2d2.e4.5.1b3.5,1
2/-d-bdcc/2d2.e4.5.5.5,-1
1/-d-bdbc/5.e4.5.5.5,1
2/-d-bdbd/5.5.5.5.5,-1
1/aaaaa/ddbae.ecbca.cbedd.aacde.ceabb,1
2/aaaab/ddba1.ecbca.cbedd.aacde.ceabb,-1
1/-caaab/ddb2.ecbc1.cbedd.aacde.ceabb,1
2/-cbaab/ddb2.ecbc1.cbedd.aacde.ceab1,-1
1/-cbaaa/ddb2.ecbc1.cbedd.aacd1.ceab1,1
2/-cbbaa/ddb2.ecbc1.cbedd.aacd1.1eab1,-1
1/-cabaa/dd3.ecbc1.cbedd.aacd1.1eab1,1
2/-cabca/5.ecbc1.cbedd.aacd1.1eab1,-1
1/-cabba/5.ecbc1.cbed1.aacd1.1eab1,1
2/-babba/5.ecbc1.cbed1.1acd1.1eab1,-1
1/-baaba/5.ecbc1.1bed1.1acd1.1eab1,1
2/-bbaba/5.ecbc1.1bed1.1acd1.1ea2,-1
1/-bbab-c/5.1cbc1.1bed1.1acd1.2a2,1
2/bbab-c/5.1cbc1.1bed1.2cd1.5,-1
1/bb-cb-c/5.2bc1.1bed1.3d1.5,1
2/bd-cb-c/5.3c1.2ed1.3d1.5,-1
1/bd-ca-c/5.3c1.2ed1.5.5,1
2/bd-cb-c/5.3c1.2e2.5.5,-1
1/bd-db-c/5.5.2e2.5.5,1
2/bd-db-b/5.5.5.5.5,-1
1/aaaaa/caaeb.aebec.debdc.dcadd.ebbca,1
2/aaaab/caaeb.aebec.debdc.dcadd.1bbca,-1
1/aaa-bb/caaeb.aebec.debdc.1cadd.1bbca,1
2/baa-bb/caaeb.aebec.debdc.1cadd.1bbc1,-1
1/ba-b-bb/1aaeb.aebec.debdc.1cadd.1bbc1,1
2/ca-b-bb/2aeb.aebec.debdc.1cadd.1bbc1,-1
1/ca-b-cb/2aeb.aebec.debdc.1cad1.1bbc1,1
2/caa-cb/2aeb.aebec.debd1.1cad1.1bbc1,-1
1/baa-cb/3eb.aebec.debd1.1cad1.1bbc1,1
2/bba-cb/3e1.aebec.debd1.1cad1.1bbc1,-1
1/bb-c-cb/3e1.aebe1.debd1.1cad1.1bb2,1
2/bb-c-bb/3e1.aebe1.debd1.1ca2.1bb2,-1
1/ba-c-bb/3e1.aebe1.debd1.1ca2.2b2,1
2/ca-c-bb/3e1.1ebe1.debd1.1ca2.2b2,-1
1/ca-c-ba/5.1ebe1.debd1.1ca2.2b2,1
2/ca-cba/5.1ebe1.1eb2.1ca2.2b2,-1
1/ca-cb-c/5.2b2.1eb2.1ca2.2b2,1
2/cc-cb-c/5.5.1eb2.1ca2.5,-1
1/bc-cb-c/5.5.1eb2.1c3.5,1
2/bd-cb-c/5.5.1e3.1c3.5,-1
1/bd-db-c/5.5.1e3.5.5,1
2/bd-db-b/5.5.5.5.5,-1
1/aaaaa/aabce.cceab.accdd.ddbae.bdbee,1
2/aaaab/aabc1.cceab.accdd.ddbae.bdbee,-1
1/a-baab/aabc1.ccea1.accdd.ddbae.bdbee,1
2/a-babb/aabc1.ccea1.accd1.ddbae.bdbee,-1
1/a-baba/aabc1.ccea1.accd1.ddba1.bdbee,1
2/aaaba/aabc1.ccea1.accd1.ddba1.1dbee,-1
1/aa-bba/aab2.ccea1.accd1.ddba1.1dbee,1
2/aa-bca/aab2.ccea1.accd1.ddba1.2bee,-1
1/a-b-bca/aa3.ccea1.accd1.ddba1.2bee,1
2/d-b-bca/5.cce2.accd1.ddba1.2bee,-1
1/d-b-cca/5.1ce2.accd1.ddba1.2bee,1
2/da-cca/5.1ce2.accd1.ddba1.3ee,-1
1/ca-cca/5.1ce2.1ccd1.ddba1.3ee,1
2/ca-bca/5.2e2.1ccd1.ddba1.3ee,-1
1/ca-cca/5.2e2.2cd1.ddba1.3ee,1
2/ca-cda/5.2e2.2cd1.1dba1.3ee,-1
1/ca-cca/5.2e2.2c2.1dba1.3ee,1
2/da-cca/5.2e2.2c2.1db2.3ee,-1
1/d-b-cca/5.2e2.2c2.1d3.3ee,1
2/d-b-ccc/5.5.2c2.1d3.4e,-1
1/d-b-dcc/5.5.5.1d3.4e,1
2/d-b-ddc/5.5.5.5.4e,-1
1/d-b-ddb/5.5.5.5.5,1
1/aaaaa/ececc.eaeba.babad.dbcad.cbdde,1
2/aabaa/ecec1.eaeba.babad.dbcad.cbdde,-1
1/aaba-b/ecec1.eaeba.babad.dbcad.cbdd1,1
2/aabc-b/ecec1.eaeba.babad.dbca1.cbd2,-1
1/aabb-b/ecec1.eaeba.babad.dbca1.cb3,1
2/aabba/1cec1.eaeba.babad.dbca1.cb3,-1
1/aa-cba/2e2.eaeba.babad.dbca1.1b3,1
2/aa-cbb/2e2.1aeba.babad.dbca1.1b3,-1
1/-ca-cbb/2e2.2eba.babad.dbc2.1b3,1
2/-cb-cbb/2e2.2eba.1abad.dbc2.1b3,-1
1/-db-cbb/2e2.2eb1.1abad.dbc2.1b3,1
2/-cb-cbb/2e2.2eb1.2bad.dbc2.1b3,-1
1/-cb-c-bb/2e2.2eb1.2ba1.1bc2.1b3,1
2/-ce-c-bb/2e2.2e2.2ba1.2c2.5,-1
1/-ce-c-ba/5.2e2.2ba1.2c2.5,1
2/-be-c-ba/5.2e2.2b2.2c2.5,-1
1/-be-d-ba/5.2e2.2b2.5.5,1
2/-bf-d-ba/5.2e2.5.5.5,-1
1/aaaaa/cebdb.acebe.cdbaa.eaced.bcdad,-1
2/aaaba/cebdb.acebe.cdbaa.eaced.bcda1,1
1/a-baba/cebdb.acebe.cdbaa.eaced.1cda1,-1
2/a-bbba/1ebdb.acebe.cdbaa.eaced.1cda1,1
1/-b-bbba/1ebdb.1cebe.cdbaa.eaced.1cda1,-1
2/a-bbba/1ebdb.1cebe.cdbaa.eaced.1cd2,1
1/a-cbba/1ebd1.1cebe.cdbaa.eaced.1cd2,-1
2/a-ccba/1ebd1.1cebe.1dbaa.eaced.1cd2,1
1/a-cc-ba/1eb2.1cebe.1dbaa.eace1.1cd2,-1
2/a-cc-bb/2b2.1cebe.1dbaa.eace1.1cd2,1
1/a-cc-ba/2b2.1ceb1.1dbaa.eace1.1cd2,-1
2/a-cd-ba/2b2.1ceb1.1dbaa.eace1.2d2,1
1/a-dd-ba/2b2.1ce2.1dbaa.eace1.2d2,-1
2/a-ddaa/2b2.1ce2.1dbaa.eace1.5,1
1/a-dcaa/2b2.2e2.1dbaa.eace1.5,-1
2/a-dcba/2b2.2e2.2baa.eace1.5,1
1/a-ecba/5.2e2.2baa.eace1.5,-1
2/a-ecbb/5.2e2.2baa.eac2.5,1
1/a-ecba/5.2e2.2baa.1ac2.5,-1
2/b-ecba/5.2e2.2baa.2c2.5,1
1/b-ecb-b/5.5.2baa.2c2.5,-1
2/b-dcb-b/5.5.3aa.2c2.5,1
1/-b-dcb-b/5.5.5.2c2.5,-1
2/-b-ddb-b/5.5.5.5.5,1
1/aaaaa/adadb.ccbdc.dedae.abeac.cbbee,1
2/aaaab/adadb.ccbdc.dedae.abeac.cbbe1,-1
1/aa-bab/adadb.ccbdc.dedae.abeac.1bbe1,1
2/ab-bab/adad1.ccbdc.dedae.abeac.1bbe1,-1
1/ab-cab/adad1.ccbdc.dedae.abea1.1bbe1,1
2/ab-cac/adad1.ccbdc.dedae.abea1.1bb2,-1
1/-bb-cac/adad1.ccbdc.dedae.abe2.1bb2,1
2/-bb-bac/adad1.ccbd1.dedae.abe2.1bb2,-1
1/-bb-bab/adad1.ccbd1.deda1.abe2.1bb2,1
2/ab-bab/adad1.ccbd1.deda1.1be2.1bb2,-1
1/ab-b-bb/adad1.ccbd1.1eda1.1be2.1bb2,1
2/ad-b-bb/adad1.ccbd1.1eda1.1be2.5,-1
1/ad-b-ba/adad1.ccbd1.1eda1.1b3.5,1
2/ad-baa/ada2.ccbd1.1eda1.1b3.5,-1
1/ac-baa/ada2.ccbd1.1eda1.5.5,1
2/dc-baa/1d3.ccbd1.1ed2.5.5,-1
1/dc-b-ca/5.ccb2.1ed2.5.5,1
2/dca-ca/5.1cb2.1ed2.5.5,-1
1/dc-b-ca/5.2b2.1ed2.5.5,1
2/dc-b-cb/5.2b2.2d2.5.5,-1
1/db-b-cb/5.5.2d2.5.5,1
2/db-b-bb/5.5.5.5.5,-1
1/aaaaa/eadcb.acdae.cbcbe.dcabb.edead,1
2/aaaac/1adcb.acdae.cbcbe.dcabb.1dead,-1
1/-baaac/2dcb.acdae.cbcbe.dcabb.1dead,1
2/-baacc/3cb.acdae.cbcbe.1cabb.1dead,-1
1/-baabc/3cb.acdae.cbcbe.1cabb.2ead,1
2/aaabc/3cb.1cdae.cbcbe.1cabb.2ead,-1
1/aa-bbc/3cb.1cdae.1bcbe.1cabb.2ead,1
2/aabbc/4b.1cdae.1bcbe.2abb.2ead,-1
1/a-bbbc/5.1cdae.1bcbe.2abb.2ead,1
2/aabbc/5.1cdae.2cbe.2abb.2ead,-1
1/aabbb/5.1cdae.2cbe.2abb.3ad,1
2/aabcb/5.1cdae.2cbe.2abb.3a1,-1
1/a-bbcb/5.1cdae.2cbe.2ab1.3a1,1
2/c-bbcb/5.1cdae.2cbe.3b1.5,-1
1/c-bbc-b/5.1cda1.2cb1.3b1.5,1
2/c-bcc-b/5.2da1.2cb1.3b1.5,-1
1/b-bcc-b/5.2d2.2cb1.3b1.5,1
2/bacc-b/5.2d2.2c2.3b1.5,-1
1/b-bcc-b/5.2d2.2c2.5.5,1
2/b-bdc-b/5.2d2.5.5.5,-1
1/b-bdb-b/5.5.5.5.5,1
1/aaaaa/cbabe.ceacb.bccbe.ddeaa.ddade,-1
2/aaaab/cbabe.ceacb.bccbe.ddeaa.ddad1,1
1/aaa-bb/cbabe.ceacb.bccbe.ddeaa.1dad1,-1
2/aaaab/cbabe.ceacb.bccbe.1deaa.1dad1,1
1/aaa-bb/cbabe.ceacb.bccbe.1deaa.1da2,-1
2/baa-bb/cbabe.ceacb.bccbe.1dea1.1da2,1
1/baa-ba/cbab1.ceacb.bccbe.1dea1.1da2,-1
2/caa-ba/cbab1.ceacb.bccbe.1de2.1da2,1
1/c-ca-ba/cbab1.ceac1.1ccbe.1de2.1da2,-1
2/c-cb-ba/1bab1.ceac1.1ccbe.1de2.1da2,1
1/c-eb-ba/2a2.ceac1.1ccbe.1de2.1da2,-1
2/e-eb-ba/5.ceac1.1ccbe.1de2.1d3,1
1/e-eb-b-c/5.ceac1.1ccb1.1d3.1d3,-1
2/e-db-b-c/5.ceac1.1cc2.1d3.1d3,1
1/e-da-b-c/5.ceac1.1c3.1d3.1d3,-1
2/e-daa-c/5.ceac1.1c3.1d3.5,1
1/e-d-ba-c/5.1eac1.1c3.1d3.5,-1
2/e-d-bb-c/5.1eac1.1c3.5.5,1
1/e-d-cb-c/5.1eac1.5.5.5,-1
2/e-d-bb-c/5.1ea2.5.5.5,1
1/d-d-bb-c/5.1e3.5.5.5,-1
2/d-d-bb-b/5.5.5.5.5,1
1/aaaaa/eabdb.edcec.caaad.bdacc.eedbb,1
2/aaaab/eabdb.edcec.caaad.bdacc.1edbb,-1
1/a-baab/eabdb.edcec.caaad.1dacc.1edbb,1
2/abaab/eabd1.edcec.caaad.1dacc.1edb1,-1
1/abaa-b/1abd1.edcec.caaad.1dacc.2db1,1
2/abba-b/1abd1.edce1.caaad.1dacc.2db1,-1
1/aaba-b/1abd1.edce1.caaad.1dacc.2d2,1
2/aaca-b/1abd1.edce1.1aaad.1dacc.2d2,-1
1/aac-b-b/1ab2.edce1.1aaad.1dacc.2d2,1
2/abc-b-b/1a3.edce1.1aaad.1dacc.2d2,-1
1/abc-e-b/1a3.edce1.1aaa1.2acc.5,1
2/dbc-e-b/5.edce1.2aa1.3cc.5,-1
1/cbc-e-b/5.edce1.3a1.3cc.5,1
2/cbe-e-b/5.edce1.3a1.5.5,-1
1/bbe-e-b/5.edce1.5.5.5,1
2/bbe-ea/5.edc2.5.5.5,-1
1/bbd-ea/5.ed3.5.5.5,1
2/bbd-da/5.e4.5.5.5,-1
1/bbd-d-b/5.5.5.5.5,1
1/aaaaa/bbece.ccdcb.debde.aeaac.dbdaa,-1
2/aaaab/bbec1.ccdcb.debde.aeaac.dbdaa,1
1/a-baab/bbec1.ccdc1.debde.aeaac.dbdaa,-1
2/a-babb/bbec1.ccdc1.debde.aeaac.1bdaa,1
1/a-cabb/bbec1.ccdc1.debde.aeaac.2daa,-1
2/a-cbbb/bbe2.ccdc1.debde.aeaac.2daa,1
1/a-cabb/bbe2.ccd2.debde.aeaac.2daa,-1
2/b-cabb/bbe2.ccd2.debde.1eaac.2daa,1
1/b-cab-b/bb3.ccd2.debde.2aac.2daa,-1
2/b-cac-b/bb3.ccd2.debde.2aac.3aa,1
1/a-cac-b/bb3.ccd2.debde.3ac.3aa,-1
2/a-bac-b/1b3.ccd2.debde.3ac.3aa,1
1/-c-bac-b/1b3.ccd2.debde.3ac.5,-1
2/-c-bae-b/1b3.cc3.1ebde.3ac.5,1
1/-c-cae-b/5.cc3.1ebde.3ac.5,-1
2/-c-cce-b/5.5.1ebde.3ac.5,1
1/-c-cce-c/5.5.2bde.3ac.5,-1
2/-c-cde-c/5.5.2bde.3a1.5,1
1/-d-cde-c/5.5.2bde.5.5,-1
2/-d-bde-c/5.5.3de.5.5,1
1/-d-bdd-c/5.5.4e.5.5,-1
2/-d-bdd-b/5.5.5.5.5,1
1/aaaaa/debae.dbacc.ebdaa.ccdec.bdeab,-1
2/aaaab/deba1.dbacc.ebdaa.ccdec.bdeab,1
1/-baaab/deb2.dbacc.ebdaa.ccdec.bdeab,-1
2/-bbaab/de3.dbacc.ebdaa.ccdec.bdeab,1
1/-bbaaa/d4.dbacc.ebdaa.ccdec.bdeab,-1
2/-bbbaa/d4.dbac1.ebdaa.ccdec.bdeab,1
1/-cbbaa/d4.dbac1.ebda1.ccdec.bdeab,-1
2/-ccbaa/d4.dbac1.ebda1.ccdec.1deab,1
1/-cbbaa/d4.dbac1.ebda1.ccdec.1dea1,-1
2/-bbbaa/d4.dbac1.ebda1.ccdec.1de2,1
1/-bb-baa/d4.dba2.ebda1.ccde1.1de2,-1
2/bb-baa/d4.db3.ebd2.ccde1.1de2,1
1/bb-b-da/5.db3.eb3.ccde1.2e2,-1
2/bc-b-da/5.d4.eb3.ccde1.2e2,1
1/bb-b-da/5.d4.e4.ccde1.2e2,-1
2/bba-da/5.d4.e4.1cde1.2e2,1
1/bba-d-c/5.d4.5.1cd2.2e2,-1
2/bba-c-c/5.5.5.1cd2.2e2,1
1/bb-b-c-c/5.5.5.2d2.2e2,-1
2/bb-b-b-c/5.5.5.5.2e2,1
1/bb-b-b-d/5.5.5.5.5,-1
1/aaaaa/cdbce.eaada.ecadb.dbecd.cebba,1
2/aaaab/cdbc1.eaada.ecadb.dbecd.cebba,-1
1/-baaab/cdbc1.eaada.ecadb.dbecd.cebb1,1
2/aaaab/cdbc1.eaad1.ecadb.dbecd.cebb1,-1
1/a-caab/cdbc1.eaad1.ecad1.dbecd.ceb2,1
2/a-baab/cdbc1.eaad1.ecad1.dbecd.ce3,-1
1/a-baaa/cdbc1.eaad1.ecad1.dbecd.c4,1
2/a-bdaa/1db2.eaad1.ecad1.dbecd.5,-1
1/a-bd-da/2b2.eaa2.ecad1.dbec1.5,1
2/a-bd-ca/2b2.eaa2.ecad1.1bec1.5,-1
1/a-bc-ca/2b2.eaa2.ecad1.1be2.5,1
2/a-bc-cc/2b2.1aa2.1cad1.1be2.5,-1
1/a-cc-cc/2b2.1aa2.1cad1.2e2.5,1
2/b-cc-cc/2b2.2a2.1cad1.2e2.5,-1
1/b-dc-cc/5.2a2.1cad1.2e2.5,1
2/c-dc-cc/5.5.1cad1.2e2.5,-1
1/c-db-cc/5.5.2ad1.2e2.5,1
2/d-db-cc/5.5.3d1.2e2.5,-1
1/d-db-dc/5.5.5.2e2.5,1
2/d-db-dd/5.5.5.5.5,-1
1/aaaaa/cecbe.bbbdd.caecd.dbaca.deeaa,-1
2/aabaa/1ecbe.bbbdd.caecd.dbaca.deeaa,1
1/aaba-b/2cbe.bbbdd.caecd.dbaca.deeaa,-1
2/baba-b/2cbe.bbbdd.caecd.dbaca.deea1,1
1/bab-b-b/2cbe.bbbdd.caecd.dbaca.1eea1,-1
2/bab-ba/2cbe.bbbdd.caecd.dbaca.2ea1,1
1/b-bb-ba/2cbe.1bbdd.caecd.dbaca.2ea1,-1
2/c-bb-ba/2cbe.1bbdd.caecd.dbaca.2e2,1
1/c-b-b-ba/3be.1bbdd.1aecd.dbaca.2e2,-1
2/ca-b-ba/3be.2bdd.1aecd.dbaca.2e2,1
1/c-b-b-ba/4e.2bdd.1aecd.dbaca.2e2,-1
2/d-b-b-ba/4e.2bdd.1aecd.dbac1.2e2,1
1/c-b-b-ba/4e.2bdd.2ecd.dbac1.2e2,-1
2/c-b-baa/4e.2bdd.2ecd.1bac1.2e2,1
1/c-b-ba-c/5.2bdd.2ecd.1bac1.5,-1
2/c-b-bc-c/5.2bd1.2ec1.1bac1.5,1
1/c-d-bc-c/5.3d1.2ec1.2ac1.5,-1
2/c-dac-c/5.3d1.2ec1.2a2.5,1
1/c-d-bc-c/5.3d1.2e2.2a2.5,-1
2/d-d-bc-c/5.3d1.2e2.5.5,1
1/d-d-bb-c/5.5.2e2.5.5,-1
2/d-d-bb-b/5.5.5.5.5,1
1/aaaaa/dcaea.eeded.baedc.cdbbb.cbaca,-1
2/baaaa/dcaea.eeded.baedc.cdbbb.cbac1,1
1/ba-caa/dcaea.eeded.baedc.cdbbb.1ba2,-1
2/ba-baa/dcaea.eeded.baedc.1dbbb.1ba2,1
1/b-c-baa/dcaea.eeded.baedc.1dbb1.2a2,-1
2/b-c-bca/1caea.eeded.baedc.2bb1.2a2,1
1/b-e-bca/1caea.eeded.1aedc.2b2.2a2,-1
2/c-e-bca/1caea.eeded.2edc.2b2.2a2,1
1/c-e-cca/1caea.eeded.2ed1.2b2.2a2,-1
2/c-e-ccb/1caea.1eded.2ed1.2b2.2a2,1
1/c-e-cbb/1caea.1ede1.2ed1.2b2.2a2,-1
2/d-e-cbb/1cae1.1ede1.2ed1.2b2.2a2,1
1/d-e-cba/1cae1.2de1.2ed1.2b2.2a2,-1
2/d-e-cbb/1ca2.2de1.2ed1.2b2.2a2,1
1/b-e-cbb/1c3.2de1.2ed1.2b2.5,-1
2/b-d-cbb/1c3.2de1.2ed1.5.5,1
1/b-d-cab/1c3.2de1.2e2.5.5,-1
2/b-d-cac/1c3.2d2.2e2.5.5,1
1/b-d-c-bc/1c3.5.2e2.5.5,-1
2/b-d-b-bc/5.5.2e2.5.5,1
1/b-d-b-bb/5.5.5.5.5,-1
1/aaaaa/bedee.aebcd.eadcb.cadbb.caadc,-1
2/aaaab/bede1.aebcd.eadcb.cadbb.caadc,1
1/aa-cab/bede1.aebcd.eadcb.cadbb.1aad1,-1
2/ac-cab/1ede1.aebcd.eadcb.cadb1.1aad1,1
1/ac-c-bb/1ede1.aebc1.eadcb.cadb1.1aad1,-1
2/bc-c-bb/1ede1.1ebc1.eadcb.cadb1.1aad1,1
1/bc-c-b-b/1ed2.1ebc1.1adcb.cadb1.1aad1,-1
2/bc-ca-b/1e3.1ebc1.1adcb.cadb1.1aad1,1
1/bc-da-b/1e3.1eb2.1adcb.cadb1.1aad1,-1
2/cc-da-b/1e3.1eb2.1adcb.cadb1.2ad1,1
1/ca-da-b/1e3.1e3.1adc1.cadb1.2ad1,-1
2/ca-ca-b/1e3.1e3.1adc1.1adb1.2ad1,1
1/ba-ca-b/1e3.1e3.1adc1.1adb1.3d1,-1
2/ca-ca-b/1e3.1e3.1adc1.2db1.3d1,1
1/ca-c-b-b/1e3.1e3.1adc1.3b1.3d1,-1
2/ca-ca-b/1e3.1e3.1adc1.3b1.5,1
1/c-b-ca-b/1e3.1e3.1adc1.5.5,-1
2/d-b-ca-b/1e3.1e3.2dc1.5.5,1
1/d-b-da-b/1e3.1e3.2d2.5.5,-1
2/d-b-db-b/1e3.1e3.5.5.5,1
1/d-b-db-c/5.1e3.5.5.5,-1
2/d-b-db-b/5.5.5.5.5,1
1/aaaaa/ddcce.dabbc.aaebe.beaed.abccd,-1
2/aaaca/1dcce.dabbc.aaebe.beaed.abcc1,1
1/aaaba/1dcce.1abbc.aaebe.beaed.abcc1,-1
2/baaba/1dcce.1abbc.1aebe.beaed.abcc1,1
1/baaaa/2cce.1abbc.1aebe.beaed.abcc1,-1
2/bbaaa/2cce.1abbc.1aebe.1eaed.abcc1,1
1/bb-baa/2cce.1abbc.1aebe.1eaed.abc2,-1
2/bbaaa/3ce.1abbc.1aebe.1eaed.abc2,1
1/bb-baa/4e.1abbc.1aebe.1eaed.abc2,-1
2/bb-bab/5.1abbc.1aebe.1eaed.abc2,1
1/ab-bab/5.2bbc.1aebe.1eaed.abc2,-1
2/ac-bab/5.3bc.1aebe.1eaed.abc2,1
1/ac-cab/5.3b1.1aebe.1eaed.abc2,-1
2/bc-cab/5.3b1.2ebe.1eaed.abc2,1
1/bc-ca-c/5.3b1.3b1.2aed.abc2,-1
2/bd-ca-c/5.5.3b1.2aed.abc2,1
1/bc-ca-c/5.5.5.2aed.abc2,-1
2/bc-cb-c/5.5.5.2ae1.abc2,1
1/-bc-cb-c/5.5.5.3e1.1bc2,-1
2/-bd-cb-c/5.5.5.3e1.2c2,1
1/-bd-db-c/5.5.5.3e1.5,-1
2/-bd-db-b/5.5.5.5.5,1
1/aaaaa/eebbb.eacea.dadce.dcabc.adbcd,1
2/aaaab/1ebbb.eacea.dadce.dcabc.adbcd,-1
1/aaaaa/2bbb.eacea.dadce.dcabc.adbcd,1
2/abaaa/3bb.eacea.dadce.dcabc.adbcd,-1
1/-bbaaa/3bb.eacea.dadce.dcabc.1dbcd,1
2/-bbaba/3bb.eacea.dadce.1cabc.1dbcd,-1
1/-b-baba/5.eacea.dadce.1cabc.1dbcd,1
2/-b-baca/5.eacea.1adce.1cabc.1dbcd,-1
1/-b-baaa/5.eacea.1adce.1cabc.2bc1,1
2/-b-bdaa/5.eacea.1adce.2ab1.2b2,-1
1/-c-bdaa/5.eace1.1adce.2ab1.2b2,1
2/-cbdaa/5.eace1.1adce.2a2.5,-1
1/-dbdaa/5.eace1.1adce.5.5,1
2/-dbdac/5.eac2.1adc1.5.5,-1
1/-dbcac/5.eac2.1ad2.5.5,1
2/-cbcac/5.eac2.2d2.5.5,-1
1/-cbbac/5.ea3.2d2.5.5,1
2/-bbbac/5.e4.2d2.5.5,-1
1/-bbb-bc/5.e4.5.5.5,1
2/-bbb-bd/5.5.5.5.5,-1
1/aaaaa/cdbde.bcdac.ebaae.ecabe.cbdad,-1
2/aaaab/cdbd1.bcdac.ebaae.ecabe.cbdad,1
1/aa-cab/1dbd1.bcdac.ebaae.ecabe.1bdad,-1
2/aa-cbb/2bd1.bcdac.ebaae.ecabe.1bdad,1
1/a-b-cbb/2bd1.1cdac.ebaae.ecabe.1bdad,-1
2/a-b-bbb/2bd1.2dac.ebaae.ecabe.1bdad,1
1/a-c-bbb/3d1.2dac.ebaae.ecabe.1bdad,-1
2/a-c-bcb/3d1.3ac.ebaae.ecabe.1bdad,1
1/a-c-bbb/5.3ac.ebaae.ecabe.1bdad,-1
2/a-c-bbc/5.3ac.1baae.ecabe.1bdad,1
1/a-d-bbc/5.3ac.1baae.ecabe.2dad,-1
2/a-d-bcc/5.3ac.1baae.ecabe.2da1,1
1/a-d-bcb/5.3ac.1baae.ecab1.2da1,-1
2/a-dacb/5.3a1.1baae.ecab1.2da1,1
1/a-eacb/5.3a1.2aae.ecab1.2da1,-1
2/b-eacb/5.3a1.3ae.ecab1.2da1,1
1/b-eabb/5.3a1.3ae.ecab1.3a1,-1
2/b-eabc/5.3a1.3a1.ecab1.3a1,1
1/a-eabc/5.5.3a1.ecab1.3a1,-1
2/a-eabd/5.5.3a1.1cab1.3a1,1
1/-c-eabd/5.5.5.1cab1.5,-1
2/-c-dabd/5.5.5.1ca2.5,1
1/-c-d-bbd/5.5.5.2a2.5,-1
2/-b-d-bbd/5.5.5.5.5,1
1/aaaaa/deceb.daaeb.ccced.daaba.bcdeb,-1
2/acaaa/dece1.daaeb.ccced.daaba.1cdeb,1
1/aca-ba/dece1.daaeb.ccced.1aaba.1cdeb,-1
2/ada-ba/dece1.daaeb.ccced.1aaba.1cde1,1
1/ada-ca/1ece1.daaeb.ccced.1aaba.1cde1,-1
2/ada-ba/1ece1.1aaeb.ccced.1aaba.1cde1,1
1/ada-b-c/2c2.1aaeb.ccced.1aaba.1cde1,-1
2/bda-b-c/2c2.1aaeb.ccced.1aab1.1cde1,1
1/bd-d-b-c/5.1aaeb.1cced.1aab1.2de1,-1
2/be-d-b-c/5.1aae1.1cced.1aab1.2de1,1
1/be-d-b-d/5.1aa2.1cced.1aab1.2de1,-1
2/be-d-b-c/5.1aa2.1cced.1aab1.2d2,1
1/bd-d-b-c/5.1aa2.1cced.1aa2.2d2,-1
2/bd-da-c/5.1aa2.1cce1.1aa2.2d2,1
1/-bd-da-c/5.5.1cce1.1aa2.2d2,-1
2/ad-da-c/5.5.1cce1.2a2.2d2,1
1/ad-ea-c/5.5.2ce1.2a2.2d2,-1
2/ad-da-c/5.5.3e1.2a2.2d2,1
1/-bd-da-c/5.5.3e1.5.2d2,-1
2/-bd-db-c/5.5.3e1.5.5,1
1/-bd-db-d/5.5.5.5.5,-1
1/aaaaa/decad.eaccb.cddee.cabeb.adabb,-1
2/baaaa/decad.eaccb.cddee.cabeb.1dabb,1
1/baa-ca/1eca1.eaccb.cddee.cabeb.1dabb,-1
2/baa-cb/2ca1.eaccb.cddee.cabeb.1dabb,1
1/aaa-cb/2c2.eaccb.cddee.cabeb.1dabb,-1
2/aba-cb/2c2.eaccb.cddee.cabeb.1dab1,1
1/a-ca-cb/2c2.eacc1.cddee.cabe1.1da2,-1
2/a-cb-cb/5.eacc1.cddee.cabe1.1da2,1
1/a-c-b-cb/5.eac2.cddee.1abe1.1da2,-1
2/a-c-b-cd/5.1ac2.cdde1.1abe1.1da2,1
1/a-c-b-cc/5.1ac2.cdd2.1abe1.1da2,-1
2/a-cb-cc/5.1a3.1dd2.1abe1.1da2,1
1/a-cb-dc/5.1a3.1dd2.1abe1.2a2,-1
2/a-cb-cc/5.1a3.1d3.1abe1.2a2,1
1/-c-cb-cc/5.5.1d3.2be1.2a2,-1
2/-b-cb-cc/5.5.1d3.2be1.5,1
1/-b-db-cc/5.5.1d3.3e1.5,-1
2/-b-db-bc/5.5.5.3e1.5,1
1/-b-db-bb/5.5.5.5.5,-1
1/aaaaa/cbbdc.adeda.ebaab.ccbec.adeed,1
2/aabaa/1bbdc.adeda.ebaab.ccbec.adeed,-1
1/-babaa/1bbdc.1deda.ebaab.ccbec.adeed,1
2/aabaa/1bbdc.1deda.ebaab.ccbec.1deed,-1
1/aab-ba/1bbdc.1deda.ebaab.ccbec.2eed,1
2/aabaa/1bbdc.1deda.ebaab.ccbec.2ee1,-1
1/aaaaa/1bbdc.1deda.ebaab.ccbe1.2ee1,1
2/abaaa/2bdc.1deda.ebaab.ccbe1.2ee1,-1
1/ab-baa/2bd1.1deda.ebaab.ccbe1.2ee1,1
2/abaaa/2bd1.1deda.ebaab.1cbe1.2ee1,-1
1/-bbaaa/2bd1.1ded1.ebaab.1cbe1.2ee1,1
2/-bbaba/2b2.1ded1.ebaab.1cbe1.2ee1,-1
1/-bb-bba/2b2.1ded1.ebaab.2be1.2ee1,1
2/-bb-bbb/2b2.1ded1.1baab.2be1.2ee1,-1
1/-bb-bab/2b2.1de2.1baab.2be1.2ee1,1
2/-bd-bab/5.1de2.2aab.2be1.2ee1,-1
1/-bd-ba-b/5.1d3.2aab.2be1.2e2,1
2/-bd-bb-b/5.5.2aab.2be1.2e2,-1
1/-bc-bb-b/5.5.2aa1.2be1.2e2,1
2/ac-bb-b/5.5.3a1.2be1.2e2,-1
1/ac-bb-c/5.5.3a1.2b2.2e2,1
2/bc-bb-c/5.5.5.2b2.2e2,-1
1/bb-bb-c/5.5.5.5.2e2,1
2/bb-bb-b/5.5.5.5.5,-1
1/aaaaa/edbab.adbbd.aacec.deccc.adbee,1
2/aaaac/1dbab.adbbd.aacec.deccc.adbe1,-1
1/aaa-bc/2bab.adbbd.aacec.deccc.adbe1,1
2/baa-bc/2bab.adbbd.aacec.deccc.1dbe1,-1
1/baa-cc/2bab.adbbd.aacec.1eccc.1dbe1,1
2/baa-bc/2bab.adbbd.aacec.1eccc.2be1,-1
1/baa-bb/2bab.adbbd.aacec.2ccc.2be1,1
2/daa-bb/2bab.1dbbd.1acec.2ccc.2be1,-1
1/caa-bb/2bab.1dbbd.2cec.2ccc.2be1,1
2/cca-bb/3a1.1dbbd.2cec.2ccc.2be1,-1
1/cc-b-bb/3a1.1dbbd.2cec.2cc1.2be1,1
2/cd-b-bb/3a1.1dbbd.2cec.2cc1.3e1,-1
1/cd-d-bb/3a1.1dbbd.2ce1.3c1.3e1,1
2/cd-dbb/3a1.2bb1.2ce1.3c1.3e1,-1
1/cd-ebb/3a1.2bb1.3e1.3c1.3e1,1
2/ce-ebb/3a1.3b1.3e1.3c1.3e1,-1
1/be-ebb/5.3b1.3e1.3c1.3e1,1
2/bf-ebb/5.5.3e1.3c1.3e1,-1
1/aaaaa/aaddd.abcbb.bebea.cdeae.cedcc,1
2/aacaa/aaddd.abcbb.bebea.cdeae.1edc1,-1
1/aaca-b/aaddd.abcbb.bebea.cdea1.1edc1,1
2/aada-b/aaddd.abcbb.bebea.cdea1.1ed2,-1
1/-dada-b/1addd.abcbb.bebe1.cde2.1ed2,1
2/-bada-b/2ddd.1bcbb.bebe1.cde2.1ed2,-1
1/-baca-b/2ddd.1bcbb.bebe1.1de2.1ed2,1
2/-bcca-b/2ddd.2cbb.1ebe1.1de2.1ed2,-1
1/-bcc-b-b/3dd.2cbb.1ebe1.1de2.1ed2,1
2/-bcca-b/3d1.2cbb.1ebe1.1de2.1ed2,-1
1/-bcca-c/3d1.2cbb.2be1.1de2.1ed2,1
2/-bcca-b/3d1.2cbb.2b2.1de2.1ed2,-1
1/-bcc-c-b/3d1.2cbb.2b2.2e2.1e3,1
2/-bcc-cb/3d1.2cbb.2b2.5.5,-1
1/-bac-cb/3d1.2cb1.5.5.5,1
2/-bbc-cb/3d1.2c2.5.5.5,-1
1/-bbb-cb/3d1.5.5.5.5,1
2/-bbb-bb/5.5.5.5.5,-1
1/aaaaa/cbdcd.cbabe.bdaad.caede.eeabc,1
2/aaaba/cbdc1.cbabe.bdaad.caede.eeabc,-1
1/aa-cba/1bd2.cbabe.bdaad.caede.eeabc,1
2/aa-cbb/1bd2.cbab1.bdaad.caede.eeabc,-1
1/aa-dbb/1bd2.1bab1.bdaad.caede.eeabc,1
2/aa-cbb/1bd2.1bab1.bdaad.caede.eeab1,-1
1/a-b-cbb/1bd2.1ba2.bdaad.caede.eeab1,1
2/aa-cbb/2d2.1ba2.bdaad.caede.eeab1,-1
1/a-c-cbb/2d2.1ba2.1daad.caede.eea2,1
2/a-c-ccb/5.1ba2.1daad.caede.eea2,-1
1/a-c-cbb/5.1ba2.1daa1.caede.eea2,1
2/d-c-cbb/5.1b3.1da2.caede.ee3,-1
1/d-c-cb-b/5.1b3.1da2.caede.5,1
2/e-c-cb-b/5.1b3.1d3.caede.5,-1
1/e-c-cb-c/5.1b3.1d3.caed1.5,1
2/e-c-cc-c/5.1b3.1d3.cae2.5,-1
1/e-d-cc-c/5.5.1d3.cae2.5,1
2/e-d-cd-c/5.5.5.cae2.5,-1
1/e-d-dd-c/5.5.5.1ae2.5,1
2/f-d-dd-c/5.5.5.2e2.5,-1
1/aaaaa/acddd.ebcba.abeca.daceb.deecb,1
2/aaaca/acdd1.ebcba.abeca.daceb.1eecb,-1
1/aaaba/acd2.ebcba.abeca.daceb.1eecb,1
2/aaaca/ac3.ebcba.abeca.daceb.1eecb,-1
1/aaac-b/ac3.ebcba.abeca.daceb.2ecb,1
2/aaaca/ac3.ebcba.abeca.daceb.3cb,-1
1/aaaba/ac3.ebcba.abeca.1aceb.3cb,1
2/daaba/1c3.ebcb1.1beca.1aceb.3cb,-1
1/caaba/1c3.ebcb1.1bec1.1aceb.3cb,1
2/daaba/1c3.ebcb1.1bec1.2ceb.3cb,-1
1/d-daba/1c3.ebcb1.2ec1.2ce1.3c1,1
2/d-dbba/1c3.ebcb1.2ec1.3e1.3c1,-1
1/d-d-bba/5.ebcb1.2ec1.3e1.5,1
2/d-d-bbc/5.ebcb1.3c1.5.5,-1
1/d-e-bbc/5.ebc2.3c1.5.5,1
2/d-eabc/5.ebc2.5.5.5,-1
1/d-e-bbc/5.eb3.5.5.5,1
2/d-d-bbc/5.e4.5.5.5,-1
1/d-d-bbb/5.5.5.5.5,1
1/aaaaa/aeabb.aecab.cdccd.eebdd.cedba,-1
2/baaaa/aeabb.aecab.cdccd.eebdd.cedb1,1
1/b-caaa/aeab1.aecab.cdccd.eebdd.ced2,-1
2/c-caaa/1eab1.aecab.cdccd.eebdd.ced2,1
1/b-caaa/1eab1.1ecab.cdccd.eebdd.ced2,-1
2/b-baaa/1eab1.1eca1.cdccd.eebdd.ced2,1
1/b-ba-ba/1eab1.1eca1.cdccd.eebd1.ced2,-1
2/b-bc-ba/1eab1.1eca1.1dccd.eebd1.1ed2,1
1/b-bc-da/1eab1.1eca1.1dcc1.eeb2.1ed2,-1
2/b-bd-da/1eab1.1eca1.1dc2.eeb2.1ed2,1
1/b-bd-d-c/1eab1.1eca1.1dc2.1eb2.2d2,-1
2/b-bd-c-c/1eab1.1eca1.1dc2.1eb2.5,1
1/b-bd-c-d/2ab1.1eca1.1dc2.1eb2.5,-1
2/b-bd-c-c/2ab1.2ca1.1dc2.1eb2.5,1
1/-b-bd-c-c/3b1.2c2.1dc2.1eb2.5,-1
2/-b-be-c-c/3b1.5.1dc2.1eb2.5,1
1/-b-bd-c-c/3b1.5.1d3.1eb2.5,-1
2/-bad-c-c/5.5.1d3.1eb2.5,1
1/-b-bd-c-c/5.5.1d3.1e3.5,-1
2/-b-bd-b-c/5.5.5.1e3.5,1
1/-b-bd-b-d/5.5.5.5.5,-1
1/aaaaa/dbeec.dcdbd.eabad.eaabb.aeccc,-1
2/aabaa/dbeec.dcdbd.eabad.eaabb.aecc1,1
1/-babaa/dbeec.dcdbd.eabad.eaabb.1ecc1,-1
2/-babab/dbeec.dcdbd.eabad.1aabb.1ecc1,1
1/-babaa/dbeec.dcdbd.1abad.1aabb.1ecc1,-1
2/-bacaa/dbee1.dcdbd.1abad.1aabb.1ecc1,1
1/-bac-ba/dbee1.1cdbd.1abad.1aabb.1ecc1,-1
2/-bacaa/1bee1.1cdbd.1abad.1aabb.1ecc1,1
1/-b-ccaa/2ee1.1cdbd.1abad.1aab1.1ecc1,-1
2/-b-ceaa/2ee1.2dbd.1abad.1aab1.1ec2,1
1/-c-ceaa/2ee1.2dbd.2bad.1aab1.1ec2,-1
2/-b-ceaa/2ee1.2dbd.2bad.2ab1.1ec2,1
1/-b-cdaa/2ee1.2dbd.2bad.2ab1.1e3,-1
2/-b-cdac/3e1.2dbd.2bad.2ab1.5,1
1/-b-cd-cc/3e1.2db1.2ba1.2ab1.5,-1
2/-b-bd-cc/3e1.2db1.2ba1.2a2.5,1
1/-c-bd-cc/3e1.2db1.2b2.2a2.5,-1
2/-cad-cc/3e1.2d2.2b2.2a2.5,1
1/-cad-cb/5.2d2.2b2.2a2.5,-1
2/-bad-cb/5.2d2.2b2.5.5,1
1/-b-bd-cb/5.2d2.5.5.5,-1
2/-b-bd-bb/5.5.5.5.5,1
1/aaaaa/daedb.abcaa.abccc.eeebd.ddebc,1
2/aaaca/1aedb.abcaa.abccc.eeebd.1debc,-1
1/aaaba/1aedb.abcaa.abccc.eeebd.2ebc,1
2/caaba/2edb.1bcaa.abccc.eeebd.2ebc,-1
1/caab-b/2edb.1bcaa.abccc.1eebd.2ebc,1
2/daab-b/2edb.1bcaa.1bccc.1eebd.2ebc,-1
1/daab-d/3db.1bcaa.1bccc.2ebd.2ebc,1
2/daab-c/3db.1bcaa.1bccc.2ebd.3bc,-1
1/d-bab-c/3db.1bcaa.1bccc.2ebd.4c,1
2/dbab-c/3d1.2caa.1bccc.2ebd.4c,-1
1/dbaa-c/5.2caa.1bccc.2ebd.4c,1
2/ebaa-c/5.2ca1.1bccc.2ebd.4c,-1
1/dbaa-c/5.2c2.1bccc.2ebd.4c,1
2/dbba-c/5.5.1bccc.2ebd.4c,-1
1/dbaa-c/5.5.1bccc.2ebd.5,1
2/dcaa-c/5.5.2ccc.2ebd.5,-1
1/dca-b-c/5.5.2ccc.2eb1.5,1
2/dcc-b-c/5.5.3c1.2eb1.5,-1
1/dbc-b-c/5.5.3c1.2e2.5,1
2/dbd-b-c/5.5.5.2e2.5,-1
1/dbd-b-d/5.5.5.5.5,1
1/aaaaa/dacec.bddae.daeea.bdeba.cbbcc,-1
2/aabaa/dacec.bddae.daeea.bdeba.1bbcc,1
1/a-bbaa/dacec.bddae.daeea.bdeba.2bcc,-1
2/aabaa/dacec.bddae.daeea.bdeba.3cc,1
1/a-bbaa/dacec.bddae.daeea.1deba.3cc,-1
2/a-bcaa/dace1.bddae.daeea.1deba.3cc,1
1/a-bbaa/dace1.bddae.daeea.1deba.3c1,-1
2/b-bbaa/dace1.bddae.daeea.1deb1.3c1,1
1/b-bba-b/dac2.bddae.daeea.1deb1.3c1,-1
2/b-bca-b/da3.bddae.daeea.1deb1.3c1,1
1/b-bc-c-b/1a3.bddae.1aeea.1deb1.3c1,-1
2/b-bd-c-b/1a3.bddae.1aeea.1deb1.5,1
1/-b-bd-c-b/5.bddae.1aee1.1deb1.5,-1
2/-b-bd-b-b/5.bddae.1aee1.2eb1.5,1
1/-c-bd-b-b/5.bddae.2ee1.2eb1.5,-1
2/-c-bd-bb/5.bdda1.2ee1.3b1.5,1
1/-c-cd-bb/5.bdda1.2ee1.5.5,-1
2/-c-cd-bc/5.bdda1.2e2.5.5,1
1/-d-cd-bc/5.bdd2.2e2.5.5,-1
2/-d-cdac/5.bd3.2e2.5.5,1
1/-d-cd-bc/5.b4.2e2.5.5,-1
2/-d-bd-bc/5.5.2e2.5.5,1
1/-d-bd-bb/5.5.5.5.5,-1
1/aaaaa/bbaab.ebcbd.dadee.accdc.aceed,1
2/baaaa/bbaab.ebcbd.dadee.accdc.1ceed,-1
1/aaaaa/bbaab.ebcbd.dadee.1ccdc.1ceed,1
2/aaaba/bbaab.ebcbd.1adee.1ccdc.1ceed,-1
1/aaab-b/bbaab.1bcbd.1adee.1ccdc.1ceed,1
2/aaac-b/bbaab.1bcbd.1adee.1ccdc.1cee1,-1
1/a-bac-b/1baab.1bcbd.1adee.1ccdc.1cee1,1
2/a-baca/1baab.1bcbd.1adee.1ccdc.1ce2,-1
1/a-b-cca/1baab.1bcbd.1adee.1ccd1.2e2,1
2/aa-cca/2aab.1bcbd.1adee.1ccd1.2e2,-1
1/aa-cba/2aab.1bcbd.1adee.1cc2.2e2,1
2/aa-bba/2aab.1bcbd.1adee.2c2.2e2,-1
1/-ca-bba/3ab.1bcbd.2dee.2c2.2e2,1
2/-cc-bba/3a1.2cbd.2dee.2c2.2e2,-1
1/-cc-baa/3a1.2cb1.2dee.2c2.2e2,1
2/-cc-bac/3a1.2cb1.2de1.2c2.5,-1
1/-cc-cac/3a1.3b1.2de1.2c2.5,1
2/-cc-cbc/3a1.3b1.3e1.2c2.5,-1
1/-dc-cbc/5.3b1.3e1.2c2.5,1
2/-dd-cbc/5.5.3e1.2c2.5,-1
1/-dd-dbc/5.5.3e1.5.5,1
2/-dd-dbd/5.5.5.5.5,-1
1/aaaaa/edecc.cbbda.ceabe.dabae.dadcb,1
2/abaaa/edecc.cbbda.ceabe.dabae.dadc1,-1
1/abaa-b/edecc.cbbda.ceabe.daba1.dadc1,1
2/abaaa/1decc.cbbda.ceabe.daba1.dadc1,-1
1/ab-caa/1decc.1bbda.ceabe.daba1.dad2,1
2/ab-baa/1dec1.1bbda.ceabe.daba1.dad2,-1
1/-bb-baa/1dec1.1bbda.ceabe.dab2.dad2,1
2/-bb-bda/2ec1.1bbda.ceabe.dab2.1a3,-1
1/-bb-bca/2ec1.1bbda.ceabe.1ab2.1a3,1
2/ab-bca/2ec1.1bbd1.ceabe.1ab2.1a3,-1
1/aa-bca/2ec1.1bbd1.ceabe.1a3.1a3,1
2/aabca/2e2.1bbd1.1eabe.1a3.1a3,-1
1/-babca/2e2.1bbd1.1eabe.1a3.5,1
2/aabca/2e2.1bbd1.1eabe.5.5,-1
1/a-bbca/2e2.2bd1.1eabe.5.5,1
2/a-bbda/2e2.2b2.1eabe.5.5,-1
1/a-bbd-b/5.2b2.1eabe.5.5,1
2/aabd-b/5.5.1eabe.5.5,-1
1/aabd-c/5.5.2abe.5.5,1
2/babd-c/5.5.3be.5.5,-1
1/b-bbd-c/5.5.4e.5.5,1
2/b-bbd-b/5.5.5.5.5,-1
1/aaaaa/eaabd.ddcab.abdcd.ccbbe.caeee,-1
2/aaaac/1aabd.ddcab.abdcd.ccbbe.caee1,1
1/aaaab/1aabd.ddcab.abdcd.ccbb1.caee1,-1
2/aaabb/1aab1.ddcab.abdcd.ccbb1.caee1,1
1/aaa-bb/1aab1.1dcab.abdc1.ccbb1.caee1,-1
2/aca-bb/1aa2.1dca1.abdc1.ccbb1.caee1,1
1/-bca-bb/2a2.1dca1.abdc1.ccbb1.caee1,-1
2/bca-bb/5.1dca1.1bdc1.ccbb1.caee1,1
1/bc-c-bb/5.1dca1.1bdc1.1cbb1.1aee1,-1
2/cc-c-bb/5.1dca1.1bdc1.1cbb1.2ee1,1
1/cc-d-bb/5.1dca1.1bdc1.2bb1.2ee1,-1
2/cc-d-bd/5.1dca1.1bdc1.2bb1.5,1
1/c-b-d-bd/5.1dca1.2dc1.5.5,-1
2/c-b-c-bd/5.1dca1.2d2.5.5,1
1/c-b-c-cd/5.2ca1.2d2.5.5,-1
2/d-b-c-cd/5.2c2.2d2.5.5,1
1/d-b-d-cd/5.5.2d2.5.5,-1
2/d-b-d-bd/5.5.5.5.5,1
1/aaaaa/babad.dcddb.ebcca.aeeeb.caecd,1
2/aaaca/baba1.dcddb.ebcca.aeeeb.caec1,-1
1/a-baca/baba1.dcddb.ebcca.aeee1.caec1,1
2/b-baca/baba1.dcddb.ebcc1.aeee1.caec1,-1
1/b-caca/baba1.dcdd1.ebcc1.aeee1.caec1,1
2/c-caca/bab2.dcdd1.ebcc1.aeee1.caec1,-1
1/c-daca/1ab2.dcdd1.ebcc1.aeee1.caec1,1
2/c-caca/1a3.dcdd1.ebcc1.aeee1.caec1,-1
1/c-caba/1a3.1cdd1.ebcc1.aeee1.caec1,1
2/c-caca/1a3.1cd2.ebcc1.aeee1.caec1,-1
1/c-cac-b/1a3.1cd2.1bcc1.aeee1.caec1,1
2/d-cac-b/5.1cd2.1bcc1.aeee1.caec1,-1
1/d-c-dc-b/5.2d2.1bc2.aeee1.cae2,1
2/d-c-cc-b/5.2d2.1bc2.aeee1.1ae2,-1
1/c-c-cc-b/5.2d2.1bc2.aeee1.2e2,1
2/c-c-ccb/5.2d2.1bc2.aee2.5,-1
1/c-c-cca/5.2d2.1bc2.ae3.5,1
2/c-c-ccb/5.2d2.1bc2.a4.5,-1
1/b-c-ccb/5.2d2.1bc2.5.5,1
2/b-b-ccb/5.2d2.2c2.5.5,-1
1/b-b-dcb/5.2d2.5.5.5,1
2/b-b-ddb/5.5.5.5.5,-1
1/aaaaa/ebcde.debad.ceaaa.cdebb.ccadb,-1
2/aabaa/ebcde.debad.ceaaa.cdebb.1cadb,1
1/aaaaa/ebcde.debad.ceaaa.1debb.1cadb,-1
2/aacaa/ebcde.debad.1eaaa.1debb.2adb,1
1/a-bcaa/ebcde.debad.1eaaa.1debb.2ad1,-1
2/a-bcba/ebcde.debad.1eaaa.1debb.2a2,1
1/a-ccba/ebcde.debad.1eaaa.1deb1.2a2,-1
2/c-ccba/ebcde.debad.1eaa1.1deb1.5,1
1/c-dcba/ebcde.debad.1eaa1.1de2.5,-1
2/c-dcbb/1bcde.debad.1eaa1.1de2.5,1
1/c-dc-bb/1bcde.1eba1.1eaa1.1de2.5,-1
2/c-dcab/1bcde.1eba1.1eaa1.2e2.5,1
1/c-dca-c/1bcd1.1eba1.2aa1.5.5,-1
2/d-dca-c/1bcd1.1eba1.2a2.5.5,1
1/b-dca-c/1bcd1.1eb2.5.5.5,-1
2/b-cca-c/2cd1.1eb2.5.5.5,1
1/b-cc-b-c/2c2.1eb2.5.5.5,-1
2/b-bc-b-c/2c2.1e3.5.5.5,1
1/b-bb-b-c/5.1e3.5.5.5,-1
2/b-bb-b-b/5.5.5.5.5,1
1/aaaaa/bddae.cabca.bbcde.caced.edbea,-1
2/aaaab/bdda1.cabca.bbcde.caced.edbea,1
1/-caaab/bdda1.cabc1.bbcde.caced.edbe1,-1
2/-baaab/bdd2.cabc1.bbcde.caced.edbe1,1
1/-baaaa/bdd2.cabc1.bbcd1.caced.edbe1,-1
2/-baaca/bd3.cabc1.bbcd1.cace1.edbe1,1
1/-b-baca/1d3.cabc1.bbcd1.cace1.edbe1,-1
2/-b-bcca/1d3.1ab2.bbcd1.cace1.edbe1,1
1/-b-dcca/1d3.1a3.1bcd1.cace1.edbe1,-1
2/-b-dcea/5.1a3.1bc2.cace1.edbe1,1
1/-b-dbea/5.1a3.1b3.cace1.edbe1,-1
2/-b-dcea/5.1a3.1b3.1ace1.edbe1,1
1/-c-dcea/5.5.1b3.1ace1.edbe1,-1
2/-c-ccea/5.5.5.1ace1.edbe1,1
1/-c-cce-c/5.5.5.1ac2.edb2,-1
2/-c-cde-c/5.5.5.1a3.edb2,1
1/-d-cde-c/5.5.5.5.edb2,-1
2/-d-bde-c/5.5.5.5.ed3,1
1/-d-bdd-c/5.5.5.5.e4,-1
2/-d-bdd-b/5.5.5.5.5,1
1/aaaaa/ceceb.eaaca.bcddb.aeced.dadbb,1
2/abaaa/ceceb.eaaca.bcddb.aeced.dadb1,-1
1/a-baaa/cece1.eaaca.bcddb.aeced.dad2,1
2/a-baab/cec2.eaaca.bcddb.aeced.dad2,-1
1/a-ba-bb/cec2.eaaca.bcddb.aece1.dad2,1
2/a-bc-bb/1e3.eaaca.bcddb.aece1.dad2,-1
1/a-bc-b-c/5.1aaca.bcddb.aec2.dad2,1
2/a-bca-c/5.1aaca.bcddb.aec2.da3,-1
1/a-bba-c/5.1aaca.bcddb.ae3.da3,1
2/d-bba-c/5.2ac1.bcddb.ae3.d4,-1
1/c-bba-c/5.3c1.bcddb.ae3.d4,1
2/cbba-c/5.3c1.1cdd1.ae3.d4,-1
1/cb-ba-c/5.5.2dd1.ae3.d4,1
2/cb-bc-c/5.5.5.ae3.d4,-1
1/bb-bc-c/5.5.5.1e3.d4,1
2/bb-bd-c/5.5.5.1e3.5,-1
1/bb-bd-d/5.5.5.5.5,1
1/aaaaa/cbdab.bbecd.adcce.aedea.becad,1
2/abaaa/cbda1.bbecd.adcce.aedea.becad,-1
1/aba-ba/cbda1.bbec1.adcce.aedea.becad,1
2/aba-bb/cbda1.bbec1.adcc1.aedea.becad,-1
1/aba-cb/cbda1.bbec1.adcc1.aedea.beca1,1
2/bba-cb/cbda1.bbec1.adcc1.aede1.beca1,-1
1/aba-cb/cbd2.bbec1.adcc1.aede1.beca1,1
2/abc-cb/1bd2.bbe2.adcc1.aede1.beca1,-1
1/-bbc-cb/1bd2.bbe2.adcc1.aede1.bec2,1
2/-bcc-cb/2d2.bbe2.adcc1.aede1.bec2,-1
1/-bbc-cb/2d2.bbe2.adcc1.aede1.1ec2,1
2/-bbc-bb/5.bbe2.adcc1.aede1.1ec2,-1
1/-bbc-b-b/5.bb3.adcc1.aed2.1ec2,1
2/-bbe-b-b/5.bb3.adc2.aed2.1e3,-1
1/-bbd-b-b/5.bb3.ad3.aed2.1e3,1
2/-bdd-b-b/5.5.ad3.aed2.1e3,-1
1/-cdd-b-b/5.5.ad3.1ed2.1e3,1
2/-cdda-b/5.5.ad3.1e3.1e3,-1
1/-cdda-c/5.5.ad3.1e3.5,1
2/-cddb-c/5.5.a4.1e3.5,-1
1/-dddb-c/5.5.5.1e3.5,1
2/-dddb-b/5.5.5.5.5,-1
1/aaaaa/bdaee.cdcad.dcaed.ebeac.babcb,1
2/abaaa/bdaee.cdcad.dcaed.ebeac.babc1,-1
1/ab-caa/bdaee.cdcad.dcaed.ebea1.bab2,1
2/ac-caa/bdaee.cdcad.dcaed.ebea1.ba3,-1
1/ac-ca-b/bdae1.cdcad.dcaed.ebea1.ba3,1
2/cc-ca-b/bdae1.cdcad.dcaed.ebe2.b4,-1
1/cc-ca-c/bda2.cdcad.dcaed.ebe2.b4,1
2/cc-ca-b/bda2.cdcad.dcaed.eb3.b4,-1
1/cb-ca-b/1da2.cdcad.dcaed.eb3.b4,1
2/cc-ca-b/1da2.cdcad.dcaed.e4.b4,-1
1/cc-c-d-b/2a2.cdca1.dcae1.e4.b4,1
2/ec-c-d-b/5.cdc2.dcae1.e4.b4,-1
1/ec-e-d-b/5.1d3.dcae1.e4.b4,1
2/ec-e-c-b/5.5.dcae1.e4.b4,-1
1/ec-e-d-b/5.5.1cae1.e4.b4,1
2/ec-d-d-b/5.5.2ae1.e4.b4,-1
1/dc-d-d-b/5.5.3e1.e4.b4,1
2/dc-d-db/5.5.5.5.b4,-1
1/db-d-db/5.5.5.5.5,1
1/aaaaa/eecdb.edbaa.aeaec.bbbcd.accdd,-1
2/abaaa/eecd1.edbaa.aeaec.bbbcd.accdd,1
1/abaa-b/1ecd1.edbaa.aeaec.bbbcd.accdd,-1
2/abaaa/1ecd1.1dbaa.aeaec.bbbcd.accdd,1
1/-bbaaa/1ecd1.1dba1.aeaec.bbbcd.accdd,-1
2/abaaa/1ecd1.1dba1.1eaec.bbbcd.accdd,1
1/-bbaaa/1ecd1.1dba1.1eaec.bbbcd.1ccdd,-1
2/-bbbaa/1ecd1.1dba1.1eae1.bbbcd.1ccdd,1
1/-bbb-da/1ec2.1dba1.1eae1.bbbc1.1ccd1,-1
2/-bbc-da/1e3.1dba1.1eae1.bbbc1.1ccd1,1
1/-bac-da/1e3.1dba1.1eae1.1bbc1.1ccd1,-1
2/aac-da/1e3.1db2.1eae1.1bbc1.1ccd1,1
1/a-bc-da/1e3.1d3.1eae1.1bbc1.1ccd1,-1
2/a-bd-da/1e3.1d3.1eae1.1bbc1.2cd1,1
1/a-bc-da/1e3.1d3.1eae1.1bbc1.3d1,-1
2/a-bc-db/1e3.1d3.1ea2.1bbc1.3d1,1
1/-b-bc-db/1e3.1d3.1e3.1bbc1.3d1,-1
2/-bac-db/1e3.1d3.1e3.2bc1.3d1,1
1/-b-bc-db/1e3.1d3.1e3.3c1.3d1,-1
2/-b-bd-db/1e3.1d3.1e3.5.3d1,1
1/-b-bd-eb/1e3.1d3.1e3.5.5,-1
2/-b-bd-ec/5.1d3.1e3.5.5,1
1/-b-bd-fc/5.5.1e3.5.5,-1
1/aaaaa/ceaac.cacbb.ecdee.debad.dbabd,1
2/aaaba/ceaac.cacbb.ecdee.debad.dbab1,-1
1/aa-cba/1eaa1.cacbb.ecdee.debad.dbab1,1
2/ac-cba/1eaa1.cacb1.ecdee.debad.dba2,-1
1/-cc-cba/1ea2.cacb1.ecdee.debad.db3,1
2/-ce-cba/1ea2.cac2.ecdee.debad.d4,-1
1/-ce-cb-b/1ea2.cac2.ecde1.debad.d4,1
2/-ce-cd-b/1ea2.cac2.ecde1.deba1.5,-1
1/-ce-cd-c/2a2.cac2.ecde1.deba1.5,1
2/-ce-cd-b/2a2.cac2.ecd2.deba1.5,-1
1/-ce-cc-b/2a2.cac2.ecd2.1eba1.5,1
2/-be-cc-b/2a2.cac2.ecd2.1eb2.5,-1
1/-bd-cc-b/2a2.cac2.ecd2.1e3.5,1
2/-bd-bc-b/2a2.1ac2.ecd2.1e3.5,-1
1/-cd-bc-b/2a2.2c2.ecd2.1e3.5,1
2/-cd-bca/2a2.2c2.ecd2.5.5,-1
1/-cd-bc-b/2a2.2c2.1cd2.5.5,1
2/-cdac-b/2a2.2c2.2d2.5.5,-1
1/-ddac-b/5.2c2.2d2.5.5,1
2/-ddbc-b/5.5.2d2.5.5,-1
1/-ddbb-b/5.5.5.5.5,1
1/aaaaa/abeca.dbcdd.eedec.abbaa.eccbd,1
2/caaaa/1bec1.dbcdd.eedec.abbaa.eccbd,-1
1/caa-ca/1bec1.dbcd1.eedec.abbaa.eccb1,1
2/caa-cb/1bec1.dbcd1.eedec.abbaa.1ccb1,-1
1/ca-b-cb/1bec1.dbcd1.eede1.abbaa.1ccb1,1
2/da-b-cb/1bec1.dbcd1.eede1.abba1.1ccb1,-1
1/da-c-cb/1bec1.dbcd1.eede1.abba1.2cb1,1
2/da-c-bb/1bec1.1bcd1.eede1.abba1.2cb1,-1
1/da-c-ba/1bec1.1bcd1.1ede1.abba1.2cb1,1
2/daa-ba/1be2.1bcd1.1ede1.abba1.3b1,-1
1/caa-ba/1be2.1bcd1.1ede1.1bba1.3b1,1
2/cca-ba/2e2.1bcd1.1ede1.2ba1.3b1,-1
1/c-ba-ba/2e2.2cd1.1ede1.3a1.5,1
2/c-ba-bc/5.2cd1.2de1.3a1.5,-1
1/c-ba-cc/5.2c2.2de1.3a1.5,1
2/c-bb-cc/5.5.2de1.3a1.5,-1
1/b-bb-cc/5.5.2de1.5.5,1
2/b-bb-bc/5.5.3e1.5.5,-1
1/b-bb-bb/5.5.5.5.5,1
1/aaaaa/dbeda.becdc.aaeeb.acedb.accdb,1
2/caaaa/dbed1.becdc.aaeeb.acedb.1ccdb,-1
1/caa-ca/1be2.becdc.aaeeb.acedb.1ccdb,1
2/cba-ca/1be2.becdc.aaeeb.acedb.1ccd1,-1
1/bba-ca/1be2.becdc.aaeeb.1cedb.1ccd1,1
2/cba-ca/1be2.becdc.1aeeb.1cedb.1ccd1,-1
1/cba-da/1be2.becdc.1aeeb.1cedb.1cc2,1
2/cbd-da/1be2.becd1.1aeeb.1cedb.5,-1
1/cad-da/2e2.becd1.1aeeb.1cedb.5,1
2/cad-ca/2e2.bec2.1aeeb.1cedb.5,-1
1/cac-ca/2e2.bec2.1aeeb.2edb.5,1
2/cac-cb/2e2.bec2.1aeeb.3db.5,-1
1/c-cc-cb/2e2.1ec2.1aeeb.3d1.5,1
2/c-cc-cd/5.2c2.1aeeb.3d1.5,-1
1/b-cc-cd/5.2c2.2eeb.3d1.5,1
2/b-bc-cd/5.2c2.2ee1.3d1.5,-1
1/b-bb-cd/5.5.2ee1.3d1.5,1
2/b-bb-bd/5.5.2ee1.5.5,-1
1/b-bb-bc/5.5.3e1.5.5,1
2/b-bb-bd/5.5.5.5.5,-1
1/aaaaa/decad.cbeec.edaac.cbabd.abdbe,1
2/baaaa/decad.cbeec.edaac.cbabd.1bdbe,-1
1/baa-ba/1ecad.cbeec.edaac.cbabd.1bdbe,1
2/baa-bb/2cad.cbeec.edaac.cbabd.1bdbe,-1
1/baa-ba/2cad.cbeec.edaac.cbabd.1bdb1,1
2/bba-ba/2cad.cbeec.edaac.cbabd.1bd2,-1
1/bb-c-ba/3ad.1beec.edaac.cbabd.1bd2,1
2/bd-c-ba/3ad.2eec.edaac.cbabd.2d2,-1
1/bd-c-b-b/3ad.3ec.edaac.cbabd.2d2,1
2/bd-ca-b/3ad.3ec.edaac.cbabd.5,-1
1/bd-ca-c/3ad.3ec.1daac.cbabd.5,1
2/bd-ba-c/3ad.3ec.1daac.1babd.5,-1
1/bc-ba-c/3ad.3ec.1daac.2abd.5,1
2/bc-bc-c/3a1.3ec.1daac.2ab1.5,-1
1/-bc-bc-c/5.3ec.1daac.3b1.5,1
2/-bcbc-c/5.3e1.1daa1.3b1.5,-1
1/-bbbc-c/5.3e1.1daa1.5.5,1
2/abbc-c/5.3e1.1da2.5.5,-1
1/-bbbc-c/5.3e1.1d3.5.5,1
2/-bbbd-c/5.3e1.5.5.5,-1
1/-bbbd-d/5.5.5.5.5,1
1/aaaaa/caadc.daecb.bcede.ebdbd.caabe,1
2/aacaa/1aad1.daecb.bcede.ebdbd.caabe,-1
1/aac-ba/1aa2.daecb.bcede.ebdbd.caabe,1
2/aac-bb/1aa2.daecb.bcede.ebdbd.caab1,-1
1/-bac-bb/1a3.daecb.bcede.ebdbd.caab1,1
2/-bbc-bb/1a3.daec1.bcede.ebdbd.caab1,-1
1/-bbb-bb/1a3.daec1.bcede.ebdbd.1aab1,1
2/abb-bb/5.daec1.bcede.ebdbd.1aab1,-1
1/abb-b-b/5.daec1.bced1.1bdbd.1aab1,1
2/abbb-b/5.1aec1.bced1.1bdb1.1aab1,-1
1/-cbbb-b/5.2ec1.bced1.1bdb1.2ab1,1
2/-cebb-b/5.2ec1.1ced1.2db1.2a2,-1
1/-cdbb-b/5.2ec1.1ced1.2d2.2a2,1
2/-cddb-b/5.2e2.2ed1.2d2.2a2,-1
1/-cddb-c/5.5.2ed1.2d2.2a2,1
2/-cddc-c/5.5.2e2.2d2.2a2,-1
1/-dddc-c/5.5.2e2.2d2.5,1
2/-dddd-c/5.5.2e2.5.5,-1
1/-dddd-d/5.5.5.5.5,1
1/aaaaa/abbcb.bcdaa.eeedc.acdde.acebd,-1
2/abaaa/abbc1.bcdaa.eeedc.acdde.acebd,1
1/-bbaaa/abbc1.bcda1.eeedc.acdde.acebd,-1
2/bbaaa/1bbc1.bcda1.eeedc.acdde.1cebd,1
1/bb-daa/1bb2.bcda1.eeed1.acdde.2ebd,-1
2/be-daa/5.1cda1.eeed1.acdde.2ebd,1
1/-be-daa/5.1cd2.eeed1.1cdde.2ebd,-1
2/-be-caa/5.1cd2.eeed1.2dde.2ebd,1
1/-be-c-ba/5.1c3.eeed1.2dde.2ebd,-1
2/-be-c-bb/5.1c3.1eed1.2dde.2ebd,1
1/-be-c-ba/5.1c3.1eed1.2dd1.2ebd,-1
2/-be-cba/5.1c3.1ee2.2dd1.2eb1,1
1/-bd-cba/5.1c3.1ee2.2dd1.2e2,-1
2/-bd-cbb/5.1c3.2e2.2dd1.2e2,1
1/-bd-cba/5.1c3.2e2.2dd1.5,-1
2/-bd-cbb/5.1c3.5.2dd1.5,1
1/-bd-c-bb/5.1c3.5.5.5,-1
2/-bd-b-bb/5.5.5.5.5,1
1/aaaaa/cedaa.bbabb.edbcd.aeecc.ddace,1
2/aabaa/1edaa.bbabb.edbcd.aeecc.ddace,-1
1/aaba-c/2daa.bbabb.edbcd.aeecc.ddac1,1
2/aabb-c/3aa.bbabb.edbcd.aeecc.ddac1,-1
1/-babb-c/3a1.bbabb.edbcd.aeecc.ddac1,1
2/-bacb-c/3a1.bbabb.edbcd.aeecc.dda2,-1
1/-cacb-c/5.bbabb.edbcd.aeecc.dda2,1
2/-cadb-c/5.bbabb.edbcd.aeec1.dda2,-1
1/-cacb-c/5.bbabb.edbcd.aee2.dda2,1
2/-bacb-c/5.bbabb.edbcd.aee2.dd3,-1
1/-baca-c/5.bbabb.edbcd.aee2.1d3,1
2/-baca-b/5.bbabb.edbcd.ae3.1d3,-1
1/-bac-b-b/5.bbabb.edbcd.ae3.5,1
2/-bcc-b-b/5.1bab1.edbcd.ae3.5,-1
1/-bcc-b-c/5.1bab1.1dbcd.ae3.5,1
2/-bdc-b-c/5.2ab1.1dbcd.ae3.5,-1
1/-cdc-b-c/5.3b1.1dbcd.ae3.5,1
2/-cdca-c/5.3b1.1dbc1.ae3.5,-1
1/-cdca-d/5.3b1.1dbc1.a4.5,1
2/-ceca-d/5.5.1dbc1.a4.5,-1
1/-deca-d/5.5.1dbc1.5.5,1
2/-deda-d/5.5.1db2.5.5,-1
1/-ddda-d/5.5.1d3.5.5,1
2/-dddb-d/5.5.5.5.5,-1
1/aaaaa/debee.babbc.ebccd.caecd.adada,-1
2/caaaa/debee.babbc.ebccd.caecd.1dad1,1
1/caa-ca/1ebee.babbc.ebccd.caecd.2ad1,-1
2/caa-ba/1ebee.babbc.ebccd.caec1.2ad1,1
1/baa-ba/1ebee.babbc.ebccd.caec1.3d1,-1
2/baa-bb/2bee.babbc.ebccd.caec1.3d1,1
1/baa-cb/2bee.babbc.ebccd.caec1.5,-1
2/bba-cb/3ee.babbc.ebccd.caec1.5,1
1/bba-ca/4e.babbc.ebccd.caec1.5,-1
2/bbb-ca/4e.babbc.ebccd.1aec1.5,1
1/bab-ca/4e.1abbc.ebccd.1aec1.5,-1
2/bab-cc/5.1abbc.1bccd.1aec1.5,1
1/-bab-cc/5.2bbc.1bccd.2ec1.5,-1
2/-bac-cc/5.2bb1.1bccd.2ec1.5,1
1/-b-cc-cc/5.2b2.2ccd.2ec1.5,-1
2/-b-cd-cc/5.2b2.2ccd.2e2.5,1
1/-b-dd-cc/5.5.2ccd.2e2.5,-1
2/-b-dd-cd/5.5.2ccd.5.5,1
1/-b-dc-cd/5.5.3cd.5.5,-1
2/-b-dd-cd/5.5.4d.5.5,1
1/-b-dd-dd/5.5.5.5.5,-1
1/aaaaa/aaecc.aedcd.bcdab.eebba.ddebc,1
2/aabaa/aaec1.aedcd.bcdab.eebba.ddebc,-1
1/aa-baa/aae2.aedcd.bcdab.eebba.ddeb1,1
2/ca-baa/1ae2.aedcd.bcdab.eebb1.ddeb1,-1
1/aa-baa/2e2.1edcd.bcdab.eebb1.ddeb1,1
2/ab-baa/2e2.1edcd.bcda1.eebb1.ddeb1,-1
1/aa-baa/2e2.1edcd.1cda1.eebb1.ddeb1,1
2/aa-bac/2e2.2dcd.1cda1.1ebb1.ddeb1,-1
1/aa-bab/5.2dcd.1cda1.1ebb1.ddeb1,1
2/aa-bcb/5.3c1.1cda1.1ebb1.ddeb1,-1
1/aa-ccb/5.5.1cda1.1ebb1.ddeb1,1
2/aa-cdb/5.5.1cda1.1ebb1.1deb1,-1
1/-ba-cdb/5.5.1cd2.1ebb1.1deb1,1
2/-ba-cfb/5.5.1c3.1ebb1.2eb1,-1
1/aaaaa/aacdb.ebbec.dedaa.dacce.bbced,1
2/baaaa/1acdb.ebbec.dedaa.dacce.bbced,-1
1/baaa-b/1acdb.1bbec.dedaa.dacce.bbced,1
2/baab-b/1acdb.1bbec.dedaa.dacce.bbce1,-1
1/aaab-b/2cdb.1bbec.dedaa.dacce.bbce1,1
2/aaaba/2cdb.1bbec.dedaa.dacce.bbc2,-1
1/a-daba/2cd1.2bec.dedaa.dacce.1bc2,1
2/a-daca/2cd1.2bec.dedaa.1acce.1bc2,-1
1/a-d-cca/2cd1.2be1.dedaa.1acce.1b3,1
2/a-c-cca/2cd1.2be1.dedaa.1acce.5,-1
1/-b-c-cca/2cd1.2be1.deda1.1acce.5,1
2/-b-c-cea/2c2.2be1.1eda1.1acce.5,-1
1/-b-c-ce-c/2c2.2b2.1eda1.1acc1.5,1
2/-b-c-be-c/5.2b2.1eda1.1acc1.5,-1
1/-b-d-be-c/5.5.1eda1.1acc1.5,1
2/-b-dae-c/5.5.1eda1.1ac2.5,-1
1/-b-d-be-c/5.5.1eda1.1a3.5,1
2/a-d-be-c/5.5.1eda1.5.5,-1
1/-b-d-be-c/5.5.1ed2.5.5,1
2/-b-d-bf-c/5.5.1e3.5.5,-1
1/aaaaa/eacbe.aeeda.cbcaa.bdecb.cddbd,1
2/aaaac/1acb1.aeeda.cbcaa.bdecb.cddbd,-1
1/-caaac/1acb1.1eed1.cbcaa.bdecb.cddbd,1
2/-baaac/2cb1.1eed1.cbcaa.bdecb.cddbd,-1
1/-ba-bac/2cb1.1eed1.cbcaa.bdecb.1ddbd,1
2/-bb-bac/2cb1.1eed1.cbcaa.1decb.1ddbd,-1
1/-bb-b-cc/2cb1.1eed1.cbcaa.1decb.2db1,1
2/-bb-b-bc/2cb1.1eed1.cbcaa.2ecb.2db1,-1
1/-ba-b-bc/2cb1.1eed1.cbcaa.2ec1.2db1,1
2/-bab-bc/3b1.1eed1.1bcaa.2ec1.2db1,-1
1/-b-cb-bc/5.1eed1.2caa.2ec1.2db1,1
2/-b-cb-bd/5.2ed1.2caa.2ec1.2db1,-1
1/-b-cb-bc/5.3d1.2caa.2ec1.2db1,1
2/-b-cbbc/5.5.2caa.2ec1.3b1,-1
1/-c-cbbc/5.5.2ca1.2ec1.3b1,1
2/-c-ccbc/5.5.3a1.2ec1.3b1,-1
1/-d-ccbc/5.5.5.2ec1.3b1,1
2/-d-bcbc/5.5.5.2ec1.5,-1
1/-d-bbbc/5.5.5.2e2.5,1
2/-d-bbbd/5.5.5.5.5,-1
1/aaaaa/aeaec.ccdab.beaae.dbbbd.cddec,-1
2/aacaa/aeae1.ccdab.beaae.dbbbd.cdde1,1
1/aaca-b/aea2.ccdab.beaae.dbbbd.cdde1,-1
2/baca-b/ae3.ccdab.beaae.dbbbd.cdde1,1
1/aaca-b/1e3.ccdab.beaae.dbbbd.cdde1,-1
2/aada-b/1e3.ccdab.beaae.dbbbd.1dde1,1
1/aad-c-b/1e3.ccdab.beaae.1bbb1.1dde1,-1
2/aad-cb/5.ccdab.beaa1.1bbb1.1dde1,1
1/aac-cb/5.1cdab.beaa1.1bbb1.1dde1,-1
2/aac-bb/5.1cdab.beaa1.1bbb1.2de1,1
1/a-cc-bb/5.1cda1.1eaa1.1bbb1.2de1,-1
2/a-bc-bb/5.1cda1.1eaa1.2bb1.2de1,1
1/a-bc-b-b/5.1cda1.2aa1.2bb1.2d2,-1
2/aac-b-b/5.1cda1.2aa1.2b2.2d2,1
1/-cac-b-b/5.1cd2.2a2.2b2.2d2,-1
2/-cacb-b/5.1c3.2a2.2b2.5,1
1/-c-bcb-b/5.1c3.2a2.5.5,-1
2/-b-bcb-b/5.1c3.5.5.5,1
1/-b-bbb-b/5.5.5.5.5,-1
1/aaaaa/aecdb.acabb.adccd.ceade.dbbee,1
2/aaaba/aecdb.acabb.adccd.ceade.1bbee,-1
1/aaab-b/aecdb.acabb.adccd.ceade.1bbe1,1
2/aaabb/aecdb.acabb.adccd.cead1.1bb2,-1
1/a-babb/aecdb.acabb.adccd.cead1.1b3,1
2/aaabb/aecd1.acabb.adccd.cead1.1b3,-1
1/a-babb/aecd1.acab1.adccd.cead1.1b3,1
2/b-babb/1ecd1.acab1.adccd.cead1.1b3,-1
1/b-ba-cb/1ec2.acab1.adcc1.cea2.1b3,1
2/d-ba-cb/1ec2.1cab1.adcc1.ce3.1b3,-1
1/d-b-c-cb/1e3.1cab1.adc2.ce3.1b3,1
2/d-ba-cb/1e3.1cab1.ad3.1e3.1b3,-1
1/c-ba-cb/1e3.1cab1.1d3.1e3.1b3,1
2/cba-cb/1e3.1ca2.1d3.1e3.5,-1
1/cba-ca/1e3.1ca2.1d3.5.5,1
2/cba-cb/5.1ca2.1d3.5.5,-1
1/bba-cb/5.1c3.1d3.5.5,1
2/bbb-cb/5.5.1d3.5.5,-1
1/bbb-db/5.5.5.5.5,1
1/aaaaa/edadb.ceeab.dbcec.bacde.bdaca,1
2/aaaab/1dadb.ceeab.dbcec.bacde.bdaca,-1
1/aaa-bb/2adb.ceeab.dbcec.bacde.bdaca,1
2/baa-bb/3db.ceeab.dbcec.bacde.bdaca,-1
1/b-ba-bb/3db.ceeab.dbcec.bacde.1daca,1
2/baa-bb/3db.ceeab.dbcec.1acde.1daca,-1
1/b-ba-bb/3d1.ceeab.dbcec.1acde.1daca,1
2/baa-bb/3d1.ceea1.dbcec.1acde.1daca,-1
1/baa-cb/3d1.ceea1.1bcec.1acde.1daca,1
2/baa-bb/5.ceea1.1bcec.1acde.1daca,-1
1/ba-b-bb/5.1eea1.1bcec.1acde.1daca,1
2/baa-bb/5.1eea1.1bce1.1acde.1daca,-1
1/baa-ba/5.2ea1.1bce1.1acde.1daca,1
2/caa-ba/5.2e2.1bce1.1acde.1daca,-1
1/caa-b-b/5.2e2.1bc2.1acde.1daca,1
2/caa-bb/5.5.1bc2.1acd1.1daca,-1
1/c-ba-bb/5.5.2c2.1acd1.1daca,1
2/d-ba-bb/5.5.2c2.1acd1.1dac1,-1
1/c-ba-bb/5.5.2c2.2cd1.1dac1,1
2/c-bc-bb/5.5.5.2cd1.1da2,-1
1/b-bc-bb/5.5.5.2cd1.1d3,1
2/b-bd-bb/5.5.5.3d1.1d3,-1
1/b-bd-cb/5.5.5.5.1d3,1
2/b-bd-bb/5.5.5.5.5,-1
1/aaaaa/eecac.ddeee.badaa.bdcbd.baccb,1
2/aabaa/eeca1.ddeee.badaa.bdcbd.baccb,-1
1/-babaa/eec2.ddeee.badaa.bdcbd.baccb,1
2/-bcbaa/eec2.ddeee.badaa.bdcbd.1acc1,-1
1/-bcba-b/eec2.ddee1.badaa.bdcbd.1acc1,1
2/-bcca-b/ee3.ddee1.badaa.bdcbd.1acc1,-1
1/-ccca-b/ee3.ddee1.bada1.bdcbd.1acc1,1
2/-ccda-b/ee3.ddee1.bada1.bdcbd.1ac2,-1
1/-ccda-c/e4.ddee1.bada1.bdcbd.1ac2,1
2/-ccda-b/e4.dde2.bada1.bdcbd.1ac2,-1
1/-ccda-c/e4.dd3.bada1.bdcbd.1ac2,1
2/-ccdb-c/e4.d4.bada1.bdcbd.1ac2,-1
1/-ecdb-c/e4.d4.bad2.bdcbd.2c2,1
2/-eceb-c/e4.d4.bad2.bdcbd.5,-1
1/-ebeb-c/e4.d4.bad2.1dcbd.5,1
2/-ebec-c/e4.d4.bad2.1dcb1.5,-1
1/-ebeb-c/e4.d4.ba3.1dcb1.5,1
2/-dbeb-c/e4.d4.b4.1dcb1.5,-1
1/-dbeb-d/5.d4.b4.1dcb1.5,1
2/-dceb-d/5.d4.5.1dcb1.5,-1
1/-dbeb-d/5.d4.5.1dc2.5,1
2/-dbfb-d/5.d4.5.1d3.5,-1
1/aaaaa/dbecc.ebcaa.adbdc.bbdea.ecdae,1
2/aaaab/dbecc.ebcaa.adbdc.bbdea.1cdae,-1
1/aaaaa/dbecc.ebcaa.adbdc.bbdea.1cda1,1
2/baaaa/dbecc.ebcaa.adbdc.bbdea.1cd2,-1
1/baa-ca/1becc.ebcaa.adbdc.bbdea.1c3,1
2/bca-ca/2ecc.ebcaa.adbdc.1bdea.1c3,-1
1/aca-ca/2ecc.ebcaa.adbdc.1bde1.1c3,1
2/acd-ca/2ec1.ebcaa.adbd1.1bde1.5,-1
1/acd-c-c/2ec1.1bcaa.adbd1.1bd2.5,1
2/acd-b-c/2ec1.1bcaa.adb2.1bd2.5,-1
1/-ccd-b-c/2ec1.1bca1.1db2.1bd2.5,1
2/-ced-b-c/2ec1.2ca1.1db2.2d2.5,-1
1/-ded-b-c/2ec1.2c2.1db2.2d2.5,1
2/-dee-b-c/2e2.2c2.1db2.2d2.5,-1
1/-dee-c-c/2e2.2c2.2b2.2d2.5,1
2/-dee-b-c/2e2.2c2.2b2.5.5,-1
1/-dde-b-c/2e2.2c2.5.5.5,1
2/-ddf-b-c/2e2.5.5.5.5,-1
1/aaaaa/cdbeb.cabeb.eacba.dcead.cdeda,1
2/aabaa/1dbeb.cabeb.eacba.dcead.cdeda,-1
1/-babaa/1dbeb.cabeb.eacba.dcead.cded1,1
2/-babba/2beb.cabeb.eacba.dcead.cded1,-1
1/-babaa/2beb.cabeb.eacba.dcead.cde2,1
2/-babab/2beb.cabeb.eacba.dcead.cd3,-1
1/-b-bbab/3eb.cabeb.eacba.dcead.cd3,1
2/-babab/3e1.cabeb.eacba.dcead.cd3,-1
1/-b-bbab/3e1.cabe1.eacba.dcead.cd3,1
2/a-bbab/3e1.cabe1.eacb1.dcead.cd3,-1
1/a-bbaa/5.cabe1.eacb1.dcead.cd3,1
2/a-bdaa/5.1abe1.eacb1.dcead.1d3,-1
1/-b-bdaa/5.2be1.eacb1.dcead.1d3,1
2/-b-bdba/5.2be1.eacb1.dcea1.1d3,-1
1/-b-bd-ba/5.2be1.eacb1.1cea1.5,1
2/-b-bd-bc/5.2b2.1acb1.1cea1.5,-1
1/-c-bd-bc/5.2b2.2cb1.1cea1.5,1
2/-b-bd-bc/5.2b2.2cb1.1ce2.5,-1
1/-b-cd-bc/5.2b2.2c2.1ce2.5,1
2/-b-ce-bc/5.2b2.2c2.2e2.5,-1
1/-b-de-bc/5.5.2c2.2e2.5,1
2/-b-df-bc/5.5.5.2e2.5,-1
1/aaaaa/accee.cabdd.ebdaa.bdbda.bcece,1
2/aaaab/acce1.cabdd.ebdaa.bdbda.bcece,-1
1/aaaaa/acc2.cabdd.ebdaa.bdbda.bcece,1
2/abaaa/acc2.cabdd.ebdaa.bdbda.1cece,-1
1/ab-baa/ac3.cabdd.ebdaa.bdbda.1cece,1
2/ab-bba/ac3.cabd1.ebdaa.bdbda.1cece,-1
1/-cb-bba/1c3.cabd1.ebda1.bdbda.1cece,1
2/-cbaba/5.cabd1.ebda1.bdbda.1cece,-1
1/-caaba/5.cabd1.ebda1.1dbda.1cece,1
2/-caabc/5.cabd1.1bda1.1dbda.1cec1,-1
1/-ca-dbc/5.1abd1.1bda1.1dbda.2e2,1
2/-ba-dbc/5.2bd1.1bda1.1dbda.2e2,-1
1/-b-b-dbc/5.2bd1.2da1.1dbda.2e2,1
2/-b-b-ddc/5.2b2.2da1.2bda.2e2,-1
1/-d-b-ddc/5.2b2.2d2.2bd1.2e2,1
2/-d-b-dec/5.2b2.2d2.2b2.2e2,-1
1/-d-c-dec/5.5.2d2.2b2.2e2,1
2/-d-c-dfc/5.5.5.2b2.2e2,-1
1/aaaaa/bceba.bcbad.bdaee.eacec.dadcd,-1
2/aaaba/bceba.bcbad.bdaee.eacec.dadc1,1
1/aa-cba/bceba.bcbad.bdaee.eace1.dad2,-1
2/aa-cbb/bceba.bcbad.bdae1.eace1.dad2,1
1/aa-c-cb/bceba.bcba1.bdae1.eace1.1a3,-1
2/aa-c-cd/bceba.bcba1.bdae1.1ac2.1a3,1
1/aa-c-cc/bceba.bcba1.bda2.1ac2.1a3,-1
2/ca-c-cc/bceba.bcb2.bda2.1ac2.5,1
1/c-b-c-cc/bceba.bcb2.1da2.1ac2.5,-1
2/cb-c-cc/1ceba.1cb2.1da2.1ac2.5,1
1/ab-c-cc/1ceb1.1cb2.1da2.2c2.5,-1
2/aba-cc/2eb1.1cb2.1da2.5.5,1
1/-bba-cc/2eb1.1cb2.1d3.5.5,-1
2/-bbb-cc/2eb1.2b2.1d3.5.5,1
1/-b-bb-cc/2e2.5.1d3.5.5,-1
2/-b-bb-bc/2e2.5.5.5.5,1
1/-b-bb-bb/5.5.5.5.5,-1
1/aaaaa/cdeea.aeaae.cdbde.bbcbd.dcbca,-1
2/aabaa/1deea.aeaae.cdbde.bbcbd.dcbca,1
1/aab-ca/2eea.aeaae.cdbde.bbcbd.1cbca,-1
2/cab-ca/2ee1.1eaae.cdbde.bbcbd.1cbca,1
1/cab-c-b/3e1.1eaae.cdbde.bbcbd.1cbca,-1
2/cac-c-b/3e1.1eaae.1dbde.bbcbd.1cbca,1
1/cac-c-d/5.2aae.1dbde.bbcbd.1cbca,-1
2/eac-c-d/5.3ae.1dbde.bbcbd.1cbc1,1
1/dac-c-d/5.4e.1dbde.bbcbd.1cbc1,-1
2/dbc-c-d/5.4e.1dbde.1bcbd.1cbc1,1
1/dbb-c-d/5.4e.1dbde.1bcbd.1cb2,-1
2/dbb-c-c/5.5.1dbde.1bcbd.1cb2,1
1/dbb-d-c/5.5.2bde.1bcbd.1cb2,-1
2/dcb-d-c/5.5.2bde.1bcbd.1c3,1
1/dab-d-c/5.5.3de.2cbd.1c3,-1
2/dac-d-c/5.5.3de.3bd.1c3,1
1/d-bc-d-c/5.5.3de.4d.1c3,-1
2/d-bd-d-c/5.5.3de.4d.5,1
1/d-bd-e-c/5.5.4e.4d.5,-1
2/d-bd-d-c/5.5.4e.5.5,1
1/d-bd-d-d/5.5.5.5.5,-1
1/aaaaa/abcea.cdceb.dddce.daeab.aebcb,-1
2/baaaa/1bcea.cdceb.dddce.daeab.aebcb,1
1/b-caaa/2cea.cdceb.dddce.daeab.aebc1,-1
2/b-ccaa/3ea.1dceb.dddce.daeab.aebc1,1
1/-b-ccaa/3e1.1dceb.dddce.daeab.1ebc1,-1
2/-b-ccca/3e1.2ceb.dddce.1aeab.1ebc1,1
1/-b-ecca/3e1.2ce1.dddce.1aea1.1ebc1,-1
2/-b-eccb/5.2ce1.dddce.1aea1.1ebc1,1
1/-b-ecbb/5.2ce1.1ddce.1aea1.1ebc1,-1
2/-b-edbb/5.3e1.1ddce.1aea1.1ebc1,1
1/-b-edba/5.3e1.1ddc1.1aea1.1ebc1,-1
2/-b-edca/5.3e1.2dc1.1aea1.1ebc1,1
1/-b-edba/5.3e1.3c1.1aea1.1ebc1,-1
2/-b-edbb/5.5.3c1.1aea1.1ebc1,1
1/-b-ecbb/5.5.5.1aea1.1ebc1,-1
2/a-ecbb/5.5.5.1ae2.1ebc1,1
1/a-ecb-b/5.5.5.1a3.2bc1,-1
2/b-ecb-b/5.5.5.5.2bc1,1
1/b-fcb-b/5.5.5.5.3c1,-1
1/aaaaa/aaecd.ceebc.dbaba.bcdde.adecb,-1
2/caaaa/1aecd.ceebc.dbaba.bcdde.1decb,1
1/caa-ba/1aecd.ceebc.dbaba.bcdde.2ecb,-1
2/cab-ba/1aecd.1eebc.dbaba.bcdde.2ecb,1
1/cab-ca/1aecd.1eebc.1baba.bcdde.2ecb,-1
2/cab-ba/1aec1.1eebc.1baba.bcdde.2ecb,1
1/cab-b-b/1aec1.1eebc.1baba.bcdde.3cb,-1
2/cac-b-b/1aec1.1eeb1.1baba.bcdde.3cb,1
1/aac-b-b/2ec1.1eeb1.1bab1.bcdde.3cb,-1
2/aac-ba/2ec1.2eb1.1bab1.bcdde.3cb,1
1/aaa-ba/2e2.2eb1.1bab1.bcdde.4b,-1
2/aba-ba/2e2.2eb1.2ab1.bcdde.4b,1
1/aaa-ba/2e2.2e2.2ab1.bcdde.4b,-1
2/aba-ba/2e2.2e2.2a2.bcdde.4b,1
1/aba-b-c/5.2e2.2a2.bcdd1.4b,-1
2/ada-b-c/5.2e2.2a2.1cdd1.5,1
1/ad-b-b-c/5.2e2.2a2.2dd1.5,-1
2/ad-bb-c/5.2e2.2a2.5.5,1
1/-bd-bb-c/5.2e2.5.5.5,-1
2/-bd-bb-b/5.5.5.5.5,1
1/aaaaa/edccd.dacee.abaca.bdecb.dabeb,1
2/aaaca/edcc1.dacee.abaca.bdecb.1abeb,-1
1/a-caca/edcc1.dacee.abaca.1decb.1abe1,1
2/a-cbca/edc2.dacee.abaca.1decb.1abe1,-1
1/-b-cbca/edc2.dacee.abaca.1decb.2be1,1
2/-b-bbca/edc2.dacee.abaca.1dec1.2be1,-1
1/-b-bbc-b/edc2.dace1.abaca.1dec1.2be1,1
2/-b-bbca/edc2.dac2.abaca.1dec1.2be1,-1
1/-b-baca/ed3.dac2.abaca.1dec1.2be1,1
2/a-baca/ed3.dac2.abac1.1dec1.2be1,-1
1/a-baaa/e4.dac2.abac1.2ec1.2be1,1
2/a-baac/5.dac2.abac1.2ec1.2b2,-1
1/a-b-dac/5.da3.aba2.2e2.2b2,1
2/d-b-dac/5.d4.1b3.2e2.2b2,-1
1/d-b-d-bc/5.5.1b3.2e2.2b2,1
2/db-d-bc/5.5.5.2e2.5,-1
1/db-d-bb/5.5.5.5.5,1
1/aaaaa/ccdaa.abbea.ceecd.bedcb.bddea,-1
2/caaaa/ccda1.abbea.ceecd.bedcb.bdde1,1
1/caaa-b/ccda1.abbea.ceecd.bedcb.bdd2,-1
2/eaaa-b/ccd2.abbe1.ceecd.bedcb.bdd2,1
1/eaa-b-b/cc3.abbe1.ceecd.bedcb.bdd2,-1
2/eaa-ba/cc3.abb2.ceecd.bedcb.bdd2,1
1/eaa-da/cc3.abb2.ceec1.bedcb.bd3,-1
2/eba-da/cc3.abb2.ceec1.bedcb.1d3,1
1/eb-b-da/c4.abb2.ceec1.bedcb.1d3,-1
2/eba-da/5.abb2.ceec1.bedcb.1d3,1
1/dba-da/5.1bb2.ceec1.bedcb.1d3,-1
2/dda-da/5.2b2.ceec1.1edcb.1d3,1
1/dca-da/5.2b2.ceec1.1edc1.1d3,-1
2/dcb-da/5.2b2.1eec1.1edc1.1d3,1
1/dcb-ea/5.2b2.1eec1.1edc1.5,-1
2/dcc-ea/5.2b2.1ee2.1edc1.5,1
1/dcc-e-b/5.2b2.2e2.1edc1.5,-1
2/ddc-e-b/5.5.2e2.1edc1.5,1
1/ddc-e-c/5.5.5.1edc1.5,-1
2/ddd-e-c/5.5.5.1ed2.5,1
1/ddd-f-c/5.5.5.1e3.5,-1
1/aaaaa/acdad.dbdda.cbaee.cebac.beceb,1
2/acaaa/acdad.dbdda.cbaee.cebac.1ece1,-1
1/-bcaaa/1cdad.dbdda.cbaee.cebac.1ece1,1
2/-bcdaa/2dad.dbdda.cbaee.1eba1.1ece1,-1
1/-bcd-ca/3a1.dbdda.cbaee.1eba1.1ece1,1
2/-bcd-cd/3a1.dbdda.cbae1.1eba1.2c2,-1
1/-bcc-cd/3a1.dbdda.1bae1.1eba1.2c2,1
2/acc-cd/3a1.dbdd1.1bae1.1eba1.2c2,-1
1/acc-cc/3a1.dbdd1.1bae1.2ba1.2c2,1
2/acc-bc/3a1.1bdd1.1bae1.2ba1.2c2,-1
1/-bcc-bc/5.1bdd1.1bae1.2ba1.2c2,1
2/acc-bc/5.1bdd1.1bae1.2b2.2c2,-1
1/abc-bc/5.2dd1.1bae1.2b2.2c2,1
2/acc-bc/5.2dd1.2ae1.2b2.2c2,-1
1/acb-bc/5.2dd1.2ae1.2b2.5,1
2/adb-bc/5.2dd1.2ae1.5.5,-1
1/-bdb-bc/5.2dd1.3e1.5.5,1
2/-bdbac/5.3d1.3e1.5.5,-1
1/-bdb-bc/5.5.3e1.5.5,1
2/-bdb-bd/5.5.5.5.5,-1
1/aaaaa/abcdb.eeeea.dbdea.ccdbb.dcaac,-1
2/aabaa/abcdb.eeeea.dbdea.ccdbb.dcaa1,1
1/-cabaa/1bcdb.eeeea.dbdea.ccdbb.dca2,-1
2/-cbbaa/1bcdb.eeeea.dbdea.ccdb1.dca2,1
1/-cabaa/2cdb.eeeea.dbdea.ccdb1.dca2,-1
2/-cacaa/3db.eeeea.dbdea.ccdb1.dca2,1
1/-cac-ba/3db.eeeea.dbdea.ccdb1.1ca2,-1
2/-bac-ba/3db.eeeea.dbdea.ccdb1.1c3,1
1/-bab-ba/3db.eeeea.dbdea.1cdb1.1c3,-1
2/-bcb-ba/3d1.eeeea.dbdea.1cd2.1c3,1
1/-bcb-ea/5.eeeea.1bdea.1c3.1c3,-1
2/bcb-ea/5.eeee1.1bde1.1c3.1c3,1
1/bcb-e-d/5.1ee2.1bd2.1c3.1c3,-1
2/bcc-e-d/5.1ee2.1bd2.1c3.5,1
1/bcb-e-d/5.1ee2.1bd2.5.5,-1
2/bdb-e-d/5.1ee2.2d2.5.5,1
1/bdb-f-d/5.1ee2.5.5.5,-1
1/aaaaa/ddbcb.adceb.caaab.ecaee.cdedb,1
2/abaaa/ddbcb.adceb.caaab.ecaee.cded1,-1
1/aba-ca/1dbcb.adceb.caaab.ecaee.cde2,1
2/aba-cb/1dbcb.adceb.caaab.ecae1.cde2,-1
1/aba-ca/1dbcb.adceb.caaab.eca2.cde2,1
2/ada-ca/1dbc1.adceb.caaa1.eca2.cde2,-1
1/-cda-ca/1dbc1.1dceb.caa2.eca2.cde2,1
2/-cdc-ca/1dbc1.1dceb.1aa2.eca2.1de2,-1
1/-cdc-da/1dbc1.1dceb.1aa2.eca2.2e2,1
2/-cdc-ca/2bc1.1dceb.1aa2.eca2.2e2,-1
1/-ccc-ca/3c1.1dceb.1aa2.eca2.2e2,1
2/-ccd-ca/5.1dceb.1aa2.eca2.2e2,-1
1/-ccd-c-c/5.1dceb.1aa2.1ca2.5,1
2/-bcd-c-c/5.1dceb.1aa2.1c3.5,-1
1/-bcc-c-c/5.1dceb.1aa2.5.5,1
2/bcc-c-c/5.1dceb.5.5.5,-1
1/bbc-c-c/5.1dce1.5.5.5,1
2/bbc-b-c/5.2ce1.5.5.5,-1
1/bbb-b-c/5.3e1.5.5.5,1
2/bbb-b-b/5.5.5.5.5,-1
1/aaaaa/bddcd.eaabe.eabac.cacde.bebcd,-1
2/abaaa/1ddcd.eaabe.eabac.cacde.bebcd,1
1/abaa-b/1ddcd.1aabe.eabac.cacde.bebcd,-1
2/acaa-b/1ddcd.1aabe.eabac.cacde.1ebcd,1
1/aca-b-b/2dcd.1aabe.eabac.cacde.1ebcd,-1
2/acab-b/3c1.1aabe.eabac.cacde.1ebcd,1
1/ac-bb-b/5.1aabe.eabac.cacde.1ebcd,-1
2/ac-bba/5.1aabe.1abac.cacde.1ebcd,1
1/ac-cba/5.1aabe.1abac.1acde.1ebcd,-1
2/bc-cba/5.2abe.1abac.1acde.1ebcd,1
1/ac-cba/5.3be.1abac.1acde.1ebcd,-1
2/bc-cba/5.3be.2bac.1acde.1ebcd,1
1/bb-cba/5.4e.2bac.1acde.1ebcd,-1
2/bc-cba/5.4e.3ac.1acde.1ebcd,1
1/bc-caa/5.4e.3ac.1acde.1ebc1,-1
2/cc-caa/5.4e.3ac.2cde.1ebc1,1
1/cc-eaa/5.4e.3ac.3de.1eb2,-1
2/cc-eba/5.4e.3ac.4e.1eb2,1
1/cb-eba/5.4e.3ac.4e.1e3,-1
2/db-eba/5.4e.4c.4e.1e3,1
1/db-eb-b/5.4e.4c.4e.5,-1
2/db-eba/5.5.4c.4e.5,1
1/db-fba/5.5.5.4e.5,-1
1/aaaaa/adcbe.dadab.aabcd.ebebc.dceec,-1
2/aaaba/adcbe.dadab.aabcd.ebebc.1ceec,1
1/aaab-b/adcbe.dadab.aabcd.1bebc.1ceec,-1
2/aaaba/adcb1.dadab.aabcd.1bebc.1ceec,1
1/aa-cba/adcb1.dadab.aabcd.1bebc.2ee1,-1
2/ba-cba/adcb1.dadab.1abcd.1bebc.2ee1,1
1/b-c-cba/adcb1.dada1.1abcd.2ebc.2ee1,-1
2/c-c-cba/1dcb1.dada1.1abcd.2ebc.2ee1,1
1/c-c-dba/1dcb1.dada1.1abcd.2eb1.2ee1,-1
2/c-c-dda/2cb1.1ada1.1abcd.2eb1.2ee1,1
1/a-c-dda/2cb1.2da1.2bcd.2eb1.2ee1,-1
2/a-c-ddc/2cb1.2da1.2bcd.2eb1.5,1
1/a-c-dcc/2cb1.2da1.2bc1.2eb1.5,-1
2/a-c-ccc/3b1.2da1.2bc1.2eb1.5,1
1/a-d-ccc/3b1.2da1.2bc1.2e2.5,-1
2/a-c-ccc/5.2da1.2bc1.2e2.5,1
1/-b-c-ccc/5.2d2.2bc1.2e2.5,-1
2/-b-c-bcc/5.2d2.2b2.2e2.5,1
1/-b-c-bbc/5.5.2b2.2e2.5,-1
2/-b-b-bbc/5.5.5.2e2.5,1
1/-b-b-bbb/5.5.5.5.5,-1
1/aaaaa/bedae.cbcab.baead.ceccd.abedd,1
2/aaaba/bedae.cbcab.baead.ceccd.abed1,-1
1/aaa-ba/bedae.cbcab.baead.cecc1.abe2,1
2/aaa-bb/bedae.cbcab.baead.cecc1.ab3,-1
1/aa-b-bb/bedae.cbcab.baead.cec2.ab3,1
2/ab-b-bb/1edae.cbcab.baead.cec2.ab3,-1
1/-bb-b-bb/1edae.cbcab.baead.cec2.1b3,1
2/-bbb-bb/1edae.1bcab.baead.1ec2.1b3,-1
1/-bbb-ba/1eda1.1bcab.baead.1ec2.1b3,1
2/-bdb-ba/1eda1.1bca1.1aead.1ec2.1b3,-1
1/-cdb-ba/1ed2.1bca1.1aead.1ec2.1b3,1
2/-cdbaa/1ed2.1bca1.1aea1.1ec2.1b3,-1
1/-ccbaa/1ed2.1bca1.1aea1.1ec2.5,1
2/acbaa/1ed2.1bc2.1ae2.1ec2.5,-1
1/acb-ba/1e3.1bc2.1ae2.1ec2.5,1
2/acc-ba/1e3.1bc2.1ae2.1e3.5,-1
1/acc-b-b/1e3.1bc2.1a3.1e3.5,1
2/acc-ba/5.1bc2.1a3.1e3.5,-1
1/acc-b-b/5.1bc2.1a3.5.5,1
2/bcc-b-b/5.1bc2.5.5.5,-1
1/bbc-b-b/5.2c2.5.5.5,1
2/bbd-b-b/5.5.5.5.5,-1
1/aaaaa/ebdbd.eccac.dbade.acbec.abdae,-1
2/aaaab/1bdbd.eccac.dbade.acbec.abdae,1
1/aaaa-b/1bdbd.1ccac.dbade.acbec.abda1,-1
2/aaab-b/1bdb1.1ccac.dbade.acbec.abda1,1
1/a-bab-b/2db1.1ccac.dbade.acbec.abda1,-1
2/a-bbb-b/2db1.2cac.dbade.acbec.abda1,1
1/-b-bbb-b/2db1.2cac.dbade.acbec.abd2,-1
2/-b-bcb-b/2db1.2ca1.dbade.acbec.abd2,1
1/-b-bca-b/2db1.2ca1.dbade.acbec.ab3,-1
2/-baca-b/2d2.2ca1.dbade.acbec.ab3,1
1/-daca-b/2d2.2c2.dbade.acbec.1b3,-1
2/-dacaa/2d2.2c2.dbad1.acbec.1b3,1
1/-dac-ba/2d2.2c2.1bad1.acbec.1b3,-1
2/-dacaa/5.2c2.1bad1.acbec.1b3,1
1/-daaaa/5.5.1bad1.acbe1.1b3,-1
2/-caaaa/5.5.1bad1.1cbe1.1b3,1
1/-c-caaa/5.5.2ad1.1cbe1.5,-1
2/-c-cbaa/5.5.2ad1.2be1.5,1
1/-d-cbaa/5.5.3d1.2be1.5,-1
2/-d-bbaa/5.5.3d1.3e1.5,1
1/-d-bb-ba/5.5.5.3e1.5,-1
2/-d-bb-bb/5.5.5.5.5,1
1/aaaaa/ccaee.ddeaa.bbbce.cdaad.debbc,1
2/aaaab/ccae1.ddeaa.bbbce.cdaad.debbc,-1
1/aaaaa/cca2.ddeaa.bbbce.cdaad.debbc,1
2/aaaba/cca2.ddeaa.bbbce.cdaad.1ebbc,-1
1/aa-cba/1ca2.ddeaa.bbbce.1daad.1ebbc,1
2/ca-cba/1c3.ddea1.bbbce.1daad.1ebbc,-1
1/ca-cb-c/1c3.ddea1.bbbc1.1daad.2bbc,1
2/ca-bb-c/1c3.ddea1.bbbc1.1daad.2bb1,-1
1/c-b-bb-c/1c3.ddea1.bbbc1.1daad.2b2,1
2/c-b-bd-c/1c3.1dea1.bbbc1.2aad.2b2,-1
1/c-c-bd-c/1c3.1dea1.1bbc1.2aad.2b2,1
2/c-b-bd-c/1c3.1dea1.1bbc1.2aad.5,-1
1/b-b-bd-c/1c3.1dea1.1bbc1.3ad.5,1
2/b-b-be-c/1c3.1dea1.1bbc1.3a1.5,-1
1/-b-b-be-c/1c3.1de2.1bbc1.5.5,1
2/-b-bbe-c/5.1de2.1bb2.5.5,-1
1/-b-bbd-c/5.2e2.1bb2.5.5,1
2/-bbbd-c/5.2e2.5.5.5,-1
1/-bbbd-d/5.5.5.5.5,1
1/aaaaa/ddabe.ceadb.cdecc.aeeba.bbdca,1
2/aaaab/ddab1.ceadb.cdecc.aeeba.bbdca,-1
1/a-caab/dda2.cead1.cdecc.aeeba.bbdca,1
2/c-caab/dd3.cead1.cdecc.aeeba.bbdc1,-1
1/c-ca-cb/1d3.cea2.cdecc.aeeba.bbdc1,1
2/c-cc-cb/1d3.cea2.cdec1.aeeba.bbd2,-1
1/c-ca-cb/1d3.1ea2.cde2.aeeba.bbd2,1
2/e-ca-cb/1d3.1e3.cde2.aeeb1.bbd2,-1
1/e-ca-ca/1d3.1e3.cd3.aeeb1.bbd2,1
2/eaa-ca/1d3.1e3.cd3.aee2.1bd2,-1
1/daa-ca/1d3.1e3.cd3.1ee2.1bd2,1
2/daaaa/5.1e3.cd3.1ee2.1b3,-1
1/d-baaa/5.1e3.cd3.1ee2.5,1
2/d-bbaa/5.1e3.1d3.1ee2.5,-1
1/d-bba-c/5.5.1d3.2e2.5,1
2/d-bbb-c/5.5.5.2e2.5,-1
1/d-bbb-d/5.5.5.5.5,1
1/aaaaa/aaeba.bbced.dbcec.eaedd.bdcca,1
2/baaaa/aaeba.bbced.dbcec.eaedd.bdcc1,-1
1/baa-ba/aaeba.bbced.dbcec.eaed1.bdcc1,1
2/bac-ba/aaeba.bbced.dbce1.eaed1.bdc2,-1
1/aac-ba/1aeba.bbced.dbce1.eaed1.bdc2,1
2/aacba/1aeba.bbce1.dbce1.eae2.bdc2,-1
1/aacb-b/1aeba.bbce1.dbc2.eae2.bdc2,1
2/bacb-b/1aeb1.bbce1.dbc2.eae2.bdc2,-1
1/b-ccb-b/1ae2.bbce1.dbc2.eae2.1dc2,1
2/b-ccba/1a3.bbce1.dbc2.eae2.1dc2,-1
1/b-dcba/1a3.1bce1.dbc2.eae2.1dc2,1
2/b-dcca/1a3.1bce1.1bc2.eae2.1dc2,-1
1/b-dcc-b/1a3.1bce1.1bc2.1ae2.1dc2,1
2/b-dcca/1a3.1bc2.1bc2.1ae2.1dc2,-1
1/b-dcba/1a3.1bc2.1bc2.1ae2.2c2,1
2/b-ddba/1a3.1bc2.1bc2.1ae2.5,-1
1/b-dcba/1a3.1b3.1bc2.1ae2.5,1
2/c-dcba/5.1b3.1bc2.1ae2.5,-1
1/c-ecba/5.5.1bc2.1ae2.5,1
2/c-dcba/5.5.2c2.1ae2.5,-1
1/b-dcba/5.5.2c2.2e2.5,1
2/b-ddba/5.5.5.2e2.5,-1
1/b-ddb-b/5.5.5.5.5,1
1/aaaaa/eadad.cedcc.bcbbb.edace.aeabd,-1
2/aaaab/1adad.cedcc.bcbbb.edace.aeabd,1
1/aaa-bb/1adad.cedcc.bcbbb.edace.aeab1,-1
2/caa-bb/2dad.cedcc.bcbbb.edace.1eab1,1
1/caa-b-b/2dad.cedcc.bcbbb.edac1.2ab1,-1
2/caaa-b/3ad.cedcc.bcbbb.edac1.2ab1,1
1/ca-ba-b/3ad.1edcc.bcbbb.edac1.2ab1,-1
2/cc-ba-b/3ad.1edcc.bcbb1.edac1.2a2,1
1/cc-da-b/3ad.1edc1.bcbb1.eda2.2a2,-1
2/dc-da-b/3ad.1edc1.bcbb1.eda2.5,1
1/cc-da-b/3ad.1edc1.bcbb1.ed3.5,-1
2/cc-daa/3ad.1edc1.bcbb1.1d3.5,1
1/cc-da-b/3ad.2dc1.bcbb1.1d3.5,-1
2/cc-dc-b/3a1.3c1.bcbb1.1d3.5,1
1/ca-dc-b/3a1.3c1.1cb2.1d3.5,-1
2/ca-cc-b/3a1.5.1cb2.1d3.5,1
1/c-b-cc-b/3a1.5.1c3.1d3.5,-1
2/d-b-cc-b/5.5.1c3.1d3.5,1
1/d-b-dc-b/5.5.5.1d3.5,-1
2/d-b-dd-b/5.5.5.5.5,1
1/aaaaa/baece.bdeac.ceabd.aabdc.ddebc,-1
2/aabaa/baece.bdeac.ceabd.aabdc.ddeb1,1
1/aab-ba/baece.bdeac.ceabd.aabdc.1deb1,-1
2/abb-ba/1aece.bdeac.ceabd.aabdc.1deb1,1
1/aba-ba/1aece.bdeac.ceabd.aabd1.1deb1,-1
2/ababa/1aece.bdeac.ceab1.aabd1.2eb1,1
1/abab-c/1aec1.bdeac.ceab1.aabd1.3b1,-1
2/acab-c/1aec1.1deac.ceab1.aabd1.3b1,1
1/abab-c/1aec1.1deac.ceab1.aabd1.5,-1
2/bbab-c/1aec1.1deac.ceab1.1abd1.5,1
1/abab-c/2ec1.1deac.ceab1.1abd1.5,-1
2/abcb-c/2e2.1dea1.ceab1.1abd1.5,1
1/abcb-d/5.1dea1.ceab1.1abd1.5,-1
2/abcd-d/5.2ea1.ceab1.1ab2.5,1
1/a-bcd-d/5.2ea1.cea2.1a3.5,-1
2/a-bcd-c/5.3a1.cea2.1a3.5,1
1/-c-bcd-c/5.5.ce3.1a3.5,-1
2/-b-bcd-c/5.5.ce3.5.5,1
1/-b-bbd-c/5.5.1e3.5.5,-1
2/-b-bbd-b/5.5.5.5.5,1
1/aaaaa/aaebd.bcdec.ebacb.bdcec.aaedd,-1
2/caaaa/1aebd.bcdec.ebacb.bdcec.1aedd,1
1/c-baaa/1aebd.bcdec.ebacb.1dcec.1aedd,-1
2/d-baaa/2ebd.bcdec.ebacb.1dcec.1aedd,1
1/d-ba-ca/2eb1.bcdec.ebacb.1dcec.1aed1,-1
2/d-bb-ca/2eb1.bcde1.ebacb.1dcec.1aed1,1
1/d-db-ca/2eb1.1cde1.ebac1.1dcec.1aed1,-1
2/d-db-ba/2eb1.1cde1.ebac1.1dcec.1ae2,1
1/d-db-b-b/3b1.1cde1.ebac1.1dcec.1ae2,-1
2/d-db-ba/3b1.1cde1.ebac1.1dcec.1a3,1
1/d-d-b-ba/3b1.2de1.ebac1.1dce1.1a3,-1
2/d-c-b-ba/5.2de1.ebac1.1dce1.1a3,1
1/d-c-b-b-c/5.2d2.ebac1.1dc2.1a3,-1
2/e-c-b-b-c/5.2d2.ebac1.1dc2.5,1
1/e-c-b-d-c/5.5.ebac1.2c2.5,-1
2/e-c-b-d-b/5.5.1bac1.2c2.5,1
1/e-c-c-d-b/5.5.1bac1.5.5,-1
2/e-c-b-d-b/5.5.1ba2.5.5,1
1/d-c-b-d-b/5.5.1b3.5.5,-1
2/d-b-b-d-b/5.5.5.5.5,1
1/aaaaa/bcdce.aedce.acebd.daeba.cbdab,-1
2/abaaa/bcdce.aedce.acebd.daeba.cbda1,1
1/abaa-b/bcdc1.aedce.acebd.daeba.cbda1,-1
2/cbaa-b/bcdc1.aedce.acebd.daeb1.cbd2,1
1/caaa-b/1cdc1.aedce.acebd.daeb1.cbd2,-1
2/caba-b/1cd2.aedce.acebd.daeb1.cbd2,1
1/caaa-b/1cd2.aedce.acebd.daeb1.1bd2,-1
2/cbaa-b/1cd2.aedce.acebd.daeb1.2d2,1
1/bbaa-b/1cd2.1edce.acebd.daeb1.2d2,-1
2/cbaa-b/1cd2.1edce.1cebd.daeb1.2d2,1
1/caaa-b/1cd2.1edce.1cebd.dae2.2d2,-1
2/caab-b/1cd2.1edce.1ceb1.dae2.2d2,1
1/caaa-b/1cd2.1edce.1ceb1.1ae2.2d2,-1
2/daaa-b/1cd2.1edce.1ceb1.2e2.2d2,1
1/da-ca-b/2d2.1edce.2eb1.2e2.2d2,-1
2/da-cb-b/5.1edce.2eb1.2e2.2d2,1
1/da-cb-d/5.2dc1.2eb1.2e2.2d2,-1
2/db-cb-d/5.2dc1.2e2.2e2.2d2,1
1/db-c-b-d/5.3c1.2e2.2e2.5,-1
2/db-b-b-d/5.5.2e2.2e2.5,1
1/db-b-b-e/5.5.5.2e2.5,-1
2/db-b-b-d/5.5.5.5.5,1
1/aaaaa/aedce.caeee.acbab.ddbca.dbdcb,1
2/aaaba/aedce.caeee.acbab.ddbca.1bdcb,-1
1/-baaba/1edce.caeee.acbab.ddbca.1bdcb,1
2/-bcaba/1edce.caeee.acbab.ddbca.2dc1,-1
1/-bca-ba/1edce.caeee.acbab.1dbca.3c1,1
2/bca-ba/1edce.caeee.1cbab.1dbc1.3c1,-1
1/bca-b-c/2dc1.caeee.1cbab.1dbc1.3c1,1
2/bcc-b-c/2d2.1aeee.1cbab.1dbc1.3c1,-1
1/bcc-b-d/2d2.1aee1.1cbab.1dbc1.3c1,1
2/bcc-b-c/2d2.1ae2.1cbab.1dbc1.3c1,-1
1/bcb-b-c/2d2.1ae2.1cbab.1dbc1.5,1
2/bcbb-c/5.1ae2.1cbab.2bc1.5,-1
1/bc-bb-c/5.1ae2.2bab.2b2.5,1
2/bd-bb-c/5.1ae2.2bab.5.5,-1
1/bc-bb-c/5.1ae2.3ab.5.5,1
2/cc-bb-c/5.2e2.3ab.5.5,-1
1/bc-bb-c/5.2e2.4b.5.5,1
2/bd-bb-c/5.2e2.5.5.5,-1
1/bd-bb-d/5.5.5.5.5,1
1/aaaaa/aaeed.bedcb.adaed.cdbcc.cebab,-1
2/aaaba/aaee1.bedcb.adaed.cdbcc.cebab,1
1/a-baba/aaee1.bedc1.adaed.cdbcc.cebab,-1
2/a-babb/aae2.bedc1.adaed.cdbcc.cebab,1
1/a-baba/aa3.bedc1.adaed.cdbcc.cebab,-1
2/a-bbba/aa3.bed2.adaed.cdbcc.cebab,1
1/-b-bbba/a4.bed2.adaed.cdbcc.cebab,-1
2/-babba/a4.bed2.adaed.cdbcc.ceba1,1
1/-dabba/5.bed2.adaed.cdbcc.ceb2,-1
2/-dbbba/5.bed2.adaed.cdbcc.ce3,1
1/-db-bba/5.bed2.adaed.cdbc1.1e3,-1
2/-dbbba/5.bed2.adaed.1db2.1e3,1
1/-dbb-ba/5.be3.adae1.1db2.1e3,-1
2/-dbb-bc/5.b4.adae1.1db2.5,1
1/-d-bb-bc/5.5.adae1.1d3.5,-1
2/-c-bb-bc/5.5.1dae1.1d3.5,1
1/-c-bb-cc/5.5.2ae1.1d3.5,-1
2/-b-bb-cc/5.5.3e1.1d3.5,1
1/-b-bb-dc/5.5.3e1.5.5,-1
2/-b-bb-dd/5.5.5.5.5,1
1/aaaaa/daeda.eeacc.bebba.bdbdc.dceac,-1
2/aaaca/1aeda.eeacc.bebba.bdbdc.1ceac,1
1/aa-bca/1aeda.eeacc.bebba.bdbdc.2eac,-1
2/aaaca/1aeda.eeacc.bebba.bdbdc.2ea1,1
1/-caaca/1aed1.eeacc.bebba.bdbdc.2e2,-1
2/-caacb/1aed1.1eacc.bebba.bdbdc.2e2,1
1/-caabb/1ae2.1eacc.bebba.bdbdc.2e2,-1
2/-baabb/2e2.1eacc.bebba.bdbdc.2e2,1
1/-baab-c/5.2acc.bebba.bdbdc.5,-1
2/-bacb-c/5.2ac1.bebba.bdbd1.5,1
1/-cacb-c/5.2ac1.bebb1.bdbd1.5,-1
2/-cbcb-c/5.2ac1.1ebb1.bdbd1.5,1
1/-dbcb-c/5.3c1.1ebb1.bdbd1.5,-1
2/-dbdb-c/5.5.1ebb1.bdbd1.5,1
1/-d-bdb-c/5.5.1eb2.1dbd1.5,-1
2/-d-bdc-c/5.5.1eb2.2bd1.5,1
1/-d-cdc-c/5.5.1e3.2bd1.5,-1
2/-d-bdc-c/5.5.1e3.3d1.5,1
1/-d-bdb-c/5.5.1e3.5.5,-1
2/-d-bdb-b/5.5.5.5.5,1
1/aaaaa/cebbc.daddc.acbdd.eeeba.bacea,1
2/aabaa/1ebbc.daddc.acbdd.eeeba.bacea,-1
1/aab-ba/1ebbc.1addc.acbdd.eeeba.bacea,1
2/bab-ba/1ebbc.1addc.1cbdd.eeeba.bacea,-1
1/bab-b-c/2bbc.1addc.1cbdd.1eeba.bacea,1
2/bac-b-c/2bb1.1addc.1cbdd.1eeba.bacea,-1
1/aac-b-c/2bb1.1addc.1cbdd.1eeba.bace1,1
2/aac-b-b/2bb1.1addc.1cbdd.1eeba.bac2,-1
1/aab-b-b/2bb1.1addc.1cbdd.1eeba.ba3,1
2/cab-b-b/2bb1.2ddc.1cbdd.1eeba.b4,-1
1/cab-b-c/2bb1.2ddc.1cbdd.2eba.b4,1
2/cdb-b-c/5.2ddc.1cbdd.2eba.5,-1
1/cdb-c-c/5.3dc.1cbdd.2eba.5,1
2/cdb-b-c/5.4c.1cbdd.2eba.5,-1
1/cd-b-b-c/5.5.2bdd.2eba.5,1
2/cd-ba-c/5.5.2bd1.2eba.5,-1
1/cc-ba-c/5.5.3d1.2eba.5,1
2/cc-bb-c/5.5.5.2eba.5,-1
1/bc-bb-c/5.5.5.2eb1.5,1
2/bd-bb-c/5.5.5.2e2.5,-1
1/bd-bb-d/5.5.5.5.5,1
1/aaaaa/ecbcd.beaaa.adebb.eceba.cdddc,1
2/aaaab/1cbcd.beaaa.adebb.eceba.cdddc,-1
1/aa-bab/1cbcd.beaaa.adebb.eceba.cddd1,1
2/ba-bab/1cbcd.beaaa.adebb.eceb1.cddd1,-1
1/b-b-bab/1cbcd.1eaaa.adebb.eceb1.cddd1,1
2/b-baab/2bcd.1eaaa.adebb.eceb1.cddd1,-1
1/b-caab/2bcd.1eaaa.adeb1.eceb1.cddd1,1
2/b-cabb/2bc1.1eaaa.adeb1.eceb1.cddd1,-1
1/b-caab/2bc1.1eaaa.adeb1.eceb1.cdd2,1
2/baaab/3c1.1eaaa.adeb1.ece2.cdd2,-1
1/aaaab/3c1.1eaaa.1deb1.ece2.cdd2,1
2/abaab/3c1.1eaaa.1de2.ece2.cdd2,-1
1/ab-bab/5.1eaaa.1de2.ece2.cdd2,1
2/abaab/5.1eaaa.1de2.ece2.1dd2,-1
1/abaaa/5.1eaaa.1de2.1ce2.1dd2,1
2/ababa/5.1eaaa.1de2.1ce2.1d3,-1
1/abab-c/5.2aaa.1de2.1c3.1d3,1
2/cbab-c/5.3a1.1de2.1c3.1d3,-1
1/cbaa-c/5.3a1.1de2.1c3.5,1
2/cbba-c/5.3a1.1de2.5.5,-1
1/bbba-c/5.5.1de2.5.5,1
2/bbbb-c/5.5.2e2.5.5,-1
1/bbbb-d/5.5.5.5.5,1
1/aaaaa/ecdca.cbbea.dcdda.acdbe.eebab,-1
2/aaaab/1cdca.cbbea.dcdda.acdbe.eebab,1
1/aaaaa/1cdca.cbbea.dcdda.acdbe.1ebab,-1
2/baaaa/1cdca.cbbea.dcdda.1cdbe.1ebab,1
1/ba-caa/2dca.1bbea.dcdda.1cdbe.1ebab,-1
2/bc-caa/2dca.2bea.dcdda.1cdbe.1eba1,1
1/ac-caa/2dca.2bea.dcdda.1cdbe.1eb2,-1
2/ac-cba/3ca.2bea.dcdda.1cdbe.1eb2,1
1/aa-cba/3ca.3ea.dcdda.1cdbe.1e3,-1
2/ba-cba/3c1.3ea.dcdda.1cdbe.1e3,1
1/ba-cb-c/3c1.3ea.dcdda.1cdb1.5,-1
2/ba-bb-c/5.3ea.dcdda.1cdb1.5,1
1/ba-ba-c/5.3ea.1cdda.1cdb1.5,-1
2/ca-ba-c/5.3ea.1cdd1.1cdb1.5,1
1/c-b-ba-c/5.3ea.1cdd1.1cd2.5,-1
2/c-bba-c/5.3ea.2dd1.2d2.5,1
1/c-bb-c-c/5.3ea.5.2d2.5,-1
2/d-bb-c-c/5.3e1.5.2d2.5,1
1/d-bb-d-c/5.3e1.5.5.5,-1
2/d-bb-d-b/5.5.5.5.5,1
1/aaaaa/daace.bcaee.edadc.cdeac.dbbbb,-1
2/aaaab/daac1.bcaee.edadc.cdeac.dbbbb,1
1/a-baab/daac1.bcaee.edadc.cdeac.dbbb1,-1
2/aaaab/daac1.bcaee.edadc.cdeac.dbb2,1
1/aaaaa/daac1.bcae1.edadc.cdeac.dbb2,-1
2/abaaa/daac1.bcae1.edadc.cdeac.db3,1
1/ab-baa/daac1.bcae1.edadc.cdea1.db3,-1
2/bb-baa/daac1.bcae1.edadc.cde2.db3,1
1/bb-b-ba/daac1.bcae1.edadc.cde2.1b3,-1
2/bba-ba/daac1.bcae1.edadc.1de2.1b3,1
1/bba-ca/1aac1.bcae1.edadc.1de2.1b3,-1
2/cba-ca/2ac1.bcae1.edadc.1de2.1b3,1
1/cba-c-c/2ac1.bcae1.1dadc.1d3.1b3,-1
2/cbb-c-c/2a2.bcae1.1dadc.1d3.1b3,1
1/cab-c-c/2a2.1cae1.1dadc.1d3.1b3,-1
2/cbb-c-c/2a2.1cae1.1dadc.1d3.5,1
1/bbb-c-c/5.1cae1.1dadc.1d3.5,-1
2/bbc-c-c/5.2ae1.1dadc.1d3.5,1
1/bbc-e-c/5.2ae1.2adc.5.5,-1
2/cbc-e-c/5.3e1.2adc.5.5,1
1/cbc-e-d/5.5.2adc.5.5,-1
2/dbc-e-d/5.5.3dc.5.5,1
1/dbc-f-d/5.5.4c.5.5,-1
1/aaaaa/edbcd.aabbc.dbcbe.daaec.eaced,-1
2/aaaba/edbc1.aabbc.dbcbe.daaec.eaced,1
1/aa-cba/edb2.aabb1.dbcbe.daaec.eaced,-1
2/aa-cbb/1db2.aabb1.dbcbe.daaec.eaced,1
1/aa-cab/1db2.aabb1.dbcbe.daaec.eace1,-1
2/ba-cab/1db2.1abb1.dbcbe.daaec.eace1,1
1/ba-caa/1db2.1abb1.dbcb1.daaec.eace1,-1
2/ba-cca/2b2.1abb1.1bcb1.daaec.eace1,1
1/b-c-cca/5.1ab2.1bcb1.daaec.eace1,-1
2/b-b-cca/5.1ab2.1bc2.daaec.eace1,1
1/b-b-dca/5.1ab2.1bc2.daae1.eace1,-1
2/c-b-dca/5.2b2.1bc2.daae1.eace1,1
1/c-b-dc-b/5.2b2.1bc2.daa2.eace1,-1
2/cb-dc-b/5.5.2c2.daa2.eace1,1
1/cb-ec-b/5.5.5.daa2.eace1,-1
2/cb-eca/5.5.5.daa2.1ace1,1
1/bb-eca/5.5.5.da3.1ace1,-1
2/cb-eca/5.5.5.d4.1ace1,1
1/cb-eba/5.5.5.5.1ace1,-1
2/db-eba/5.5.5.5.2ce1,1
1/db-fba/5.5.5.5.3e1,-1
1/aaaaa/ccbed.dcbaa.bdabe.ecaad.eecbd,1
2/aaaab/ccbed.dcbaa.bdabe.ecaad.1ecbd,-1
1/aaaaa/ccbed.dcbaa.bdabe.1caad.1ecbd,1
2/aaaba/ccbed.dcbaa.bdabe.1caad.1ecb1,-1
1/aaa-ba/ccbe1.dcbaa.bdabe.1caa1.1ecb1,1
2/aab-ba/1cbe1.dcbaa.bdabe.1caa1.1ecb1,-1
1/a-bb-ba/1cbe1.dcbaa.1dabe.1caa1.1ecb1,1
2/a-bbaa/1cbe1.1cbaa.1dabe.1caa1.1ecb1,-1
1/a-cbaa/1cbe1.1cbaa.1dabe.1caa1.1ec2,1
2/c-cbaa/1cbe1.1cba1.1dabe.1ca2.1ec2,-1
1/c-cba-b/1cbe1.1cba1.1dab1.1ca2.1ec2,1
2/c-cca-b/1cbe1.1cba1.1dab1.1ca2.1e3,-1
1/c-cca-c/1cb2.1cba1.1dab1.1ca2.1e3,1
2/caca-c/1c3.1cba1.1da2.1ca2.1e3,-1
1/baca-c/1c3.1cba1.1da2.1c3.1e3,1
2/caca-c/1c3.1cb2.1da2.1c3.1e3,-1
1/c-bca-c/1c3.1c3.1da2.1c3.1e3,1
2/c-bda-c/5.1c3.1da2.1c3.1e3,-1
1/c-bca-c/5.5.1da2.1c3.1e3,1
2/c-bcb-c/5.5.2a2.1c3.1e3,-1
1/b-bcb-c/5.5.5.1c3.1e3,1
2/b-bdb-c/5.5.5.5.1e3,-1
1/b-bdb-d/5.5.5.5.5,1
1/aaaaa/bcced.dacdb.eadbc.aedba.bcaee,-1
2/aaaab/bcced.dacdb.eadbc.aedba.bcae1,1
1/aaaaa/bcced.dacdb.eadbc.aedba.bca2,-1
2/baaaa/bcced.dacdb.eadbc.aedba.bc3,1
1/b-caaa/1cced.dacdb.eadbc.aedba.1c3,-1
2/b-caca/1cce1.1acdb.eadbc.aedba.1c3,1
1/b-c-bca/2ce1.1acdb.eadbc.aedba.1c3,-1
2/c-c-bca/2ce1.1acdb.eadbc.aedb1.1c3,1
1/b-c-bca/2ce1.1acdb.eadbc.1edb1.1c3,-1
2/b-c-bcb/2ce1.1acdb.1adbc.1edb1.1c3,1
1/b-c-dcb/3e1.1acdb.1adb1.1edb1.1c3,-1
2/b-c-ccb/3e1.1acdb.1adb1.1edb1.5,1
1/b-e-ccb/3e1.1acd1.1adb1.1ed2.5,-1
2/b-d-ccb/3e1.1acd1.1ad2.1ed2.5,1
1/b-d-cc-b/5.1acd1.1ad2.2d2.5,-1
2/b-d-cd-b/5.1ac2.1ad2.2d2.5,1
1/b-d-cc-b/5.1ac2.1ad2.5.5,-1
2/c-d-cc-b/5.2c2.1ad2.5.5,1
1/b-d-cc-b/5.2c2.2d2.5.5,-1
2/b-d-bc-b/5.5.2d2.5.5,1
1/b-d-bb-b/5.5.5.5.5,-1
1/aaaaa/dbeed.aebad.aecdb.ccbbc.aaedc,-1
2/aaaba/1beed.aebad.aecdb.ccbbc.aaedc,1
1/aaaaa/1bee1.aebad.aecdb.ccbbc.aaedc,-1
2/aaaab/1be2.aebad.aecdb.ccbbc.aaedc,1
1/a-baab/2e2.aebad.aecdb.ccbbc.aaedc,-1
2/b-baab/2e2.aebad.aecdb.ccbbc.1aedc,1
1/a-baab/2e2.aebad.aecdb.ccbbc.2edc,-1
2/a-bbab/2e2.aebad.aecdb.1cbbc.2edc,1
1/a-baab/2e2.aebad.aecdb.1cbbc.2ed1,-1
2/b-baab/2e2.1ebad.aecdb.1cbbc.2ed1,1
1/b-baa-c/5.2bad.aecdb.1cbbc.3d1,-1
2/b-bca-c/5.2bad.aecdb.2bb1.3d1,1
1/b-dca-c/5.3ad.aecd1.2bb1.3d1,-1
2/c-dca-c/5.4d.aecd1.2bb1.3d1,1
1/c-eca-c/5.4d.aecd1.3b1.3d1,-1
2/c-ecb-c/5.5.aecd1.3b1.3d1,1
1/b-ecb-c/5.5.1ecd1.3b1.3d1,-1
2/b-ecb-b/5.5.2cd1.3b1.3d1,1
1/b-ebb-b/5.5.3d1.3b1.3d1,-1
2/b-ebc-b/5.5.5.3b1.3d1,1
1/b-fbc-b/5.5.5.5.3d1,-1
1/aaaaa/aeaed.aabde.ccddb.cbbcb.dceea,-1
2/baaaa/1eaed.aabde.ccddb.cbbcb.dceea,1
1/-baaaa/1eaed.1abde.ccddb.cbbcb.dcee1,-1
2/-baaac/2aed.1abde.ccddb.cbbcb.dce2,1
1/-baaab/2aed.1abde.ccddb.cbbcb.dc3,-1
2/-babab/2aed.1abde.1cddb.cbbcb.dc3,1
1/-baaab/2aed.1abde.1cddb.1bbcb.dc3,-1
2/baaab/3ed.2bde.1cddb.1bbcb.dc3,1
1/baa-bb/3e1.2bde.1cddb.1bbcb.dc3,-1
2/bba-bb/3e1.3de.1cddb.1bbcb.dc3,1
1/baa-bb/3e1.3de.1cddb.1bbc1.dc3,-1
2/bba-bb/3e1.3de.1cdd1.1bbc1.dc3,1
1/bba-b-b/5.3d1.1cdd1.1bbc1.dc3,-1
2/bbab-b/5.5.1cdd1.1bbc1.1c3,1
1/bb-db-b/5.5.2dd1.1bb2.5,-1
2/bb-dc-b/5.5.3d1.1bb2.5,1
1/b-b-dc-b/5.5.3d1.5.5,-1
2/b-b-dd-b/5.5.5.5.5,1
1/aaaaa/abdea.bcece.bdcda.cdeab.cedba,1
2/daaaa/1bde1.bcece.bdcda.cdeab.cedb1,-1
1/d-caaa/2de1.1cece.bdcda.cdeab.cedb1,1
2/d-baaa/2de1.1cece.1dcda.cdeab.cedb1,-1
1/d-baa-b/2de1.1cec1.1dcda.cdeab.cedb1,1
2/dbaa-b/2de1.1cec1.1dcda.cdea1.ced2,-1
1/cbaa-b/2de1.1cec1.1dcda.cde2.ced2,1
2/cbca-b/2de1.1cec1.1dcda.1de2.1ed2,-1
1/bbca-b/2de1.1cec1.1dcd1.1de2.1ed2,1
2/bbcaa/2d2.1cec1.1dcd1.1de2.1ed2,-1
1/bbc-ba/2d2.1cec1.1dcd1.1de2.1e3,1
2/bbe-ba/2d2.2e2.1dcd1.1de2.1e3,-1
1/bbe-ea/5.2e2.2c2.1de2.1e3,1
2/bbe-da/5.2e2.2c2.2e2.1e3,-1
1/bbe-d-b/5.5.2c2.2e2.1e3,1
2/bbf-d-b/5.5.5.2e2.1e3,-1
1/aaaaa/eadcd.bcdcb.beace.dabab.dceae,1
2/aaaac/1adcd.bcdcb.beace.dabab.dcea1,-1
1/-baaac/1adcd.bcdcb.beace.dabab.dce2,1
2/-bbaac/1adcd.1cdcb.beace.dabab.dce2,-1
1/-b-baac/1adcd.1cdcb.1eace.daba1.dce2,1
2/a-baac/1adcd.1cdcb.1eace.dab2.dce2,-1
1/a-ba-bc/1adcd.1cdcb.1eace.1ab2.dce2,1
2/a-babc/1adc1.1cdcb.1eace.1ab2.1ce2,-1
1/a-babb/1adc1.1cdcb.1eac1.1ab2.1ce2,1
2/a-bbbb/1adc1.1cdcb.1eac1.1ab2.2e2,-1
1/-b-bbbb/1adc1.1cdcb.1eac1.2b2.2e2,1
2/-babbb/1adc1.1cdc1.1eac1.2b2.2e2,-1
1/-babb-b/1adc1.1cdc1.2ac1.2b2.5,1
2/-badb-b/1ad2.1cdc1.2a2.2b2.5,-1
1/-babb-b/1ad2.2d2.2a2.2b2.5,1
2/-bbbb-b/1ad2.2d2.2a2.5.5,-1
1/-cbbb-b/2d2.2d2.2a2.5.5,1
2/-cbbc-b/5.2d2.2a2.5.5,-1
1/-dbbc-b/5.2d2.5.5.5,1
2/-dbbd-b/5.5.5.5.5,-1
1/aaaaa/eddae.bdcbc.dacbb.ecada.aebce,-1
2/aaaab/1ddae.bdcbc.dacbb.ecada.aebce,1
1/aaaaa/1dda1.bdcbc.dacbb.ecada.aebce,-1
2/caaaa/1dd2.bdcbc.dacbb.ecada.1ebce,1
1/caa-ca/5.bdcbc.dacbb.ecada.1ebce,-1
2/caa-cb/5.bdcbc.dacbb.1cada.1ebce,1
1/caa-db/5.bdcbc.1acbb.1cada.1ebce,-1
2/cab-db/5.bdcb1.1acbb.1cada.1ebce,1
1/c-cb-db/5.1dc2.1acbb.1cada.1ebce,-1
2/c-cc-db/5.1d3.1acbb.1cada.1ebce,1
1/c-dc-db/5.1d3.1acb1.1cada.1ebce,-1
2/d-dc-db/5.1d3.1acb1.1cad1.1ebce,1
1/d-dc-d-b/5.1d3.1acb1.1cad1.2bc1,-1
2/d-cc-d-b/5.1d3.1acb1.1cad1.3c1,1
1/d-cb-d-b/5.1d3.1acb1.1cad1.5,-1
2/d-cb-c-b/5.5.1acb1.1cad1.5,1
1/c-cb-c-b/5.5.2cb1.1cad1.5,-1
2/c-bb-c-b/5.5.2c2.1cad1.5,1
1/c-ba-c-b/5.5.5.1cad1.5,-1
2/c-bb-c-b/5.5.5.2ad1.5,1
1/b-bb-c-b/5.5.5.3d1.5,-1
2/b-bb-b-b/5.5.5.5.5,1
1/aaaaa/beeaa.dcbcd.aeacc.badbc.debed,-1
2/aaaba/beeaa.dcbcd.aeacc.badbc.debe1,1
1/aa-bba/beeaa.dcbcd.aeacc.badb1.debe1,-1
2/aa-bbb/beeaa.dcbcd.aeacc.badb1.deb2,1
1/a-c-bbb/1eeaa.dcbcd.aeacc.badb1.de3,-1
2/a-b-bbb/1eeaa.dcbcd.aeacc.bad2.de3,1
1/a-b-bab/1eeaa.1cbcd.aeacc.bad2.de3,-1
2/c-b-bab/1eea1.1cbcd.1eacc.bad2.de3,1
1/c-b-cab/1eea1.1cbcd.1eac1.bad2.de3,-1
2/ca-cab/1eea1.1cbcd.1eac1.1ad2.de3,1
1/ba-cab/1ee2.1cbcd.1eac1.1ad2.de3,-1
2/ba-bab/1ee2.1cbcd.1ea2.1ad2.de3,1
1/ba-ba-c/5.1cbcd.1ea2.1ad2.d4,-1
2/ba-bb-c/5.1cbc1.1ea2.1ad2.d4,1
1/ba-b-b-c/5.1cbc1.1ea2.1a3.5,-1
2/ca-b-b-c/5.1cbc1.1e3.1a3.5,1
1/ba-b-b-c/5.1cbc1.1e3.5.5,-1
2/bab-b-c/5.2b2.1e3.5.5,1
1/b-bb-b-c/5.5.1e3.5.5,-1
2/b-bb-b-b/5.5.5.5.5,1
1/aaaaa/bacdb.bbaec.cdaed.adaee.bdcec,1
2/adaaa/1acd1.bbaec.cdaed.adaee.1dcec,-1
1/-cdaaa/2cd1.bbaec.cdaed.1daee.1dcec,1
2/-ceaaa/2cd1.1baec.cdaed.1daee.1dcec,-1
1/-cdaaa/2cd1.2aec.cdaed.1daee.1dcec,1
2/-cdcaa/3d1.2ae1.cdaed.1daee.1dcec,-1
1/-ddcaa/3d1.3e1.cdaed.1daee.1dcec,1
2/-ddcba/5.3e1.cdaed.1daee.1dcec,-1
1/-ddaba/5.3e1.1daed.1daee.1dce1,1
2/-ddaea/5.3e1.2ae1.1daee.2ce1,-1
1/-ddada/5.3e1.2ae1.2aee.2ce1,1
2/-ddadb/5.3e1.2ae1.2ae1.2ce1,-1
1/-dd-bdb/5.3e1.2ae1.2ae1.3e1,1
2/-bd-bdb/5.3e1.3e1.3e1.3e1,-1
1/-bd-bda/5.3e1.3e1.3e1.5,1
2/-bd-bdc/5.5.3e1.5.5,-1
1/-bd-bdb/5.5.5.5.5,1
1/aaaaa/edaac.ebdbb.ecdeb.cbeda.cadca,-1
2/aacaa/edaa1.ebdbb.ecdeb.cbeda.1adca,1
1/-cacaa/edaa1.ebdbb.ecdeb.cbeda.2dc1,-1
2/-cbcaa/edaa1.ebdb1.ecdeb.cbeda.2dc1,1
1/-dbcaa/eda2.ebdb1.ecdeb.cbeda.2dc1,-1
2/-bbcaa/ed3.ebdb1.ecdeb.cbed1.2dc1,1
1/-bbca-b/1d3.ebdb1.ecdeb.cbed1.2dc1,-1
2/-bcca-b/1d3.ebd2.ecdeb.cbed1.2dc1,1
1/-bcc-c-b/5.eb3.ecdeb.cbed1.2dc1,-1
2/-bcc-ca/5.1b3.ecdeb.cbed1.2dc1,1
1/-bcb-ca/5.1b3.ecdeb.cbed1.2d2,-1
2/-bcb-ba/5.1b3.ecdeb.cbed1.5,1
1/-bbb-ba/5.5.ecdeb.cbed1.5,-1
2/-bcb-ba/5.5.ecde1.cbed1.5,1
1/-bcb-b-c/5.5.1cd2.cbed1.5,-1
2/-bcbb-c/5.5.1c3.cbe2.5,1
1/-bc-bb-c/5.5.5.1be2.5,-1
2/-bd-bb-c/5.5.5.2e2.5,1
1/-bd-bb-d/5.5.5.5.5,-1
1/aaaaa/cdcab.dabba.beeeb.dcaed.ccaed,-1
2/aaaba/cdcab.dabba.beeeb.dcaed.ccae1,1
1/aaaaa/cdcab.dabba.beeeb.dcae1.ccae1,-1
2/aacaa/1dcab.dabba.beeeb.dcae1.1cae1,1
1/a-ccaa/1dca1.dabba.beee1.dcae1.1cae1,-1
2/a-ccca/2ca1.dabba.beee1.1cae1.1cae1,1
1/a-caca/3a1.dabba.beee1.1cae1.2ae1,-1
2/a-cbca/3a1.dabba.beee1.2ae1.2ae1,1
1/-c-cbca/5.dabba.beee1.2ae1.3e1,-1
2/a-cbca/5.dabb1.beee1.3e1.3e1,1
1/a-ebca/5.dab2.1eee1.3e1.3e1,-1
2/a-dbca/5.da3.1eee1.3e1.3e1,1
1/a-dbc-d/5.da3.2e2.3e1.5,-1
2/a-dbc-c/5.da3.5.3e1.5,1
1/-b-dbc-c/5.d4.5.3e1.5,-1
2/-b-dbd-c/5.5.5.3e1.5,1
1/-b-dbd-d/5.5.5.5.5,-1
1/aaaaa/ccaab.cdeac.eadbb.cddee.dbaeb,1
2/abaaa/ccaa1.cdeac.eadbb.cddee.dbaeb,-1
1/ab-baa/1caa1.cdeac.eadbb.cddee.dbaeb,1
2/abbaa/2aa1.1deac.eadbb.cddee.dbaeb,-1
1/-bbbaa/3a1.1deac.eadbb.cddee.dbaeb,1
2/-bbbab/3a1.1deac.1adbb.cddee.dbaeb,-1
1/-bbb-bb/3a1.1deac.1adbb.cddee.1baeb,1
2/abb-bb/5.1deac.1adbb.cddee.1baeb,-1
1/aab-bb/5.1deac.1adbb.cddee.2aeb,1
2/aabab/5.2eac.1adbb.cddee.2aeb,-1
1/aaaab/5.2eac.1adbb.1ddee.2aeb,1
2/baaab/5.2eac.2dbb.1ddee.2aeb,-1
1/baa-bb/5.2eac.2dbb.2dee.2aeb,1
2/bab-bb/5.2ea1.2dbb.2dee.2aeb,-1
1/-bab-bb/5.2e2.2dbb.2dee.3eb,1
2/-bab-bd/5.5.2dbb.2dee.4b,-1
1/-bab-cd/5.5.3bb.2dee.4b,1
2/-bcb-cd/5.5.5.2dee.4b,-1
1/-bbb-cd/5.5.5.2dee.5,1
2/-bbb-bd/5.5.5.3ee.5,-1
1/-bbb-bc/5.5.5.4e.5,1
2/-bbb-bd/5.5.5.5.5,-1
1/aaaaa/ebded.baeaa.abeac.dbcdb.ecccd,-1
2/aaaca/ebde1.baeaa.abeac.dbcdb.eccc1,1
1/aaac-b/ebd2.baeaa.abeac.dbcdb.eccc1,-1
2/aaaca/1bd2.baeaa.abeac.dbcdb.eccc1,1
1/a-daca/2d2.1aeaa.abeac.dbcd1.eccc1,-1
2/b-daca/2d2.1aea1.abeac.dbcd1.eccc1,1
1/a-daca/2d2.1aea1.1beac.dbcd1.eccc1,-1
2/a-dacb/2d2.1aea1.1beac.dbcd1.1ccc1,1
1/a-dabb/2d2.1aea1.1beac.1bcd1.1ccc1,-1
2/b-dabb/2d2.2ea1.1beac.1bcd1.1ccc1,1
1/a-dabb/2d2.2e2.1beac.1bcd1.1ccc1,-1
2/a-dcbb/2d2.2e2.1bea1.1bcd1.1cc2,1
1/a-ecbb/2d2.2e2.2ea1.1bcd1.1cc2,-1
2/a-dcbb/2d2.2e2.2ea1.2cd1.1cc2,1
1/a-dc-bb/5.2e2.2ea1.2c2.1cc2,-1
2/a-dd-bb/5.2e2.2ea1.2c2.1c3,1
1/a-dc-bb/5.2e2.2ea1.5.1c3,-1
2/a-dc-bc/5.5.2ea1.5.1c3,1
1/-b-dc-bc/5.5.2e2.5.1c3,-1
2/-b-dd-bc/5.5.2e2.5.5,1
1/-b-dd-bb/5.5.5.5.5,-1
