1/b-fadfb-d/7.7.7.2c4.7.7.7,-0.9995775818824768,1.0
2/b-dadfb-d/7.1b5.7.2cb3.7.7.7,0.9978266358375549,-1.0
1/b-d-bdfb-d/7.1b5.2c4.2cb3.7.7.7,-0.992644190788269,1.0
2/c-d-bdfb-d/7.1b5.2c4.2cb3.3a3.7.7,0.9547975659370422,-1.0
1/c-d-bdf-b-d/7.1b5.1fcf3.2cb3.3a3.7.7,-0.8090474605560303,1.0
2/c-d-bff-b-d/7.db5.dfcf3.2cb3.3a3.7.7,0.47107788920402527,-1.0
1/b-d-bff-b-d/7.db5.dfcfa2.2cb3.3a3.7.7,-0.7545009851455688,1.0
2/b-d-bffb-d/7.dbf4.dfcfa2.2cbf2.3a3.7.7,0.8429352641105652,-1.0
1/b-d-bfeb-d/7.dbf4.dfcfa2.2cbf2.2ea3.7.7,-0.9845317006111145,1.0
2/b-d-bfec-d/7.dbf4.dfcfa2.1fcbf2.2ea3.7.7,0.9726839661598206,-1.0
1/b-d-beec-d/7.dbf4.dfcfa2.1fcbf2.1dea3.7.7,-0.934889554977417,1.0
2/b-d-befc-d/7.dbf4.dfcfa2.efcbf2.1dea3.7.7,0.939690113067627,-1.0
1/b-d-bedc-d/7.dbf4.dfcfa2.efcbf2.edeae2.7.7,-0.7242347002029419,1.0
2/b-c-bedc-d/7.dbfb3.dfcfa2.efcbf2.edeae2.7.7,0.6232612729072571,-1.0
1/b-c-bebc-d/7.dbfbe2.dfcfa2.efcbf2.edeaee1.7.7,-0.6460200548171997,1.0
2/b-c-bebc-c/7.dbfbe2.dfcfa2.efcbfg1.edeaee1.7.7,0.4056471288204193,-1.0
1/b-d-bebc-c/7.dbfbe2.dfcfa2.efcbfg1.edeaee1.3b3.7,-0.1959294229745865,1.0
2/b-d-bebca/4g2.dbfbe2.dfcfag1.efcbfg1.edeaee1.3b3.7,0.22628247737884521,-1.0
1/-b-d-bebca/3ag2.dbfbe2.dfcfag1.efcbfg1.edeaee1.3ba2.7,-0.08008934557437897,1.0
2/-b-c-bebca/3ag2.dbfbeb1.dfcfag1.efcbfg1.edeaee1.3ba2.7,0.07825187593698502,-1.0
1/-c-c-bebca/2aag2.dbfbeb1.dfcfag1.efcbfg1.edeaee1.3ba2.7,-0.33343979716300964,1.0
2/-ca-bebca/2aagb1.dbfbeb1.dfcfag1.efcbfg1.edeaee1.2bba2.7,0.4266292154788971,-1.0
1/-ca-debca/2aagb1.dbfbeb1.dfcfagc.efcbfg1.edeaee1.2bba2.2c4,-0.3577750325202942,1.0
2/-ca-debcc/1gaagb1.dbfbeb1.dfcfagc.efcbfg1.edeaee1.1gbba2.2c4,0.43707922101020813,-1.0
1/-ca-dbbcc/dgaagb1.dbfbebd.dfcfagc.efcbfg1.edeaee1.dgbba2.2c4,-0.12344203144311905,1.0
2/-ba-dbbcc/dgaagb1.dbfbebd.dfcfagc.efcbfg1.edeaee1.dgbba2.1ac4,-0.18700432777404785,-1.0
1/-ba-dbacc/dgaagb1.dbfbebd.dfcfagc.efcbfg1.edeaee1.dgbba2.1ace3,-0.17819583415985107,1.0
2/-ba-bbacc/dgaagb1.dbfbebd.dfcfagc.efcbfgc.edeaee1.dgbba2.cace3,0.22318752110004425,-1.0
1/-ba-bbaca/dgaagb1.dbfbebd.dfcfagc.efcbfgc.edeaeeg.dgbbag1.cace3,-0.01020834781229496,1.0
2/aa-bbaca/dgaagb1.dbfbebd.dfcfagc.efcbfgc.edeaeeg.dgbbag1.cacea2,0.18482260406017303,-1.0
1/aa-bbaaa/dgaagbf.dbfbebd.dfcfagc.efcbfgc.edeaeeg.dgbbag1.caceaf1,-0.09161282330751419,1.0
2/aaabaaa/dgaagbf.dbfbebd.dfcfagc.efcbfgc.edeaeeg.dgbbagc.caceaf1,0.23981794714927673,-1.0
1/aaaaaaa/dgaagbf.dbfbebd.dfcfagc.efcbfgc.edeaeeg.dgbbagc.caceafd,-0.24259324371814728,1.0
2/-b-d-bdebb/7.7.4e2.7.7.7.7,0.9997572302818298,-1.0
1/-b-d-bdeab/7.7.4e2.4f2.7.7.7,-0.9933382868766785,1.0
2/-b-d-beeab/7.7.4e2.4f2.4d2.7.7,0.9899478554725647,-1.0
1/-b-d-bdeab/7.7.4e2.4f2.4d2.4d2.7,-0.936847448348999,1.0
2/-b-dadeab/7.7.4e2.4f2.4dc1.4d2.7,0.8702160120010376,-1.0
1/-b-d-bdeab/7.7.4e2.4fc1.4dc1.4d2.7,-0.7884706258773804,1.0
2/a-d-bdeab/7.7.4e2.4fc1.4dc1.3ad2.7,0.8782063722610474,-1.0
1/-b-d-bdeab/7.7.4e2.4fc1.4dc1.3ada1.7,-0.9270392060279846,1.0
2/-b-d-bdeac/7.7.4e2.4fc1.3gdc1.3ada1.7,0.9554560780525208,-1.0
1/-b-e-bdeac/7.7.4e2.4fc1.3gdc1.2bada1.7,-0.9340378642082214,1.0
2/-b-eadeac/7.7.4ec1.4fc1.3gdc1.2bada1.7,0.923278272151947,-1.0
1/-b-eadeaa/7.7.4ec1.3gfc1.2ggdc1.2bada1.7,-0.6553422212600708,1.0
2/-b-eadfaa/7.7.4ec1.2egfc1.2ggdc1.2bada1.7,0.5186461210250854,-1.0
1/-b-eaddaa/7.7.3eec1.2egfc1.1eggdc1.2bada1.7,-0.5543317198753357,1.0
2/-b-eaedaa/7.7.3eec1.1degfc1.1eggdc1.2bada1.7,0.4537426829338074,-1.0
1/-c-eaedaa/7.3a3.3eec1.1degfc1.1eggdc1.2bada1.7,-0.4291992485523224,1.0
2/-c-eaedab/7.3a3.3eec1.1degfc1.geggdc1.2bada1.7,0.17398317158222198,-1.0
1/-c-eaedaa/7.3a3.3eec1.gdegfc1.geggdc1.2bada1.7,-0.45601800084114075,1.0
2/-c-eaedba/7.3a3.3eecf.gdegfc1.geggdc1.2bada1.7,0.45984384417533875,-1.0
1/-c-eaed-ba/7.3a3.3eecf.gdegfc1.geggdc1.1fbada1.4f2,0.07997112721204758,1.0
2/-b-eaed-ba/7.3a3.2aeecf.gdegfc1.geggdc1.1fbada1.4f2,-0.4891139268875122,-1.0
1/-b-eadd-ba/7.3a3.2aeecf.gdegfc1.geggdc1.1fbada1.4fd1,-0.051502883434295654,1.0
2/-b-ecdd-ba/7.2ca3.2aeecf.gdegfc1.geggdc1.cfbada1.4fd1,0.14003102481365204,-1.0
1/-b-fcdd-ba/7.2cab2.2aeecf.gdegfc1.geggdc1.cfbada1.4fd1,0.13498878479003906,1.0
2/-b-bcdd-ba/7.2cabb1.1baeecf.gdegfcb.geggdc1.cfbada1.3bfd1,-0.14714530110359192,-1.0
1/-b-bcad-ba/7.1dcabbd.1baeecf.gdegfcb.geggdcd.cfbada1.3bfd1,0.168210968375206,1.0
2/a-bcad-ba/7.1dcabbd.1baeecf.gdegfcb.geggdcd.cfbadaa.3bfd1,-0.04751601070165634,-1.0
1/a-bcad-ca/7.1dcabbd.fbaeecf.gdegfcb.geggdcd.cfbadaa.3bfd1,0.1891796886920929,1.0
2/a-bcad-ba/7.fdcabbd.fbaeecf.gdegfcb.geggdcd.cfbadaa.3bfd1,0.05272262915968895,-1.0
1/a-baad-ba/1c5.fdcabbd.fbaeecf.gdegfcb.geggdcd.cfbadaa.3bfdc,-0.160965695977211,1.0
2/a-baadaa/1c5.fdcabbd.fbaeecf.gdegfcb.geggdcd.cfbadaa.2fbfdc,-0.11938310414552689,-1.0
1/-b-baadaa/1ca4.fdcabbd.fbaeecf.gdegfcb.geggdcd.cfbadaa.2fbfdc,-0.15275289118289948,1.0
2/a-baadaa/aca4.fdcabbd.fbaeecf.gdegfcb.geggdcd.cfbadaa.2fbfdc,0.16601882874965668,-1.0
1/a-baada-b/acag3.fdcabbd.fbaeecf.gdegfcb.geggdcd.cfbadaa.2fbfdc,-0.019081762060523033,1.0
2/aaaada-b/acagb2.fdcabbd.fbaeecf.gdegfcb.geggdcd.cfbadaa.2fbfdc,0.18881872296333313,-1.0
1/aaaaba-b/acagbe1.fdcabbd.fbaeecf.gdegfcb.geggdcd.cfbadaa.1efbfdc,-0.008706627413630486,1.0
2/aaaabaa/acagbeg.fdcabbd.fbaeecf.gdegfcb.geggdcd.cfbadaa.1efbfdc,0.1485622525215149,-1.0
1/aaaaaaa/acagbeg.fdcabbd.fbaeecf.gdegfcb.geggdcd.cfbadaa.eefbfdc,-0.14400885999202728,1.0
1/-e-dfbb-bb/7.7.7.3a3.7.7.7,-0.9994379878044128,1.0
2/-e-dfbb-bc/7.7.7.3a3.3g3.7.7,0.9988003969192505,-1.0
1/-e-efbb-bc/7.7.3b3.3a3.3g3.7.7,-0.9910274744033813,1.0
2/-e-efbb-bd/7.7.3bg2.3a3.3g3.7.7,0.9186414480209351,-1.0
1/-e-eebb-bd/7.7.3bg2.3a3.3g3.3c3.7,-0.9100454449653625,1.0
2/-e-eedb-bd/7.7.3bg2.2dad2.3g3.3c3.7,0.8034812808036804,-1.0
1/-e-eddb-bd/7.4c2.3bg2.2dad2.3g3.3c3.7,-0.7553046941757202,1.0
2/-e-dddb-bd/7.4c2.3bg2.2dad2.3gb2.3c3.7,0.7571835517883301,-1.0
1/-e-ddda-bd/7.4c2.3bg2.1edad2.3gb2.3c3.7,-0.5675483345985413,1.0
2/-e-dddabd/7.4c2.3bg2.fedad2.3gb2.3cf2.7,0.5265647768974304,-1.0
1/-f-dddabd/7.4c2.3bga1.fedad2.3gb2.3cf2.7,-0.04174191504716873,1.0
2/-f-dddabe/7.4c2.2gbga1.fedad2.3gb2.3cf2.7,0.025189897045493126,-1.0
1/-f-ddd-bbe/7.4c2.2gbga1.fedad2.2egb2.3cf2.7,-0.15639688074588776,1.0
2/-f-cdd-bbe/7.4cb1.2gbga1.fedad2.2egb2.3cf2.7,-0.16189758479595184,-1.0
1/-f-cdd-bbd/7.4cb1.2gbga1.fedadg1.2egb2.3cf2.7,0.21529783308506012,1.0
2/-f-bdd-bbd/7.4cb1.2gbga1.fedadg1.2egbb1.3cf2.7,0.1401718705892563,-1.0
1/-f-bdd-bbb/5g1.4cb1.2gbgag.fedadg1.2egbb1.3cf2.7,0.10663364082574844,1.0
2/-e-bdd-bbb/5g1.4cb1.2gbgag.fedadg1.2egbb1.3cf2.4a2,0.024242142215371132,-1.0
1/-e-bcd-bbb/5g1.4cb1.2gbgag.fedadg1.2egbb1.2ccf2.4a2,0.0610882006585598,1.0
2/-e-bce-bbb/5g1.4cb1.2gbgag.fedadg1.1degbb1.2ccf2.4a2,0.2624317407608032,-1.0
1/-e-bcc-bbb/5g1.4cb1.1dgbgag.fedadg1.ddegbb1.2ccf2.4a2,0.05977828428149223,1.0
2/-e-bccbbb/5g1.3ecb1.1dgbgag.fedadg1.ddegbb1.1eccf2.4a2,-0.2683025598526001,-1.0
1/-e-b-bcbbb/5g1.2cecb1.1dgbgag.fedadgc.ddegbb1.1eccfc1.4a2,0.41399767994880676,1.0
2/-e-bacbbb/5g1.2cecb1.cdgbgag.fedadgc.ddegbb1.1eccfc1.4a2,-0.517433226108551,-1.0
1/-e-bacbab/4fg1.2cecb1.cdgbgag.fedadgc.ddegbb1.1eccfc1.4a2,0.49065065383911133,1.0
2/-d-bacbab/4fg1.2cecb1.cdgbgag.fedadgc.ddegbb1.1eccfc1.3aa2,-0.47789448499679565,-1.0
1/-d-bacb-cb/3ffg1.1fcecb1.cdgbgag.fedadgc.ddegbb1.1eccfc1.3aa2,0.5026731491088867,1.0
2/-d-bacbab/3ffg1.ffcecb1.cdgbgag.fedadgc.ddegbb1.1eccfc1.3aaf1,-0.2697525918483734,-1.0
1/-d-bacaab/3ffg1.ffcecbe.cdgbgag.fedadgc.ddegbb1.1eccfc1.3aaf1,0.10049135237932205,1.0
2/-dbacaab/2bffg1.ffcecbe.cdgbgag.fedadgc.ddegbb1.1eccfc1.2baaf1,-0.0202029962092638,-1.0
1/-dbac-bab/2bffg1.ffcecbe.cdgbgag.fedadgc.ddegbbe.1eccfc1.2baaf1,-0.2697649598121643,1.0
2/-bbac-bab/1abffg1.ffcecbe.cdgbgag.fedadgc.ddegbbe.1eccfca.2baaf1,0.23845578730106354,-1.0
1/-bbaa-bab/1abffg1.ffcecbe.cdgbgag.fedadgc.ddegbbe.1eccfca.1dbaafd,-0.224198117852211,1.0
2/abaa-bab/1abffg1.ffcecbe.cdgbgag.fedadgc.ddegbbe.aeccfca.1dbaafd,0.16066581010818481,-1.0
1/abaa-baa/1abffgg.ffcecbe.cdgbgag.fedadgc.ddegbbe.aeccfca.1dbaafd,-0.026456374675035477,1.0
2/abaaaaa/eabffgg.ffcecbe.cdgbgag.fedadgc.ddegbbe.aeccfca.1dbaafd,0.17756110429763794,-1.0
1/aaaaaaa/eabffgg.ffcecbe.cdgbgag.fedadgc.ddegbbe.aeccfca.bdbaafd,-0.21698316931724548,1.0
1/-b-ddb-d-ed/7.7.7.7.2f4.7.7,0.9992846846580505,-1.0
2/-b-deb-d-ed/7.7.3c3.7.2f4.7.7,-0.9975683093070984,1.0
1/-c-deb-d-ed/7.7.3c3.7.2f4.2a4.7,0.99306321144104,-1.0
2/-c-deb-d-dd/7.7.3c3.2f4.2f4.2a4.7,-0.9861430525779724,1.0
1/-c-deb-d-dc/7.6g.3c3.2f4.2f4.2a4.7,0.9640156030654907,-1.0
2/-c-deb-d-cc/7.6g.2fc3.2f4.2f4.2a4.7,-0.8752808570861816,1.0
1/-d-deb-d-cc/7.6g.2fc3.2fa3.2f4.2a4.7,0.8021983504295349,-1.0
2/-d-dec-d-cc/7.6g.2fc3.2fa3.2fd3.2a4.7,-0.7371635437011719,1.0
1/-d-eec-d-cc/7.6g.2fc3.2fa3.2fd3.2ab3.7,0.7496192455291748,-1.0
2/-d-eee-d-cc/7.6g.1dfc3.2fa3.2fdd2.2ab3.7,-0.5454750657081604,1.0
1/-d-eee-e-cc/7.6g.1dfc3.2fae2.2fdd2.2ab3.7,0.47528979182243347,-1.0
2/-d-eee-b-cc/7.5eg.1dfce2.2fae2.2fdd2.2abe2.7,0.03687676042318344,1.0
1/-d-fee-b-cc/7.5eg.1dfceb1.2fae2.2fdd2.2abe2.7,0.18937277793884277,-1.0
2/-c-fee-b-cc/7.4aeg.1dfceb1.2fae2.2fdd2.2abe2.7,-0.5073798894882202,1.0
1/-c-fee-c-cc/6e.4aeg.1dfceb1.2fae2.2fdd2.2abe2.7,0.29603713750839233,-1.0
2/-c-fee-c-cd/6e.4aeg.1dfceb1.2fae2.2fdd2.2abe2.4g2,-0.18063612282276154,1.0
1/-c-fed-c-cd/6e.3daeg.1dfceb1.2fae2.2fdd2.2abe2.4g2,0.16024820506572723,-1.0
2/-c-ffd-c-cd/6e.3daeg.1dfceb1.1cfae2.2fdd2.2abe2.4g2,0.130205899477005,1.0
1/-c-fed-c-cd/6e.3daeg.1dfceb1.1cfae2.2fdd2.2abe2.3cg2,-0.08397074788808823,-1.0
2/-c-feda-cd/6e.3daeg.1dfcebe.1cfae2.1efdd2.2abe2.3cg2,0.3008684813976288,1.0
1/-c-fdda-cd/6e.3daeg.1dfcebe.1cfaec1.1efdd2.2abe2.3cg2,-0.040008559823036194,-1.0
2/-c-fdda-ce/6e.3daeg.1dfcebe.gcfaec1.1efdd2.2abe2.3cg2,0.16454502940177917,1.0
1/-c-fdca-ce/6e.3daeg.1dfcebe.gcfaec1.1efddd1.2abe2.3cg2,-0.15844619274139404,-1.0
2/-c-fdcaae/6e.3daeg.1dfcebe.gcfaec1.fefddd1.1fabe2.3cg2,0.08419481664896011,1.0
1/-c-fdca-be/5fe.3daeg.1dfcebe.gcfaec1.fefddd1.1fabe2.3cg2,-0.3586687743663788,-1.0
2/-c-cdca-be/4bfe.3daeg.bdfcebe.gcfaecb.fefddd1.1fabe2.3cg2,0.5314168930053711,1.0
1/-d-cdca-be/4bfe.2adaeg.bdfcebe.gcfaecb.fefddd1.1fabe2.3cg2,-0.5459729433059692,-1.0
2/-c-cdca-be/4bfe.1aadaeg.bdfcebe.gcfaecb.fefddd1.1fabe2.3cg2,0.48989367485046387,1.0
1/-c-cdaa-be/3dbfe.1aadaeg.bdfcebe.gcfaecb.fefdddd.1fabe2.3cg2,-0.6042869091033936,-1.0
2/-c-bdaa-be/3dbfe.1aadaeg.bdfcebe.gcfaecb.fefdddd.1fabeb1.3cg2,0.5988813638687134,1.0
1/-c-baaa-be/2cdbfe.1aadaeg.bdfcebe.gcfaecb.fefdddd.1fabebc.2ccg2,-0.497989684343338,-1.0
2/a-baaa-be/1acdbfe.1aadaeg.bdfcebe.gcfaecb.fefdddd.1fabebc.1accg2,0.4855080246925354,1.0
1/a-baaa-bc/1acdbfe.gaadaeg.bdfcebe.gcfaecb.fefdddd.1fabebc.1accgg1,-0.2484714239835739,-1.0
2/a-baaaac/1acdbfe.gaadaeg.bdfcebe.gcfaecb.fefdddd.1fabebc.1accggf,0.18624259531497955,1.0
1/a-baaaab/gacdbfe.gaadaeg.bdfcebe.gcfaecb.fefdddd.1fabebc.1accggf,-0.0913538783788681,-1.0
2/aaaaaab/gacdbfe.gaadaeg.bdfcebe.gcfaecb.fefdddd.bfabebc.1accggf,0.2643955945968628,1.0
1/aaaaaaa/gacdbfe.gaadaeg.bdfcebe.gcfaecb.fefdddd.bfabebc.gaccggf,-0.1998816877603531,-1.0
1/aefc-c-b-c/7.3c3.3gf2.3eaa1.3adf1.3cb2.7,-0.9517412781715393,1.0
2/aefc-c-ba/7.3c3.3gfg1.3eaa1.3adf1.2gcb2.7,0.9320447444915771,-1.0
1/aefb-c-ba/7.3c3.3gfg1.3eaa1.2dadf1.2gcb2.7,-0.9389393329620361,1.0
2/aefb-b-ba/7.3c3.3gfg1.3eaa1.2dadf1.2gcb2.4e2,0.8365097045898438,-1.0
1/adfb-b-ba/7.3c3.3gfg1.2beaa1.2dadf1.2gcb2.4e2,-0.9699863791465759,1.0
2/adfb-baa/7.3c3.3gfgf.2beaa1.2dadf1.2gcb2.4e2,0.9682923555374146,-1.0
1/adf-b-baa/7.3c3.3gfgf.2beaad.2dadf1.2gcbd1.4e2,-0.8492028713226318,1.0
2/adf-b-bab/7.3c3.2ggfgf.2beaad.2dadf1.2gcbd1.4e2,0.6554381847381592,-1.0
1/add-b-bab/7.2cc3.2ggfgf.2beaad.2dadf1.2gcbd1.4ec1,-0.7307713627815247,1.0
2/cdd-b-bab/7.2cca2.2ggfgf.2beaad.2dadfa.2gcbd1.4ec1,0.7955265045166016,-1.0
1/add-b-bab/2a4.2ccaa1.2ggfgf.2beaad.2dadfa.2gcbd1.4ec1,-0.7849283218383789,1.0
2/adda-bab/2a4.2ccaa1.2ggfgf.2beaad.2dadfa.1dgcbd1.4ec1,0.8065314888954163,-1.0
1/adda-ba-b/2a4.2ccaag.2ggfgf.2beaad.1gdadfa.1dgcbd1.4ec1,-0.7790769338607788,1.0
2/addb-ba-b/2a4.2ccaag.2ggfgf.2beaad.1gdadfa.1dgcbd1.3dec1,0.6875982284545898,-1.0
1/addb-da-b/2ae3.2ccaag.2ggfgf.1ebeaad.1gdadfa.1dgcbd1.3dec1,-0.4224252998828888,1.0
2/addb-db-b/2ae3.2ccaag.2ggfgf.1ebeaad.1gdadfa.1dgcbdf.3dec1,0.10350066423416138,-1.0
1/adbb-db-b/2aec2.2ccaag.2ggfgf.1ebeaad.1gdadfa.1dgcbdf.3decc,-0.08847874402999878,1.0
2/aebb-db-b/2aec2.2ccaag.2ggfgf.1ebeaad.1gdadfa.1dgcbdf.2bdecc,0.27716025710105896,-1.0
1/aebb-da-b/2aec2.2ccaag.1fggfgf.1ebeaad.1gdadfa.1dgcbdf.2bdecc,-0.10299107432365417,1.0
2/aebb-ca-b/2aec2.2ccaag.1fggfgf.1ebeaad.1gdadfa.edgcbdf.2bdecc,0.1584714949131012,-1.0
1/aeba-ca-b/2aec2.2ccaag.1fggfgf.1ebeaad.1gdadfa.edgcbdf.1dbdecc,-0.22860009968280792,1.0
2/aeba-caa/2aecg1.2ccaag.1fggfgf.1ebeaad.1gdadfa.edgcbdf.1dbdecc,0.1657017171382904,-1.0
1/aeba-c-ba/2aecg1.2ccaag.1fggfgf.1ebeaad.1gdadfa.edgcbdf.fdbdecc,-0.14128011465072632,1.0
2/aeba-b-ba/2aecg1.2ccaag.1fggfgf.1ebeaad.egdadfa.edgcbdf.fdbdecc,0.3085898756980896,-1.0
1/acba-b-ba/2aecg1.1bccaag.1fggfgf.bebeaad.egdadfa.edgcbdf.fdbdecc,-0.2919327914714813,1.0
2/acba-baa/2aecg1.1bccaag.ffggfgf.bebeaad.egdadfa.edgcbdf.fdbdecc,0.2094581127166748,-1.0
1/aaba-baa/1baecgb.1bccaag.ffggfgf.bebeaad.egdadfa.edgcbdf.fdbdecc,-0.048882510513067245,1.0
2/aabaaaa/1baecgb.ebccaag.ffggfgf.bebeaad.egdadfa.edgcbdf.fdbdecc,0.19971059262752533,-1.0
1/aaaaaaa/cbaecgb.ebccaag.ffggfgf.bebeaad.egdadfa.edgcbdf.fdbdecc,-0.21229034662246704,1.0
2/-bbd-c-b-fb/7.7.4d2.7.7.7.7,-0.9994822144508362,1.0
1/-bad-c-b-fb/7.7.4d2.4b2.7.7.7,0.9986773133277893,-1.0
2/aad-c-b-fb/7.7.4d2.4b2.4a2.7.7,-0.9971422553062439,1.0
1/aad-c-b-gb/7.7.3fd2.4b2.4a2.7.7,0.9908105134963989,-1.0
2/aae-c-b-gb/7.7.3fd2.3cb2.4a2.7.7,-0.9460954666137695,1.0
1/-bae-c-b-gb/7.7.3fd2.3cb2.4aa1.7.7,0.9442647099494934,-1.0
2/-bae-c-b-gc/7.7.3fd2.3cb2.3gaa1.7.7,-0.9984561204910278,1.0
1/-bae-d-b-gc/7.7.3fd2.3cb2.2dgaa1.7.7,0.9824165105819702,-1.0
2/-bae-d-b-fc/7.4f2.3fd2.3cb2.2dgaa1.7.7,-0.9917699098587036,1.0
1/-bad-d-b-fc/7.4f2.3fd2.2ccb2.2dgaa1.7.7,0.9968221783638,-1.0
2/-bae-d-b-fc/7.4f2.2cfd2.2ccb2.2dgaa1.7.7,-0.9734673500061035,1.0
1/-bae-d-c-fc/7.4f2.2cfd2.2ccbe1.2dgaa1.7.7,0.9205208420753479,-1.0
2/-bae-d-c-dc/7.4f2.1fcfd2.2ccbef.2dgaa1.7.7,-0.8841380476951599,1.0
1/-bac-d-c-dc/7.3cf2.1fcfd2.1cccbef.2dgaa1.7.7,0.8402043581008911,-1.0
2/aac-d-c-dc/7.3cf2.afcfd2.1cccbef.2dgaa1.7.7,-0.8119480609893799,1.0
1/aac-d-c-db/7.2gcf2.afcfd2.1cccbef.2dgaa1.7.7,0.7457427978515625,-1.0
2/bac-d-c-db/2a4.2gcf2.afcfd2.1cccbef.2dgaa1.7.7,-0.8495522737503052,1.0
1/bac-e-c-db/2a4.2gcf2.afcfd2.1cccbef.2dgaa1.4d2.7,0.8081043362617493,-1.0
2/bbc-e-c-db/2a4.2gcf2.afcfdb1.1cccbef.2dgaa1.4d2.7,-0.7279877066612244,1.0
1/abc-e-c-db/2a4.2gcf2.afcfdb1.acccbef.2dgaa1.4d2.7,0.7208547592163086,-1.0
2/abc-ea-db/2a4.2gcfe1.afcfdbe.acccbef.2dgaa1.4d2.7,-0.685400664806366,1.0
1/abc-ea-da/2a4.2gcfe1.afcfdbe.acccbef.1gdgaa1.4d2.7,0.6154552698135376,-1.0
2/abc-eb-da/2ae3.2gcfe1.afcfdbe.acccbef.1gdgaa1.4d2.7,-0.7191800475120544,1.0
1/abc-ea-da/2aee2.2gcfe1.afcfdbe.acccbef.1gdgaa1.4d2.7,0.7092446684837341,-1.0
2/abc-ea-dc/2aee2.2gcfe1.afcfdbe.acccbef.ggdgaag.4d2.7,-0.6398334503173828,1.0
1/aac-ea-dc/2aeeb1.2gcfe1.afcfdbe.acccbef.ggdgaag.4d2.7,0.5744308829307556,-1.0
2/aac-da-dc/2aeeb1.2gcfe1.afcfdbe.acccbef.ggdgaag.3dd2.7,-0.5583323240280151,1.0
1/-bac-da-dc/2aeeb1.2gcfe1.afcfdbe.acccbef.ggdgaag.2add2.7,0.6045181751251221,-1.0
2/-bac-ba-dc/2aeeb1.2gcfed.afcfdbe.acccbef.ggdgaag.1dadd2.7,-0.5565140843391418,1.0
1/-b-bc-ba-dc/2aeeb1.2gcfed.afcfdbe.acccbef.ggdgaag.1daddb1.7,0.502944827079773,-1.0
2/-b-bc-bb-dc/2aeeb1.1egcfed.afcfdbe.acccbef.ggdgaag.1daddb1.7,-0.46788525581359863,1.0
1/-b-bc-bb-db/2aeeb1.1egcfed.afcfdbe.acccbef.ggdgaag.1daddbg.7,0.3362736701965332,-1.0
2/-bbc-bb-db/2aeebb.1egcfed.afcfdbe.acccbef.ggdgaag.1daddbg.1b5,-0.30471205711364746,1.0
1/-bbb-bb-db/2aeebb.cegcfed.afcfdbe.acccbef.ggdgaag.1daddbg.1b5,0.0819510743021965,-1.0
2/abb-bb-db/2aeebb.cegcfed.afcfdbe.acccbef.ggdgaag.adaddbg.1b5,-0.2443443387746811,1.0
1/aab-bb-db/2aeebb.cegcfed.afcfdbe.acccbef.ggdgaag.adaddbg.1bb4,0.03542318940162659,-1.0
2/aabab-db/2aeebb.cegcfed.afcfdbe.acccbef.ggdgaag.adaddbg.1bbd3,0.009595988318324089,1.0
1/aaaab-db/2aeebb.cegcfed.afcfdbe.acccbef.ggdgaag.adaddbg.cbbd3,0.1804572194814682,-1.0
2/aaaab-cb/1faeebb.cegcfed.afcfdbe.acccbef.ggdgaag.adaddbg.cbbd3,-0.00904576200991869,1.0
1/aaaab-ca/1faeebb.cegcfed.afcfdbe.acccbef.ggdgaag.adaddbg.cbbdg2,0.07299484312534332,-1.0
2/aaaabaa/ffaeebb.cegcfed.afcfdbe.acccbef.ggdgaag.adaddbg.cbbdgf1,0.17252521216869354,1.0
1/aaaaaaa/ffaeebb.cegcfed.afcfdbe.acccbef.ggdgaag.adaddbg.cbbdgfe,-0.22065556049346924,-1.0
1/d-dadbd-b/7.7.7.2c4.7.7.7,-0.9994315505027771,1.0
2/d-cadbd-b/7.7.2b4.2c4.7.7.7,0.9986037611961365,-1.0
1/c-cadbd-b/7.2a4.2b4.2c4.7.7.7,-0.9976550340652466,1.0
2/c-badbd-b/7.2a4.2b4.2c4.2b4.7.7,0.9837408661842346,-1.0
1/c-badbb-b/2f4.2a4.2b4.2cf3.2b4.7.7,-0.9633241891860962,1.0
2/c-baebb-b/2f4.2a4.2bd3.2cf3.2b4.7.7,0.9688092470169067,-1.0
1/c-b-bebb-b/2f4.2ac3.2bd3.2cf3.2b4.7.7,-0.9911211133003235,1.0
2/c-b-bebc-b/2f4.1fac3.2bd3.2cf3.2b4.7.7,0.8929896950721741,-1.0
1/b-b-bebc-b/1af4.1fac3.2bd3.2cf3.2b4.7.7,-0.9740979671478271,1.0
2/b-b-bfbc-b/1af4.1fac3.1dbd3.2cf3.2b4.7.7,0.9834734797477722,-1.0
1/b-b-bfbc-c/1af4.1fac3.1dbd3.1gcf3.2b4.7.7,-0.9549088478088379,1.0
2/ba-bfbc-c/1af4.1fac3.1dbd3.1gcf3.1bb4.7.7,0.9842403531074524,-1.0
1/ba-bf-cc-c/1af4.1fac3.1dbde2.1gcf3.1bbe3.2e4.7,-0.8202533721923828,1.0
2/baaf-cc-c/1af4.1fac3.1dbde2.1gcf3.1bbe3.2ec3.7,0.6539024710655212,-1.0
1/b-baf-cc-c/1af4.1facb2.1dbde2.1gcf3.1bbe3.2ec3.7,-0.6653121709823608,1.0
2/baaf-cc-c/baf4.1facb2.1dbde2.1gcf3.1bbe3.2ec3.7,0.5182344913482666,-1.0
1/baae-cc-c/baf4.1facb2.1dbded1.1gcf3.1bbe3.2ec3.7,-0.7609286308288574,1.0
2/bbae-cc-c/baf4.bfacb2.1dbded1.1gcf3.1bbe3.2ec3.7,0.7378074526786804,-1.0
1/bbad-cc-c/baf4.bfacbd1.1dbded1.1gcf3.1bbe3.2ec3.7,-0.7655386328697205,1.0
2/bbad-cd-c/baf4.bfacbd1.1dbded1.1gcff2.1bbe3.2ec3.7,0.6630902290344238,-1.0
1/-bbad-cd-c/baf4.bfacbd1.1dbdeda.1gcff2.1bbe3.1aec3.7,-0.5762194991111755,1.0
2/-bbad-cd-b/baf4.bfacbd1.1dbdeda.1gcff2.1bbe3.1aec3.2g4,0.31171926856040955,-1.0
1/-bbad-cb-b/baf4.bfacbdf.1dbdeda.1gcff2.1bbe3.1aec3.1fg4,-0.4228629171848297,1.0
2/-bbbd-cb-b/baf4.bfacbdf.1dbdeda.1gcff2.1bbec2.1aec3.1fg4,0.29424241185188293,-1.0
1/-bb-bd-cb-b/baf4.bfacbdf.cdbdeda.1gcff2.1bbec2.1aec3.1fgc3,0.0471804216504097,1.0
2/-bb-bd-cba/bafg3.bfacbdf.cdbdeda.1gcff2.1bbec2.1aec3.1fgc3,0.18310201168060303,-1.0
1/-ba-bd-cba/bafg3.bfacbdf.cdbdeda.1gcffb1.1bbec2.1aec3.1fgc3,-0.12373564392328262,1.0
2/aa-bd-cba/bafg3.bfacbdf.cdbdeda.1gcffb1.1bbec2.1aeca2.1fgc3,0.16182905435562134,-1.0
1/aa-bd-dba/bafge2.bfacbdf.cdbdeda.1gcffb1.1bbec2.1aeca2.1fgc3,-0.006587983574718237,1.0
2/aa-bd-cba/bafge2.bfacbdf.cdbdeda.1gcffb1.1bbec2.1aeca2.1fgce2,0.054310571402311325,-1.0
1/aa-bb-cba/bafged1.bfacbdf.cdbdeda.1gcffbd.1bbec2.1aeca2.1fgce2,0.1531333029270172,1.0
2/ba-bb-cba/bafgeda.bfacbdf.cdbdeda.1gcffbd.1bbec2.1aeca2.1fgce2,-0.01973576843738556,-1.0
1/aa-bb-cba/bafgeda.bfacbdf.cdbdeda.1gcffbd.1bbeca1.1aeca2.1fgce2,0.07910493016242981,1.0
2/aa-bb-cbb/bafgeda.bfacbdf.cdbdeda.1gcffbd.1bbecag.1aeca2.1fgce2,-0.008320211432874203,-1.0
1/aa-bb-cab/bafgeda.bfacbdf.cdbdeda.1gcffbd.1bbecag.1aecaf1.1fgce2,0.12190736830234528,1.0
2/aaab-cab/bafgeda.bfacbdf.cdbdeda.1gcffbd.1bbecag.1aecafc.1fgce2,-0.02339247055351734,-1.0
1/aaab-caa/bafgeda.bfacbdf.cdbdeda.ggcffbd.1bbecag.1aecafc.1fgce2,0.16050787270069122,1.0
2/aaabaaa/bafgeda.bfacbdf.cdbdeda.ggcffbd.ebbecag.1aecafc.1fgcee1,0.08926060050725937,-1.0
1/aaaaaaa/bafgeda.bfacbdf.cdbdeda.ggcffbd.ebbecag.1aecafc.1fgceed,-0.11275824159383774,1.0
2/aaaaaab/bafgeda.bfacbdf.cdbdeda.ggcffbd.ebbecag.gaecafc.1fgceed,0.25326380133628845,-1.0
1/aaaaaaa/bafgeda.bfacbdf.cdbdeda.ggcffbd.ebbecag.gaecafc.gfgceed,-0.21507741510868073,1.0
1/-f-dd-d-cbb/7.7.7.3e3.7.7.7,0.9991442561149597,-1.0
2/-f-de-d-cbb/7.7.7.3e3.1c5.7.7,-0.9986290335655212,1.0
1/-f-de-d-cba/7.7.7.3eg2.1c5.7.7,0.9904908537864685,-1.0
2/-f-de-dbba/7.7.2ee3.2eeg2.1c5.7.7,-0.864632248878479,1.0
1/-g-de-dbba/7.7.2ee3.1aeeg2.1c5.7.7,0.8346617817878723,-1.0
2/-g-de-dbbb/7.7.2ee3.1aeeg2.1c5.1g5.7,-0.9083767533302307,1.0
1/-g-de-d-bbb/7.2ee3.2ee3.1aeeg2.1c5.1g5.7,0.9240958094596863,-1.0
2/-d-de-d-bbb/7.2ee3.1aeea2.1aeeg2.1c5.1g5.1a5,-0.821149468421936,1.0
1/-d-de-e-bbb/7.2ee3.1aeea2.1aeeg2.1cd4.1g5.1a5,0.8515846729278564,-1.0
2/-d-df-e-bbb/7.2ee3.1aeeac1.1aeeg2.1cd4.1g5.1a5,-0.618916392326355,1.0
1/-d-df-e-b-bb/7.2eef2.1aeeac1.1aeeg2.1cdf3.1g5.1a5,0.6975093483924866,-1.0
2/-d-df-ea-bb/7.2eef2.1aeeac1.1aeeg2.ecdf3.1g5.1a5,-0.8042888045310974,1.0
1/-d-ef-ea-bb/7.2eef2.1aeeac1.1aeegb1.ecdf3.1g5.1a5,0.6285350322723389,-1.0
2/-d-ef-ca-bb/4d2.2eefd1.1aeeac1.1aeegb1.ecdf3.1g5.1a5,-0.7412048578262329,1.0
1/-d-ef-da-bb/4d2.2eefd1.1aeeac1.1aeegb1.ecdfd2.1g5.1a5,0.6105215549468994,-1.0
2/-d-ef-dabb/3fd2.1feefd1.1aeeac1.1aeegb1.ecdfd2.1g5.1a5,-0.36214640736579895,1.0
1/-d-ef-daba/3fd2.1feefd1.1aeeac1.gaeegb1.ecdfd2.1g5.1a5,0.3677227199077606,-1.0
2/a-ef-daba/2afd2.1feefd1.1aeeac1.gaeegba.ecdfda1.1g5.1a5,0.04435151070356369,1.0
1/a-ed-daba/2afd2.1feefd1.caeeac1.gaeegba.ecdfda1.1gc4.1a5,0.25418218970298767,-1.0
2/a-edaaba/2afdd1.dfeefd1.caeeac1.gaeegba.ecdfda1.1gcd3.1a5,-0.06745776534080505,1.0
1/a-fdaaba/2afdd1.dfeefd1.caeeac1.gaeegba.ecdfda1.1gcd3.1ab4,0.30394572019577026,-1.0
2/a-ddaaba/2afdd1.dfeefd1.caeeac1.gaeegba.ecdfda1.1gcdb2.1abb3,-0.12125343829393387,1.0
1/a-ddaab-c/2afdd1.dfeefd1.caeeac1.gaeegba.ecdfdag.1gcdb2.1abbg2,0.0025711676571518183,-1.0
2/aadaab-c/1bafdd1.dfeefd1.caeeacb.gaeegba.ecdfdag.1gcdbb1.1abbg2,0.36065590381622314,1.0
1/aadaa-b-c/fbafdd1.dfeefdf.caeeacb.gaeegba.ecdfdag.1gcdbb1.1abbg2,-0.16802269220352173,-1.0
2/aadaaa-c/fbafdd1.dfeefdf.caeeacb.gaeegba.ecdfdag.1gcdbbf.1abbg2,-0.015899814665317535,1.0
1/aabaaa-c/fbafddc.dfeefdf.caeeacb.gaeegba.ecdfdag.1gcdbbf.1abbgc1,0.09606930613517761,-1.0
2/aabaaaa/fbafddc.dfeefdf.caeeacb.gaeegba.ecdfdag.ggcdbbf.1abbgcg,0.2019881159067154,1.0
1/aaaaaaa/fbafddc.dfeefdf.caeeacb.gaeegba.ecdfdag.ggcdbbf.cabbgcg,-0.2675478160381317,-1.0
1/f-ddb-bb-e/7.7.7.3g3.7.7.7,-0.999168336391449,1.0
2/f-cdb-bb-e/7.7.7.2bg3.7.7.7,0.9968672394752502,-1.0
1/f-cdb-cb-e/7.7.7.2bge2.7.7.7,-0.993864893913269,1.0
2/f-ceb-cb-e/7.7.7.2bge2.2c4.7.7,0.9743381142616272,-1.0
1/d-ceb-cb-e/7.7.1a5.1abge2.2c4.7.7,-0.9337766766548157,1.0
2/d-beb-cb-e/7.7.1a5.1abge2.1bc4.7.7,0.9471691846847534,-1.0
1/d-beb-cb-f/7.7.1a5.1abge2.1bc4.1g5.7,-0.7849774956703186,1.0
2/d-beb-cd-f/7.7.1a5.1abge2.1bcf3.fg5.7,0.7604250311851501,-1.0
1/d-bea-cd-f/7.7.1ad4.1abge2.1bcf3.fg5.7,-0.4879333972930908,1.0
2/d-bea-ce-f/7.7.1ad4.1abge2.1bcf3.fgf4.7,0.48451676964759827,-1.0
1/d-bea-cd-f/7.7.1ad4.1abge2.1bcf3.fgff3.7,-0.46416398882865906,1.0
2/d-bfa-cd-f/7.7.1ad4.1abge2.cbcf3.fgff3.7,0.4913178086280823,-1.0
1/d-bea-cd-f/7.7.1adc3.1abge2.cbcf3.fgff3.7,-0.38185372948646545,1.0
2/daea-cd-f/7.7.1adc3.babge2.cbcf3.fgff3.7,0.40266579389572144,-1.0
1/daca-cd-f/7.2c4.1adc3.babge2.cbcf3.fgff3.3c3,-0.09827061742544174,1.0
2/eaca-cd-f/7.2c4.aadc3.babge2.cbcf3.fgff3.3c3,0.17847132682800293,-1.0
1/eac-c-cd-f/2d4.2c4.aadc3.babge2.cbcf3.fgff3.2dc3,0.14255031943321228,1.0
2/eac-c-cd-d/2d4.1gc4.aadc3.babgeg1.cbcf3.fgff3.2dc3,-0.004981737583875656,-1.0
1/e-cc-c-cd-d/1bd4.bgc4.aadc3.babgeg1.cbcf3.fgff3.2dc3,0.28836578130722046,1.0
2/e-cc-c-bd-d/1bd4.bgc4.aadc3.babgeg1.cbcfe2.fgff3.2dc3,-0.2688080668449402,-1.0
1/e-cc-c-bc-d/1bd4.bgc4.aadc3.babgeg1.cbcfe2.fgfff2.2dc3,0.3593904376029968,1.0
2/eac-c-bc-d/bbd4.bgc4.aadc3.babgeg1.cbcfe2.fgfff2.1bdc3,-0.3421969711780548,-1.0
1/eab-c-bc-d/bbd4.bgc4.aadc3.babgeg1.cbcfe2.fgfff2.1bdcc2,0.35636743903160095,1.0
2/eab-cbc-d/bbd4.bgc4.aadce2.babgeg1.cbcfee1.fgfff2.1bdcc2,0.05915526673197746,-1.0
1/bab-cbc-d/bbd4.bgca3.aadcea1.babgeg1.cbcfee1.fgfff2.abdcc2,-0.1256837099790573,1.0
2/bab-ccc-d/bbde3.bgca3.aadcea1.babgeg1.cbcfee1.fgfff2.abdcc2,-0.1488325595855713,-1.0
1/bab-cca-d/bbde3.bgcaf2.aadcea1.babgeg1.cbcfee1.fgffff1.abdcc2,0.29219871759414673,1.0
2/bab-cca-c/bbde3.bgcafg1.aadcea1.babgeg1.cbcfee1.fgffff1.abdcc2,-0.13195271790027618,-1.0
1/aab-cca-c/bbde3.bgcafg1.aadcea1.babgeg1.cbcfeea.fgffff1.abdcc2,0.23593218624591827,1.0
2/aab-ccaa/bbdeg2.bgcafg1.aadcea1.babgegg.cbcfeea.fgffff1.abdcc2,0.005907715763896704,-1.0
1/aab-dcaa/bbdeg2.bgcafg1.aadcead.babgegg.cbcfeea.fgffff1.abdcc2,0.07430797070264816,1.0
2/aab-ccaa/bbdeg2.bgcafgd.aadcead.babgegg.cbcfeea.fgffff1.abdcc2,0.02341327629983425,-1.0
1/aab-caaa/bbdege1.bgcafgd.aadcead.babgegg.cbcfeea.fgffff1.abdcce1,0.08091680705547333,1.0
2/aabaaaa/bbdeged.bgcafgd.aadcead.babgegg.cbcfeea.fgffffd.abdcce1,0.18361642956733704,-1.0
1/aaaaaaa/bbdeged.bgcafgd.aadcead.babgegg.cbcfeea.fgffffd.abdccec,-0.17482887208461761,1.0
2/db-d-bc-b-b/7.7.7.2e4.7.7.7,-0.9997168779373169,1.0
1/db-d-bc-b-d/7.7.2g4.2e4.2g4.7.7,0.999479353427887,-1.0
2/db-c-bc-b-d/7.7.2g4.2e4.2g4.2c4.7,-0.9953821897506714,1.0
1/cb-c-bc-b-d/7.7.2g4.2e4.1ag4.2c4.7,0.9848734140396118,-1.0
2/cb-c-bc-b-c/7.7.2g4.2eg3.1ag4.2c4.7,-0.9291502833366394,1.0
1/cb-c-ba-b-c/7.7.2ge3.2ege2.1ag4.2c4.7,0.8903855085372925,-1.0
2/cb-caa-b-c/7.7.2ge3.2eged1.1ag4.2c4.7,-0.7531943917274475,1.0
1/c-b-caa-b-c/7.7.2ge3.1beged1.1agb3.2c4.7,0.9210746884346008,-1.0
2/c-b-cab-b-c/7.7.2ge3.1begede.1agb3.2c4.7,-0.865916907787323,1.0
1/c-b-c-cb-b-c/7.7.1dge3.1begede.1agb3.1dc4.7,0.8754980564117432,-1.0
2/c-b-c-cbb-c/7.3f3.1dgef2.1begede.1agb3.1dc4.7,-0.7372910976409912,1.0
1/c-b-c-cbb-d/7.3f3.1dgef2.1begede.1agb3.gdc4.7,0.8215406537055969,-1.0
2/d-b-c-cbb-d/7.3f3.1dgef2.1begede.1agb3.gdca3.7,-0.6065658330917358,1.0
1/d-b-c-cab-d/7.2ef3.1dgef2.1begede.1agb3.gdca3.7,0.5703961849212646,-1.0
2/db-c-cab-d/7.2ef3.1dgefb1.1begede.1agbb2.gdca3.7,-0.21537984907627106,1.0
1/db-c-dab-d/7.2ef3.1dgefb1.1begede.1agbbd1.gdca3.7,0.28313979506492615,-1.0
2/db-c-cab-d/7.1def3.1dgefb1.1begede.1agbbd1.gdca3.7,-0.2585853934288025,1.0
1/db-d-cab-d/7.1def3.1dgefb1.1begede.cagbbd1.gdca3.7,0.29982471466064453,-1.0
2/eb-d-cab-d/7.1def3.1dgefb1.1begede.cagbbd1.gdca3.3a3,0.022171620279550552,1.0
1/db-d-cab-d/7.1defa2.1dgefb1.1begede.cagbbd1.gdca3.3a3,-0.16713108122348785,-1.0
2/db-d-cad-d/7.1defa2.1dgefb1.1begede.cagbbd1.gdcaf2.2fa3,0.03373042866587639,1.0
1/d-b-d-cad-d/7.1defab1.1dgefb1.bbegede.cagbbd1.gdcaf2.2fa3,0.26862043142318726,-1.0
2/d-b-daad-d/7.1defab1.1dgefbd.bbegede.cagbbd1.gdcafd1.2fa3,-0.07020066678524017,1.0
1/d-b-eaad-d/7.1defab1.1dgefbd.bbegede.cagbbd1.gdcafd1.2fac2,0.2809838354587555,-1.0
2/d-b-eaad-c/7.1defab1.1dgefbd.bbegede.cagbbdg.gdcafd1.2fac2,-0.5648607015609741,1.0
1/b-b-eaad-c/7.1defab1.1dgefbd.bbegede.cagbbdg.gdcafd1.1afaca1,0.5627953410148621,-1.0
2/b-b-eabd-c/7.1defab1.1dgefbd.bbegede.cagbbdg.gdcafde.1afaca1,-0.5518056750297546,1.0
1/a-b-eabd-c/7.1defab1.adgefbd.bbegede.cagbbdg.gdcafde.1afaca1,0.453108012676239,-1.0
2/aa-eabd-c/7.1defab1.adgefbd.bbegede.cagbbdg.gdcafde.bafaca1,-0.2979371249675751,1.0
1/aa-eabc-c/7.1defabf.adgefbd.bbegede.cagbbdg.gdcafde.bafaca1,0.47051355242729187,-1.0
2/aa-eabca/3g3.1defabf.adgefbd.bbegede.cagbbdg.gdcafde.bafacag,-0.2548587918281555,1.0
1/aa-eaaca/3g3.edefabf.adgefbd.bbegede.cagbbdg.gdcafde.bafacag,0.3458608090877533,-1.0
2/aa-caaca/2cgc2.edefabf.adgefbd.bbegede.cagbbdg.gdcafde.bafacag,-0.11246496438980103,1.0
1/aa-caaba/2cgcf1.edefabf.adgefbd.bbegede.cagbbdg.gdcafde.bafacag,0.13978610932826996,-1.0
2/aaaaaba/1ccgcfc.edefabf.adgefbd.bbegede.cagbbdg.gdcafde.bafacag,0.04964929819107056,1.0
1/aaaaaaa/fccgcfc.edefabf.adgefbd.bbegede.cagbbdg.gdcafde.bafacag,-0.12714271247386932,-1.0
1/-d-bdaa/5.2a2.1ca2.1ced1.5,-0.832263171672821,1.0
2/-d-bdac/2e2.2a2.1ca2.1ced1.1e3,0.4448285698890686,-1.0
1/-d-cdac/2e2.2a2.1cab1.1ced1.1e3,-0.7372249364852905,1.0
2/a-cdac/2e2.2aa1.1cab1.1ced1.aea2,0.7794536352157593,-1.0
1/a-ddac/2e2.1baa1.1cab1.1ced1.aea2,-0.5045207738876343,1.0
2/a-cdac/2e2.1baa1.1cab1.bced1.aea2,0.7903686165809631,-1.0
1/a-caac/2ec1.1baa1.ccab1.bced1.aeac1,-0.35860538482666016,1.0
2/a-cacc/2ec1.dbaa1.ccabd.bced1.aeac1,0.1221160888671875,-1.0
1/a-caac/1dec1.dbaa1.ccabd.bcedd.aeac1,-0.6850956678390503,1.0
2/aaaac/bdec1.dbaab.ccabd.bcedd.aeac1,0.5494487285614014,-1.0
1/aaaaa/bdece.dbaab.ccabd.bcedd.aeace,-0.42022252082824707,1.0
1/-dc-dd-b/5.1dce1.1bcd1.2e2.5,-0.7694695591926575,1.0
2/-dc-cd-b/5.cdce1.1bcd1.2e2.5,-0.044836703687906265,-1.0
1/-da-cd-b/1b3.cdce1.1bcd1.2eb1.5,-0.07210162281990051,1.0
2/-db-cd-b/1b3.cdce1.1bcd1.1beb1.5,-0.09137125313282013,-1.0
1/-db-cc-b/1b3.cdce1.1bcd1.1beb1.1d3,0.41253021359443665,1.0
2/-db-ccb/1b3.cdcee.1bcd1.1beb1.1de2,-0.33320119976997375,-1.0
1/-eb-ccb/1b3.cdcee.1bcda.1beb1.1de2,0.4514392614364624,1.0
2/-bb-ccb/1ba2.cdcee.1bcda.1beba.1dea1,-0.14390821754932404,-1.0
1/-ba-ccb/1ba2.cdcee.1bcda.1beba.1deab,-0.02537631057202816,1.0
2/-baacb/1bac1.cdcee.cbcda.1beba.1deab,0.33762404322624207,-1.0
1/-baaca/ebac1.cdcee.cbcda.1beba.1deab,-0.4913957417011261,1.0
2/aaaca/ebac1.cdcee.cbcda.abeba.1deab,0.4453924298286438,-1.0
1/aaaaa/ebacd.cdcee.cbcda.abeba.ddeab,-0.3091961145401001,1.0
1/eb-d-bb/5.2a2.2c2.2c2.5,-0.9983916878700256,1.0
2/eb-d-bc/5.1ea2.2c2.2c2.5,0.9883038997650146,-1.0
1/cb-d-bc/1a3.1ea2.1ac2.2c2.5,-0.7989068627357483,1.0
2/cb-dbc/1ad2.1ea2.1ac2.2c2.3d1,0.9292948842048645,-1.0
1/ab-dbc/1ad2.aea2.1ac2.1ac2.3d1,-0.8930168151855469,1.0
2/ab-cbc/cad2.aea2.1ac2.1ac2.3d1,0.7276765704154968,-1.0
1/ab-cbb/cad2.aea2.1ac2.1ace1.3d1,-0.9472633600234985,1.0
2/ab-ccb/cad2.aea2.1acd1.1ace1.3d1,0.5338658094406128,-1.0
1/a-b-ccb/cad2.aea2.1acdb.1ace1.2bd1,-0.5726370811462402,1.0
2/a-bacb/cad2.aeac1.cacdb.1ace1.2bd1,0.6275320053100586,-1.0
1/a-bac-b/cad2.aeace.cacdb.1acee.2bd1,-0.4625352919101715,1.0
2/abac-b/cad2.aeace.cacdb.1acee.1bbdb,0.6167985796928406,-1.0
1/abaa-b/cadd1.aeace.cacdb.dacee.1bbdb,-0.4820360243320465,1.0
2/abaaa/cadde.aeace.cacdb.dacee.1bbdb,-0.00840011052787304,-1.0
1/aaaaa/cadde.aeace.cacdb.dacee.bbbdb,-0.37424370646476746,1.0
2/cb-cda/5.2ce1.1cbb1.1cdda.5,-0.14510485529899597,1.0
1/bb-cda/5.2ce1.acbb1.1cdda.5,-0.843326210975647,-1.0
2/bb-bda/5.1cce1.acbb1.1cdda.5,0.8179356455802917,1.0
1/bb-bca/5.dcce1.acbb1.1cdda.5,-0.9821830987930298,-1.0
2/cb-bca/2a2.dcce1.acbb1.1cdda.5,0.9837266206741333,1.0
1/ab-bca/2a2.dcce1.acbba.acdda.5,-0.9100865125656128,-1.0
2/ab-bcc/2a2.dcce1.acbba.acdda.2ee1,0.6618720889091492,1.0
1/ab-bac/1da2.dcce1.acbba.acdda.1dee1,-0.9273431897163391,-1.0
2/abaac/1da2.dccec.acbba.acdda.1dee1,0.7291716933250427,1.0
1/abaaa/edae1.dccec.acbba.acdda.1dee1,-0.5476422309875488,-1.0
2/acaaa/edae1.dccec.acbba.acdda.1deeb,0.28888195753097534,1.0
1/aaaaa/edaeb.dccec.acbba.acdda.bdeeb,-0.2231377363204956,-1.0
2/caba-d/5.5.2e2.edba1.5,-0.8583872318267822,1.0
1/aaba-d/5.5.1aea1.edba1.5,0.8188822269439697,-1.0
2/aada-d/5.1cc2.1aea1.edba1.5,0.027831999585032463,1.0
1/-bada-d/5.1cca1.1aea1.edba1.5,-0.37355902791023254,-1.0
2/-badc-d/5.1cca1.daea1.edbad.5,0.43386024236679077,1.0
1/-b-cdc-d/1b3.1cca1.daea1.edbad.3b1,-0.4045344293117523,-1.0
2/-b-cdca/1b3.1cca1.daeae.edbad.2ebe,0.5149418115615845,1.0
1/-b-cbca/1bc2.1cca1.daeae.edbad.1cebe,-0.3913038969039917,-1.0
2/a-cbca/1bc2.1cca1.daeae.edbad.acebe,0.14399322867393494,1.0
1/a-cbaa/1bc2.dccad.daeae.edbad.acebe,0.01729903556406498,-1.0
2/aabaa/bbcb1.dccad.daeae.edbad.acebe,0.14010199904441833,1.0
1/aaaaa/bbcbc.dccad.daeae.edbad.acebe,-0.14129172265529633,-1.0
1/b-dcb-d/5.5.3c1.5.5,-0.9995387196540833,1.0
2/b-ccb-d/5.5.2bc1.5.5,0.999028742313385,-1.0
1/b-cca-d/5.5.1dbc1.5.5,-0.9863906502723694,1.0
2/b-bca-d/5.5.1dbc1.5.4b,0.9761389493942261,-1.0
1/-b-bca-d/5.5.1dbc1.3aa.4b,-0.23986704647541046,1.0
2/-b-bcb-d/5.5.1dbcd.3aa.4b,-0.8152655959129333,-1.0
1/-b-bbb-d/5.2c2.1dbcd.3aa.4b,0.7675959467887878,1.0
2/b-bbb-d/5.2c2.1dbcd.2aaa.3ab,-0.6574922800064087,-1.0
1/b-bbb-e/5.2ce1.1dbcd.2aaa.3ab,0.6157035231590271,1.0
2/bbbb-e/5.2ceb.1dbcd.2aaa.2bab,-0.4660448729991913,-1.0
1/bb-bb-e/4c.2ceb.1dbcd.1caaa.2bab,0.5398004055023193,1.0
2/bb-bb-c/4c.2ceb.1dbcd.ecaaa.1ebab,-0.1668890118598938,-1.0
1/bb-ba-c/4c.2ceb.ddbcd.ecaaa.1ebab,0.11119598150253296,1.0
2/bb-baa/3ec.2ceb.ddbcd.ecaaa.eebab,0.2119349241256714,-1.0
1/ba-baa/2bec.2ceb.ddbcd.ecaaa.eebab,-0.3285010755062103,1.0
2/baaaa/2bec.1cceb.ddbcd.ecaaa.eebab,0.15599685907363892,-1.0
1/aaaaa/2bec.acceb.ddbcd.ecaaa.eebab,-0.023026494309306145,1.0
2/aaaba/1dbec.acceb.ddbcd.ecaaa.eebab,0.293081670999527,-1.0
1/aaaaa/ddbec.acceb.ddbcd.ecaaa.eebab,-0.19222095608711243,1.0
2/-dc-b-bd/2b2.2ca1.1beb1.1ac2.2e2,-0.8735055923461914,1.0
1/-dc-b-dd/2bd1.1dca1.1beb1.1ac2.2e2,0.5897608399391174,-1.0
2/-cc-b-dd/2bd1.1dca1.1beb1.1aca1.2e2,-0.663270115852356,1.0
1/-cc-b-dc/1ebd1.1dca1.1beb1.1aca1.2e2,0.5825762748718262,-1.0
2/-ccb-dc/1ebdc.1dcac.1beb1.1aca1.2e2,-0.478294312953949,1.0
1/-cbb-dc/1ebdc.bdcac.1beb1.1aca1.2e2,0.47630950808525085,-1.0
2/abb-dc/1ebdc.bdcac.1beba.1aca1.2ea1,-0.015918375924229622,1.0
1/aab-dc/1ebdc.bdcac.1beba.1aca1.1bea1,-0.03648807853460312,-1.0
2/aab-bc/debdc.bdcac.dbeba.1aca1.1bea1,0.2283322513103485,1.0
1/aab-ba/debdc.bdcac.dbeba.eacae.1bea1,-0.271207720041275,-1.0
2/aabaa/debdc.bdcac.dbeba.eacae.dbea1,0.17673343420028687,1.0
1/aaaaa/debdc.bdcac.dbeba.eacae.dbeac,-0.15013547241687775,-1.0
1/-de-dce/5.5.5.1ebad.2a2,-0.9184111952781677,1.0
2/-de-cce/5.5.2c2.1ebad.2a2,0.896131694316864,-1.0
1/-da-cce/5.5.1bcb1.1ebad.1bab1,-0.8691877722740173,1.0
2/-ba-cce/5.5.abcb1.1ebad.1baba,0.857254683971405,-1.0
1/-ba-ccb/5.1ee2.abcbe.1ebad.1baba,-0.5215805172920227,1.0
2/aa-ccb/5.aee2.abcbe.1ebad.1baba,-0.23488762974739075,-1.0
1/aa-dcb/1c3.aee2.abcbe.1ebad.1baba,-0.23466993868350983,1.0
2/aa-bcb/ccc2.aee2.abcbe.1ebad.1baba,0.1413201242685318,-1.0
1/aa-bbb/ccc2.aeed1.abcbe.1ebad.1baba,-0.7666524052619934,1.0
2/aa-bcb/ccc2.aeedd.abcbe.1ebad.1baba,0.49218082427978516,-1.0
1/aa-bca/ccc2.aeedd.abcbe.eebad.1baba,-0.7800194621086121,1.0
2/aaaca/cccc1.aeedd.abcbe.eebad.1baba,0.49558407068252563,-1.0
1/aaaaa/ccccd.aeedd.abcbe.eebad.dbaba,-0.3699689507484436,1.0
1/c-b-cd-b/5.c4.5.1da2.2d2,-0.9409530758857727,1.0
2/c-b-cda/5.c4.2e2.1da2.2d2,0.8481917381286621,-1.0
1/c-b-dda/5.c4.1ce2.1da2.2d2,-0.8149937987327576,1.0
2/c-b-cda/5.cc3.1ce2.1da2.2d2,0.6557875275611877,-1.0
1/c-c-cda/5.cc3.1ce2.1da2.1bd2,-0.6381136775016785,1.0
2/c-b-cda/5.cc3.1ce2.1dab1.1bd2,0.7220029830932617,-1.0
1/-b-b-cda/5.cca2.1ce2.1daba.1bda1,-0.053662437945604324,1.0
2/-b-bada/5.cca2.1cec1.1daba.1bdac,0.24009081721305847,-1.0
1/-b-bad-c/5.ccae1.1cece.1daba.1bdac,-0.21939562261104584,1.0
2/a-bad-c/5.ccaea.1cece.1daba.1bdac,0.015295547433197498,-1.0
1/a-bac-c/2d2.ccaea.1cece.1daba.1bdac,0.05535558611154556,1.0
2/a-baca/2de1.ccaea.ecece.1daba.1bdac,0.13080747425556183,-1.0
1/a-baaa/1dded.ccaea.ecece.1daba.1bdac,-0.011612006463110447,1.0
2/abaaa/bdded.ccaea.ecece.bdaba.1bdac,0.25909852981567383,-1.0
1/aaaaa/bdded.ccaea.ecece.bdaba.bbdac,-0.12059075385332108,1.0
2/a-ccb-c/5.2b2.1ecb1.2da1.2bd1,-0.9195274114608765,1.0
1/a-cbb-c/5.2bc1.1ecb1.2da1.2bd1,0.8489900231361389,-1.0
2/a-cbb-b/5.2bc1.1ecb1.1eda1.2bd1,-0.687201976776123,1.0
1/a-cab-b/5.1cbc1.1ecb1.1eda1.2bd1,0.8246910572052002,-1.0
2/a-cac-b/1d3.1cbc1.1ecb1.1eda1.2bd1,-0.8434854745864868,1.0
1/-b-cac-b/1d3.1cbc1.1ecb1.1eda1.2bda,0.750124454498291,-1.0
2/b-cac-b/1da2.1cbc1.1ecb1.1eda1.1abda,-0.728908896446228,1.0
1/b-caa-b/1dad1.1cbc1.1ecb1.1edad.1abda,0.2679724395275116,-1.0
2/baaa-b/1dad1.1cbc1.1ecbb.bedad.1abda,-0.2667483389377594,1.0
1/baaa-c/1dad1.1cbce.1ecbb.bedad.1abda,0.30671387910842896,-1.0
2/baba-c/1dad1.1cbce.cecbb.bedad.1abda,-0.058808986097574234,1.0
1/baaa-c/1dad1.1cbce.cecbb.bedad.cabda,0.06192696839570999,-1.0
2/baaaa/1dade.ecbce.cecbb.bedad.cabda,0.18684644997119904,1.0
1/aaaaa/adade.ecbce.cecbb.bedad.cabda,-0.1482774317264557,-1.0
2/a-de-dc/3b1.eeda1.2dce.2b2.5,-0.6041547656059265,1.0
1/-c-de-dc/2ab1.eedaa.2dce.2b2.5,0.23231388628482819,-1.0
2/-c-deac/1dab1.eedaa.1ddce.2b2.2d2,-0.037536438554525375,1.0
1/-c-dcac/1dab1.eedaa.1ddce.1cbc1.2d2,0.13181789219379425,-1.0
2/-cacac/1dabb.eedaa.bddce.1cbcb.2d2,0.23475581407546997,1.0
1/-caaac/cdabb.eedaa.bddce.ccbcb.2d2,-0.14340431988239288,-1.0
2/aaaac/cdabb.eedaa.bddce.ccbcb.1ada1,0.291985422372818,1.0
1/aaaaa/cdabb.eedaa.bddce.ccbcb.eadae,-0.23192016780376434,-1.0
1/dc-d-bb/5.5.4b.5.5,-0.9994854927062988,1.0
2/dc-d-bc/5.5.3eb.5.5,0.9989963173866272,-1.0
1/dc-d-bb/5.5.2eeb.5.5,-0.97849440574646,1.0
2/dc-c-bb/5.5.1ceeb.5.5,0.9698845148086548,-1.0
1/bc-c-bb/5.2a2.1ceeb.2a2.5,-0.7313734889030457,1.0
2/bc-cab/5.2a2.1ceeb.1da2.5,0.8517301678657532,-1.0
1/bc-caa/5.1ea2.1ceeb.1da2.5,-0.6895518898963928,1.0
2/bc-cca/5.1ead1.1ceeb.1da2.1d3,0.7557317018508911,-1.0
1/-bc-cca/2a2.1ead1.1ceeb.1daa1.1d3,-0.6588701009750366,1.0
2/-bcaca/2a2.1eadc.1ceeb.1daa1.1dc2,0.5859198570251465,-1.0
1/-bcac-b/1ea2.1eadc.1ceeb.1daa1.1dc2,-0.810918927192688,1.0
2/-bdac-b/1ea2.1eadc.1ceeb.1daa1.1dcb1,0.8690856099128723,-1.0
1/-bdab-b/1ea2.1eadc.1ceeb.1daad.1dcb1,-0.9024114608764648,1.0
2/-bdaba/1ea2.1eadc.eceeb.1daad.1dcb1,0.833791196346283,-1.0
1/-baaba/1eab1.beadc.eceeb.1daad.1dcbb,-0.5229699611663818,1.0
2/aaaba/1eab1.beadc.eceeb.adaad.1dcbb,-0.37712815403938293,-1.0
1/aa-bba/ceab1.beadc.eceeb.adaad.1dcbb,-0.44138219952583313,1.0
2/aaaba/ceabc.beadc.eceeb.adaad.1dcbb,0.2375609576702118,-1.0
1/aaaaa/ceabc.beadc.eceeb.adaad.ddcbb,-0.14049449563026428,1.0
2/bda-b-b/5.1c3.5.5.5,-0.9990676045417786,1.0
1/bba-b-b/5.1c3.1bb2.5.5,0.9368607997894287,-1.0
2/bbb-b-b/5.1c3.1bbc1.5.5,-0.9667662382125854,1.0
1/abb-b-b/5.1c3.1bbc1.3a1.5,0.9186612367630005,-1.0
2/abba-b/5.1c3.1bbc1.2da1.5,-0.9081438779830933,1.0
1/a-bba-b/5.1cb2.1bbc1.1bda1.5,0.8533427119255066,-1.0
2/a-bbc-b/1dd2.1cb2.1bbc1.1bda1.5,-0.5836249589920044,1.0
1/a-b-bc-b/cdd2.1cbc1.1bbc1.1bda1.5,0.4306223690509796,-1.0
2/a-b-bcc/cdd2.ecbc1.1bbce.1bda1.2e2,0.4391692876815796,1.0
1/-b-b-bcc/cdd2.ecbc1.abbce.1bda1.2e2,-0.7557896971702576,-1.0
2/-ba-bcc/cddb1.ecbc1.abbce.1bda1.2e2,0.6759717464447021,1.0
1/-ba-bac/cddb1.ecbc1.abbce.dbdad.2e2,-0.5211012363433838,-1.0
2/ba-bac/cddb1.ecbca.abbce.dbdad.2ea1,0.5921696424484253,1.0
1/ba-baa/cddbe.ecbca.abbce.dbdad.1eea1,-0.4166312515735626,-1.0
2/baaaa/cddbe.ecbca.abbce.dbdad.ceea1,0.2537985146045685,1.0
1/aaaaa/cddbe.ecbca.abbce.dbdad.ceeaa,-0.1200648844242096,-1.0
1/c-ce-b-b/5.5.2c2.2a2.2b2,-0.9926552772521973,1.0
2/c-ce-ba/5.2e2.2c2.2a2.2b2,0.9798415899276733,-1.0
1/c-ce-b-c/2e2.1ee2.2c2.2a2.2b2,-0.8479458689689636,1.0
2/d-ce-b-c/2e2.aee2.2c2.2a2.2b2,0.7813816070556641,-1.0
1/d-cc-b-c/1ce2.aeec1.2c2.2a2.2b2,-0.039306432008743286,1.0
2/d-bc-b-c/1ce2.aeec1.1bc2.2a2.2b2,-0.20003025233745575,-1.0
1/d-bc-d-c/1ce2.aeec1.dbc2.1da2.2b2,0.2978096902370453,1.0
2/dbc-d-c/1ce2.aeec1.dbcb1.bda2.2b2,0.28603148460388184,-1.0
1/dac-d-c/1ce2.aeec1.dbcb1.bdab1.2b2,-0.17431987822055817,1.0
2/dac-da/1cee1.aeec1.dbcb1.bdab1.1eb2,0.3238137364387512,-1.0
1/aac-da/1cee1.aeec1.dbcba.bdaba.1eba1,-0.17751114070415497,1.0
2/aacaa/1cee1.aeecd.dbcba.bdaba.debad,0.29863440990448,-1.0
1/aaaaa/cceec.aeecd.dbcba.bdaba.debad,-0.22299529612064362,1.0
2/a-ddd-b/5.1cb2.1bce1.2add.2e2,-0.7356231808662415,1.0
1/a-ddd-c/5.1cb2.1bce1.2add.2ee1,0.7166007161140442,-1.0
2/c-ddd-c/5.1cba1.abce1.2add.2ee1,0.02812337875366211,1.0
1/c-dcd-c/2c2.1cba1.abce1.2add.2ee1,-0.5353835225105286,-1.0
2/c-bcd-c/2c2.1cba1.abce1.1badd.2eeb,0.4523063898086548,1.0
1/c-bca-c/2c2.dcba1.abced.1badd.1deeb,-0.37000221014022827,-1.0
2/caca-c/2cb1.dcba1.abced.1badd.1deeb,0.3195878267288208,1.0
1/aaca-c/2cb1.dcbaa.abced.abadd.1deeb,-0.20144183933734894,-1.0
2/aacaa/1ecb1.dcbaa.abced.abadd.edeeb,0.29707908630371094,1.0
1/aaaaa/cecbc.dcbaa.abced.abadd.edeeb,-0.20359422266483307,-1.0
2/bd-b-b-c/5.2e2.5.5.5,-0.9990969300270081,1.0
1/bc-b-b-c/5.2eb1.5.5.5,0.9961851239204407,-1.0
2/cc-b-b-c/5.2eb1.3a1.5.5,-0.987353503704071,1.0
1/cc-c-b-c/5.2eb1.2ca1.5.5,0.957493007183075,-1.0
2/cd-c-b-c/5.2eb1.2ca1.3b1.5,-0.9192198514938354,1.0
1/cd-d-b-c/5.2eb1.2ca1.3b1.3c1,0.9119641184806824,-1.0
2/cd-da-c/5.2eb1.2ca1.2db1.3c1,-0.869080126285553,1.0
1/cb-da-c/3b1.2eb1.2ca1.2db1.2bc1,0.8720791935920715,-1.0
2/cb-ba-c/3b1.2eb1.2ca1.1cdbc.2bc1,-0.6404494047164917,1.0
1/cb-ba-d/3b1.2eb1.2ca1.1cdbc.1ebc1,0.5994120240211487,-1.0
2/cb-bc-d/2db1.2eb1.2cad.1cdbc.1ebc1,-0.5346806049346924,1.0
1/ca-bc-d/2db1.2eb1.1bcad.1cdbc.1ebc1,0.12099121510982513,-1.0
2/da-bc-d/2db1.1aeb1.1bcad.1cdbc.1ebc1,0.04022069647908211,1.0
1/ca-bc-d/2db1.1aeba.1bcad.1cdbc.1ebc1,-0.16412584483623505,-1.0
2/ca-bca/1edb1.1aeba.1bcad.ecdbc.eebc1,0.4561336934566498,1.0
1/ca-baa/1edb1.1aeba.dbcad.ecdbc.eebcd,-0.39923095703125,-1.0
2/caaaa/1edb1.caeba.dbcad.ecdbc.eebcd,0.3529342710971832,1.0
1/aaaaa/aedba.caeba.dbcad.ecdbc.eebcd,-0.23609085381031036,-1.0
1/cea-d-c/5.3d1.abc2.dea2.a4,-0.7497326731681824,1.0
2/cea-c-c/5.3d1.abcd1.dea2.a4,0.725989818572998,-1.0
1/cea-c-d/5.3d1.abcd1.deae1.a4,-0.48585906624794006,1.0
2/ceb-c-d/5.3d1.abcd1.deae1.ac3,0.38731151819229126,-1.0
1/ccb-c-d/5.3d1.abcdb.deae1.acb2,-0.501854658126831,1.0
2/ccb-c-b/3e1.2ed1.abcdb.deae1.acb2,0.6099628210067749,-1.0
1/cc-b-c-b/3e1.2ed1.abcdb.deaec.acbc1,-0.5212904214859009,1.0
2/cc-ba-b/2de1.2ed1.abcdb.deaec.acbcd,0.6431861519813538,-1.0
1/ac-ba-b/2de1.1aeda.abcdb.deaec.acbcd,-0.4644668996334076,1.0
2/ac-baa/2de1.eaeda.abcdb.deaec.acbcd,0.23444776237010956,-1.0
1/ab-baa/1bde1.eaeda.abcdb.deaec.acbcd,-0.26667556166648865,1.0
2/abaaa/1bdec.eaeda.abcdb.deaec.acbcd,0.29868456721305847,-1.0
1/aaaaa/bbdec.eaeda.abcdb.deaec.acbcd,-0.19019760191440582,1.0
1/-ded-b-c/5.5.3b1.2e2.5,-0.919122576713562,1.0
2/-deda-c/5.5.2db1.2e2.5,0.8704650402069092,-1.0
1/-ddda-c/5.5.1bdb1.2e2.5,-0.9477140307426453,1.0
2/-cdda-c/5.5.1bdb1.1ae2.5,0.9195106029510498,-1.0
1/-cdca-c/5.5.1bdbc.1ae2.5,-0.9162850975990295,1.0
2/-cdca-b/5.5.1bdbc.1aee1.5,0.897325873374939,-1.0
1/-cdc-c-b/5.5.dbdbc.1aee1.2d2,-0.6467599868774414,1.0
2/-cdc-cb/5.3e1.dbdbc.1aeee.2d2,0.516251266002655,-1.0
1/-cbc-cb/5.3e1.dbdbc.1aeee.1bdb1,-0.14401787519454956,1.0
2/-cbd-cb/5.2ce1.dbdbc.1aeee.1bdb1,0.05179429426789284,-1.0
1/-cad-cb/2b2.2ce1.dbdbc.1aeee.1bdb1,-0.41404131054878235,1.0
2/aad-cb/2ba1.1ace1.dbdbc.1aeee.1bdb1,0.49544793367385864,-1.0
1/aaa-cb/2ba1.cacec.dbdbc.caeee.1bdb1,-0.1885327249765396,1.0
2/aaaab/2bad.cacec.dbdbc.caeee.dbdb1,0.11466352641582489,-1.0
1/aaaaa/2bad.cacec.dbdbc.caeee.dbdbe,-0.11667507141828537,1.0
2/baaaa/1abad.cacec.dbdbc.caeee.dbdbe,0.24136605858802795,-1.0
1/aaaaa/aabad.cacec.dbdbc.caeee.dbdbe,-0.2585430443286896,1.0
1/-b-b-ddc/2d2.2eb1.1dbc1.2ece.5,-0.8030543327331543,1.0
2/-b-b-bdc/2d2.1ceb1.1dbc1.1cece.5,0.7460705637931824,-1.0
1/-b-c-bdc/1bd2.1ceb1.1dbc1.1cece.5,-0.5516996383666992,1.0
2/-b-cadc/1bd2.1ceb1.1dbc1.1cece.3c1,0.5987624526023865,-1.0
1/-b-cada/1bde1.1ceb1.1dbc1.1cece.3ce,-0.2908889353275299,1.0
2/a-cada/1bde1.1ceb1.1dbc1.acece.3ce,0.36168962717056274,-1.0
1/a-caba/1bde1.1ceb1.ddbc1.acece.2dce,-0.03322971239686012,1.0
2/c-caba/1bde1.1ceb1.ddbca.acece.1adce,-0.1153591200709343,-1.0
1/a-caba/1bde1.1ceba.ddbca.acece.aadce,0.24461808800697327,1.0
2/aaaba/1bdeb.bceba.ddbca.acece.aadce,-0.0018243995727971196,-1.0
1/aaaaa/dbdeb.bceba.ddbca.acece.aadce,-0.20138967037200928,1.0
1/-ddbc-d/5.5.5.2d2.5,-0.9990969300270081,1.0
2/-cdbc-d/5.5.1a3.2d2.5,0.9961851239204407,-1.0
1/-ccbc-d/5.5.1ab2.2d2.5,-0.9888695478439331,1.0
2/-ccbc-c/5.3e1.1ab2.2d2.5,0.9833527207374573,-1.0
1/-ccac-c/5.2ce1.1ab2.2d2.5,-0.8452786207199097,1.0
2/-ccad-c/5.2ced.1ab2.2d2.5,0.9421834945678711,-1.0
1/-dcad-c/5.2ced.1ab2.2d2.2a2,-0.8083508610725403,1.0
2/-ddad-c/5.2ced.bab2.2d2.2a2,0.7973296046257019,-1.0
1/-ddad-d/2e2.2ced.bab2.2d2.2a2,-0.4244857132434845,1.0
2/-ddcd-d/2ec1.2ced.babc1.2d2.2a2,0.4205315113067627,-1.0
1/-dccd-d/2ec1.2ced.babc1.1bd2.2a2,-0.3449183404445648,1.0
2/-dccd-b/2ec1.2ced.babc1.ebd2.1ea2,0.8309211134910583,-1.0
1/-dcca-b/2ec1.1dced.babc1.ebdd1.dea2,0.039397165179252625,1.0
2/-dccaa/2ec1.1dced.babce.ebdd1.dea2,-0.7194067239761353,-1.0
1/-dacaa/1becb.1dced.babce.ebdd1.dea2,0.3223634958267212,1.0
2/aacaa/1becb.adced.babce.ebdda.deaa1,-0.06271674484014511,-1.0
1/aaaaa/cbecb.adced.babce.ebdda.deaac,-0.022852377966046333,1.0
2/bb-bc-b/5.5.2d2.5.5,0.9992915987968445,-1.0
1/bb-bc-c/5.5.1ed2.5.5,-0.9985558986663818,1.0
2/bbbc-c/5.1cc2.1ed2.5.5,0.9940779209136963,-1.0
1/-bbbc-c/5.acc2.1eda1.5.5,-0.8964657187461853,1.0
2/-bcbc-c/5.acc2.beda1.5.5,0.84993577003479,-1.0
1/-bcbc-d/5.acc2.bedae.5.5,-0.7582376003265381,1.0
2/-bdbc-d/5.accb1.bedae.5.5,0.7814922332763672,-1.0
1/-bdac-d/5.accbc.bedae.5.5,-0.7367538213729858,1.0
2/-bdad-d/5.accbc.bedae.3d1.5,0.5678744912147522,-1.0
1/-cdad-d/5.accbc.bedae.3d1.3a1,-0.5758607983589172,1.0
2/-cdbd-d/5.accbc.bedae.3dc.3a1,0.6544306874275208,-1.0
1/-cdbb-d/3d1.accbc.bedae.2ddc.3a1,-0.5316085815429688,1.0
2/-cdbb-b/2ede.accbc.bedae.2ddc.3a1,0.42291948199272156,-1.0
1/-cdab-b/2ede.accbc.bedae.2ddc.2ca1,-0.4456581473350525,1.0
2/-cdaba/1eede.accbc.bedae.2ddc.2ca1,0.3854701817035675,-1.0
1/-caaba/beede.accbc.bedae.1bddc.2cab,-0.038897354155778885,1.0
2/aaaba/beede.accbc.bedae.abddc.1acab,0.16262130439281464,-1.0
1/aaaaa/beede.accbc.bedae.abddc.dacab,-0.10479968786239624,1.0
1/-d-bbcb/1d3.5.5.5.5,-0.9995070695877075,1.0
2/-c-bbcb/1d3.1a3.5.5.5,0.9989242553710938,-1.0
1/-c-bbca/1d3.1a3.1e3.5.5,-0.982941746711731,1.0
2/-c-bbda/1d3.1a3.1ed2.5.5,0.9243839979171753,-1.0
1/-d-bbda/1d3.1a3.1ed2.1a3.5,-0.8948087692260742,1.0
2/-c-bbda/1d3.1a3.1eda1.1a3.5,0.854511559009552,-1.0
1/-c-bbca/1d3.1ad2.1eda1.1a3.5,-0.622309684753418,1.0
2/-cabca/1d3.1ad2.beda1.1a3.5,0.6862718462944031,-1.0
1/-c-cbca/1d3.bad2.beda1.ba3.5,-0.4603401720523834,1.0
2/-c-cdca/1d3.bad2.beda1.bac2.c4,0.49151939153671265,-1.0
1/-c-cdc-c/1de2.bad2.beda1.bace1.c4,-0.152917742729187,1.0
2/-cadc-c/bde2.bad2.beda1.bace1.cb3,0.38279664516448975,-1.0
1/-cada-c/bde2.badd1.beda1.baced.cb3,-0.35461246967315674,1.0
2/aada-c/bdea1.badd1.beda1.baced.cba2,0.3584856688976288,-1.0
1/aaca-c/bdea1.badd1.bedac.baced.cba2,-0.26422879099845886,1.0
2/aacaa/bdea1.badde.bedac.baced.cbae1,0.5042056441307068,-1.0
1/aaaaa/bdeac.badde.bedac.baced.cbaec,-0.41648024320602417,1.0
1/ad-cd-d/5.2d2.1abd1.3c1.3b1,-0.9831026196479797,1.0
2/bd-cd-d/5.2d2.1abd1.3ca.3b1,0.971196711063385,-1.0
1/ad-cd-d/5.2da1.1abd1.3ca.3b1,-0.9765897393226624,1.0
2/ad-cda/3e1.2da1.1abde.2eca.3b1,0.7304129004478455,-1.0
1/ad-dda/3e1.2da1.1abde.1ceca.3b1,-0.6772904396057129,1.0
2/ad-cda/3e1.2da1.1abde.1ceca.3bc,0.7691453099250793,-1.0
1/ad-cba/3e1.1dda1.1abde.1ceca.2dbc,-0.8118079900741577,1.0
2/ad-cbb/3e1.1ddae.1abde.1ceca.2dbc,0.5890319347381592,-1.0
1/-bd-cbb/2ae1.1ddae.1abde.1ceca.2dbc,-0.5057143568992615,1.0
2/ad-cbb/1aae1.1ddae.1abde.1ceca.2dbc,0.4680192172527313,-1.0
1/ad-cab/1aae1.1ddae.1abde.1ceca.1ddbc,-0.506583571434021,1.0
2/ad-bab/1aae1.cddae.1abde.1ceca.1ddbc,0.5359976887702942,-1.0
1/aa-bab/baaeb.cddae.babde.1ceca.1ddbc,-0.47094252705574036,1.0
2/aaaab/baaeb.cddae.babde.cceca.1ddbc,0.12549206614494324,-1.0
1/aaaaa/baaeb.cddae.babde.cceca.eddbc,-0.18382097780704498,1.0
1/-ba-d-be/5.5.1eb2.5.5,-0.9005248546600342,1.0
2/aa-d-be/5.5.aeb2.5.5,0.8526952862739563,-1.0
1/a-b-d-be/5.5.aebb1.5.5,-0.8519134521484375,1.0
2/b-b-d-be/5.3a1.aebb1.5.5,0.8162933588027954,-1.0
1/b-b-d-bd/5.2ea1.aebb1.5.5,-0.5051910281181335,1.0
2/b-b-dad/5.2ea1.aebb1.3d1.5,-0.2271031141281128,-1.0
1/b-b-ead/5.2ea1.aebb1.2cd1.5,-0.3147810697555542,1.0
2/b-b-bad/2cc1.2ea1.aebb1.1ccd1.5,0.3699907660484314,-1.0
1/b-b-b-cd/2cc1.1dea1.aebb1.1ccd1.2d2,-0.1852874755859375,1.0
2/bb-b-cd/1bcc1.1dea1.aebb1.bccd1.2d2,-0.07403012365102768,-1.0
1/bb-b-cb/1bcc1.1dea1.aebbe.bccd1.1ed2,-0.0837760716676712,1.0
2/bb-bab/1bcc1.ddea1.aebbe.bccd1.1edd1,0.5948530435562134,-1.0
1/bb-baa/1bcc1.ddea1.aebbe.bccd1.eedd1,-0.7128390669822693,1.0
2/cb-baa/1bcc1.ddea1.aebbe.bccda.eedd1,0.539156973361969,-1.0
1/ca-baa/bbcc1.ddea1.aebbe.bccda.eedd1,-0.664605975151062,1.0
2/caaaa/bbcc1.ddeac.aebbe.bccda.eedd1,0.5812362432479858,-1.0
1/aaaaa/bbcca.ddeac.aebbe.bccda.eedda,-0.4387069046497345,1.0
2/ad-db-c/1ba2.1cedc.2bed.2dde.5,-0.8002951741218567,1.0
1/-bd-db-c/1ba2.1cedc.1abed.2dde.5,0.3222843408584595,-1.0
2/-bd-dba/1bae1.1cedc.1abed.2dde.3e1,-0.192586749792099,1.0
1/-bd-daa/1bae1.1cedc.1abed.2dde.3ed,0.281424880027771,-1.0
2/-bdaaa/1baec.1cedc.cabed.1cdde.3ed,0.16064020991325378,1.0
1/-baaaa/1baec.bcedc.cabed.bcdde.2bed,-0.08915724605321884,-1.0
2/baaaa/abaec.bcedc.cabed.bcdde.1abed,0.3143611252307892,1.0
1/aaaaa/abaec.bcedc.cabed.bcdde.aabed,-0.27176180481910706,-1.0
1/-edb-bb/5.5.5.2bab.5,-0.9205250144004822,1.0
2/-edbab/5.5.3d1.2bab.5,0.8954308032989502,-1.0
1/-edaab/5.5.3d1.1cbab.5,-0.8053521513938904,1.0
2/-edbab/5.3c1.3d1.1cbab.5,0.7188538312911987,-1.0
1/-ecbab/5.3c1.2bd1.1cbab.5,-0.4690307378768921,1.0
2/-eccab/5.3c1.2bd1.ccbab.5,0.5305994153022766,-1.0
1/-ecca-b/5.2ec1.1ebd1.ccbab.5,-0.1617971658706665,1.0
2/-ccca-b/3a1.1aec1.1ebd1.ccbab.5,-0.024569669738411903,-1.0
1/-caca-b/3a1.1aec1.1ebdb.ccbab.1b3,0.40591681003570557,1.0
2/-cacab/2ea1.1aec1.1ebdb.ccbab.eb3,-0.2159099131822586,-1.0
1/-cac-cb/2ea1.1aec1.debdb.ccbab.ebd2,0.4808087944984436,1.0
2/-cacab/1dea1.daec1.debdb.ccbab.ebd2,-0.3405567407608032,-1.0
1/-caaab/1dea1.daecc.debdb.ccbab.ebdc1,0.031039325520396233,1.0
2/aaaab/adeaa.daecc.debdb.ccbab.ebdc1,-0.01653808169066906,-1.0
1/aaaaa/adeaa.daecc.debdb.ccbab.ebdce,-0.1355465054512024,1.0
1/da-cb-c/2a2.2ec1.2dcb.acdbb.5,-0.8068825006484985,1.0
2/daab-c/2a2.2ecc.2dcb.acdbb.2c2,0.799415647983551,-1.0
1/daab-d/2a2.2ecc.1edcb.acdbb.2c2,-0.7718891501426697,1.0
2/daac-d/2a2.2ecc.1edcb.acdbb.1dc2,0.09150289744138718,-1.0
1/d-bac-d/2a2.2ecc.1edcb.acdbb.1dcb1,-0.7240670919418335,1.0
2/d-bac-b/2a2.1eecc.1edcb.acdbb.edcb1,0.6859574913978577,-1.0
1/d-baa-b/1da2.1eecc.1edcb.acdbb.edcbd,-0.7358851432800293,1.0
2/daaa-b/1dab1.1eecc.1edcb.acdbb.edcbd,0.6689653992652893,-1.0
1/caaa-b/1dab1.1eecc.aedcb.acdbb.edcbd,-0.567692220211029,1.0
2/caaaa/1dab1.eeecc.aedcb.acdbb.edcbd,0.5071813464164734,-1.0
1/aaaaa/adaba.eeecc.aedcb.acdbb.edcbd,-0.4015222191810608,1.0
2/bb-b-dc/5.5.2e2.5.5,0.9997368454933167,-1.0
1/bb-b-ec/5.5.2e2.2d2.5,-0.9296704530715942,1.0
2/bba-ec/5.5.2e2.2d2.2c2,0.8964108228683472,-1.0
1/bb-b-ec/5.5.2e2.1cd2.2c2,-0.6565839648246765,1.0
2/bb-b-ed/5.5.2e2.1cde1.2c2,0.7647098898887634,-1.0
1/ab-b-ed/5.5.2e2.1cde1.2ca1,-0.9988417029380798,1.0
2/ab-b-cd/5.5.1de2.1cde1.1dca1,0.9124022722244263,-1.0
1/-bb-b-cd/5.5.1dea1.1cde1.1dca1,-0.9014226794242859,1.0
2/-bbb-cd/5.1c3.1dea1.1cde1.1dcac,0.8357446193695068,-1.0
1/-bbb-cb/5.1ce2.1dea1.1cde1.edcac,-0.618982195854187,1.0
2/-bdb-cb/2b2.1ce2.1dea1.bcde1.edcac,0.4859636425971985,-1.0
1/-bda-cb/2b2.1ce2.1dea1.bcdec.edcac,-0.7142892479896545,1.0
2/bda-cb/2b2.1ce2.adeaa.bcdec.edcac,0.7676809430122375,-1.0
1/bda-ca/2b2.1cee1.adeaa.bcdec.edcac,-0.7868180871009827,1.0
2/bda-ba/2bd1.1cee1.adeaa.bcdec.edcac,0.8783093094825745,-1.0
1/baa-ba/1bbd1.bceeb.adeaa.bcdec.edcac,-0.7882779836654663,1.0
2/baaaa/dbbd1.bceeb.adeaa.bcdec.edcac,0.3131437301635742,-1.0
1/aaaaa/dbbda.bceeb.adeaa.bcdec.edcac,-0.18263225257396698,1.0
1/ebb-d-b/5.5.2a2.5.5,-0.9991353750228882,1.0
2/ecb-d-b/5.2b2.2a2.5.5,0.9979856610298157,-1.0
1/ccb-d-b/5.2b2.2a2.1aa2.5,-0.959453284740448,1.0
2/ccb-da/5.2b2.2a2.1aa2.3e1,0.921593427658081,-1.0
1/cc-b-da/5.2b2.2a2.1aac1.2ce1,-0.835548996925354,1.0
2/cd-b-da/5.2b2.2ab1.1aac1.2ce1,0.8458719849586487,-1.0
1/cd-b-ea/5.2b2.1dab1.1aac1.2ce1,-0.8375797867774963,1.0
2/cdb-ea/5.1cb2.1dab1.1aac1.1cce1,0.6217382550239563,-1.0
1/adb-ea/5.1cba1.1daba.1aac1.1cce1,-0.2711983323097229,1.0
2/adb-eb/5.ecba1.1daba.1aac1.1cce1,0.38505035638809204,-1.0
1/acb-eb/5.ecba1.bdaba.1aac1.1cce1,-0.3665362596511841,1.0
2/acb-bb/1d3.ecbad.bdaba.1aacd.1cce1,0.6909017562866211,-1.0
1/acb-b-b/ed3.ecbad.bdaba.eaacd.1cce1,-0.6230310201644897,1.0
2/acba-b/ed3.ecbad.bdaba.eaacd.1cced,0.30117106437683105,-1.0
1/aaba-b/edb2.ecbad.bdaba.eaacd.bcced,-0.07333831489086151,1.0
2/aabaa/edbe1.ecbad.bdaba.eaacd.bcced,0.20507843792438507,-1.0
1/aaaaa/edbec.ecbad.bdaba.eaacd.bcced,-0.11251688003540039,1.0
1/-cb-ce-c/5.2d2.2a2.2c2.2e2,-0.9684234261512756,1.0
2/-cb-be-c/2c2.2d2.2a2.2c2.2e2,0.9422662854194641,-1.0
1/-cb-bd-c/2cd1.2d2.2a2.2c2.2e2,-0.7892342209815979,1.0
2/-cbad-c/2cd1.2dc1.2a2.2c2.2e2,0.7800676822662354,-1.0
1/-dbad-c/2cd1.2dc1.2aa1.2c2.2e2,-0.5296334624290466,1.0
2/-dcad-c/2cd1.2dc1.2aa1.2cb1.2e2,0.5072597861289978,-1.0
1/-dc-bd-c/2cd1.2dc1.2aac.2cb1.2e2,-0.10220146924257278,1.0
2/-dc-bd-b/2cd1.2dce.2aac.2cb1.2e2,0.5537412762641907,-1.0
1/-dc-bd-c/2cd1.2dce.1eaac.2cb1.2e2,-0.6423444151878357,1.0
2/ac-bd-c/2cda.1adce.1eaac.1acb1.2e2,0.6415495872497559,-1.0
1/ac-bb-c/1dcda.1adce.1eaac.1acbd.2e2,-0.321451336145401,1.0
2/ad-bb-c/1dcda.1adce.beaac.1acbd.2e2,0.3997563421726227,-1.0
1/ab-bb-c/1dcda.1adce.beaac.bacbd.2eb1,-0.212911456823349,1.0
2/ab-bba/1dcda.eadce.beaac.bacbd.1eeb1,0.29015904664993286,-1.0
1/aa-bba/1dcda.eadce.beaac.bacbd.1eebb,-0.24039798974990845,1.0
2/aaaba/1dcda.eadce.beaac.bacbd.ceebb,0.26432836055755615,-1.0
1/aaaaa/ddcda.eadce.beaac.bacbd.ceebb,-0.14354972541332245,1.0
1/-ca-dce/5.1c3.dbae1.1ac2.1a3,-0.7678878903388977,1.0
2/aa-dce/5.ac3.dbae1.1aca1.1a3,0.8514530658721924,-1.0
1/aa-dcc/5.ace2.dbae1.1aca1.1ae2,-0.884372889995575,1.0
2/aa-ddc/2d2.ace2.dbae1.1aca1.1ae2,0.7324362397193909,-1.0
1/a-c-ddc/2d2.ace2.dbae1.bacab.1ae2,-0.5509682297706604,1.0
2/a-c-bdc/1cd2.ace2.dbae1.bacab.1aec1,0.6624260544776917,-1.0
1/a-c-bda/1cd2.ace2.dbaee.bacab.1aece,-0.514962375164032,1.0
2/aa-bda/1cd2.aceb1.dbaee.bacab.baece,0.6499968767166138,-1.0
1/aa-bca/1cd2.acebd.dbaee.bacab.baece,-0.6824296116828918,1.0
2/aaaca/1cdc1.acebd.dbaee.bacab.baece,0.508200466632843,-1.0
1/aaaaa/dcdcd.acebd.dbaee.bacab.baece,-0.3794154226779938,1.0
2/bbd-d-e/5.5.dacea.aacd1.5,-0.8440477252006531,1.0
1/bbb-d-e/5.c4.dacea.aacd1.1c3,0.9233747720718384,-1.0
2/bdb-d-e/5.cb3.dacea.aacd1.1cb2,-0.5942639112472534,1.0
1/adb-d-e/5.cb3.dacea.aacd1.1cba1,0.5258935689926147,-1.0
2/adba-e/d4.cb3.dacea.aacdd.dcba1,-0.06069882586598396,1.0
1/acba-e/d4.cb3.dacea.aacdd.dcbab,-0.11675731092691422,-1.0
2/acba-c/de3.cbe2.dacea.aacdd.dcbab,0.21954680979251862,1.0
1/aaba-c/deb2.cbeb1.dacea.aacdd.dcbab,0.04112612456083298,-1.0
2/aabaa/debe1.cbebe.dacea.aacdd.dcbab,0.2474888265132904,1.0
1/aaaaa/debec.cbebe.dacea.aacdd.dcbab,-0.22388507425785065,-1.0
1/-c-deab/1b3.1ea2.edb2.2c2.5,-0.7170626521110535,1.0
2/-c-beab/1b3.1ea2.edb2.1bc2.2b2,0.5817224979400635,-1.0
1/-d-beab/1b3.1ea2.edba1.1bc2.2b2,-0.284185528755188,1.0
2/-d-becb/1b3.1ead1.edbad.1bc2.2b2,0.6333884000778198,-1.0
1/-d-bccb/1b3.cead1.edbad.cbc2.2b2,-0.562465488910675,1.0
2/-daccb/1b3.cead1.edbad.cbcb1.2b2,0.36121508479118347,-1.0
1/-dacc-b/1b3.cead1.edbad.cbcb1.1ebe1,-0.23794040083885193,1.0
2/-bacc-b/1b3.ceada.edbad.cbcba.1ebe1,0.35036495327949524,-1.0
1/-baca-b/1bd2.ceada.edbad.cbcba.debe1,-0.31900861859321594,1.0
2/aaca-b/1bd2.ceada.edbad.cbcba.debea,0.17245903611183167,-1.0
1/aaba-b/1bdc1.ceada.edbad.cbcba.debea,-0.3620920181274414,1.0
2/aabaa/ebdc1.ceada.edbad.cbcba.debea,-0.018644364550709724,-1.0
1/aaaaa/ebdcc.ceada.edbad.cbcba.debea,-0.058588381856679916,1.0
2/-ccd-bb/5.2bec.1addb.abcde.3ad,-0.5265836715698242,1.0
1/-ccd-b-b/5.2bec.eaddb.abcde.2ead,-0.5394717454910278,-1.0
2/-ccd-ba/5.2bec.eaddb.abcde.1eead,0.5645611882209778,1.0
1/-cad-ba/2b2.1bbec.eaddb.abcde.1eead,-0.41015779972076416,-1.0
2/-cadaa/2bd1.1bbec.eaddb.abcde.1eead,0.1732672154903412,1.0
1/-cacaa/2bd1.1bbec.eaddb.abcde.ceead,-0.18874429166316986,-1.0
2/aacaa/1abd1.abbec.eaddb.abcde.ceead,0.5101159811019897,1.0
1/aaaaa/cabdc.abbec.eaddb.abcde.ceead,-0.44079217314720154,-1.0
1/-bdb-b-e/5.2e2.5.5.5,0.999437153339386,-1.0
2/-bdc-b-e/5.2e2.2c2.5.5,-0.9993417263031006,1.0
1/-bdc-c-e/5.1de2.2c2.5.5,0.990669310092926,-1.0
2/-bdc-b-e/2d2.1de2.2c2.5.5,-0.8458471894264221,1.0
1/-bcc-b-e/1bd2.1de2.2c2.5.5,0.9100480675697327,-1.0
2/-bcc-b-d/1bd2.1de2.2c2.2e2.5,-0.8942661285400391,1.0
1/-bca-b-d/1bdc1.1dec1.2c2.2e2.5,0.9228182435035706,-1.0
2/-bcab-d/1bdc1.1dec1.1dcd1.2e2.5,-0.7303869128227234,1.0
1/-ccab-d/1bdc1.1dec1.1dcd1.1ae2.5,0.6656060218811035,-1.0
2/-ccbb-d/1bdc1.1dec1.1dcd1.1aec1.5,-0.7060432434082031,1.0
1/-cbbb-d/1bdc1.1dec1.1dcd1.1aecb.5,0.680397093296051,-1.0
2/-cbbb-b/ebdc1.1dec1.1dcd1.1aecb.3e1,-0.1656915843486786,1.0
1/-cbba-b/ebdc1.1dec1.1dcdd.1aecb.3e1,-0.15313205122947693,-1.0
2/bbba-b/ebdc1.1deca.1dcdd.1aecb.2aea,0.43489113450050354,1.0
1/b-bba-b/ebdcb.1deca.1dcdd.1aecb.1baea,-0.33068540692329407,-1.0
2/baba-b/ebdcb.bdeca.1dcdd.1aecb.1baea,0.17943914234638214,1.0
1/baaa-b/ebdcb.bdeca.cdcdd.1aecb.1baea,-0.1770290583372116,-1.0
2/baaaa/ebdcb.bdeca.cdcdd.eaecb.1baea,0.19019314646720886,1.0
1/aaaaa/ebdcb.bdeca.cdcdd.eaecb.abaea,-0.0802132785320282,-1.0
1/-bb-b-bd/5.3e1.2e2.5.5,-0.849757969379425,1.0
2/ab-b-bd/5.2ae1.2e2.5.5,0.9648906588554382,-1.0
1/a-b-b-bd/5.1bae1.2e2.2b2.5,-0.8550291657447815,1.0
2/a-ba-bd/5.1bae1.2ec1.2b2.5,0.8153907656669617,-1.0
1/-c-ba-bd/1a3.1bae1.2ec1.2ba1.5,0.0011176307452842593,1.0
2/-cba-bd/ba3.1bae1.1bec1.2ba1.5,-0.6882109045982361,-1.0
1/-cba-bb/bae2.1bae1.1bec1.1eba1.5,0.5263251662254333,1.0
2/aba-bb/baea1.1bae1.1bec1.1eba1.1a3,-0.43919435143470764,-1.0
1/ab-c-bb/baea1.1bae1.1becc.1ebac.1a3,0.3253563940525055,1.0
2/ab-cab/baea1.dbae1.1becc.1ebac.1a3,-0.25580474734306335,-1.0
1/aa-cab/baea1.dbae1.1becc.1ebac.1ab2,0.12391971051692963,1.0
2/aa-ccb/baea1.dbae1.dbecc.1ebac.1abd1,-0.06634560227394104,-1.0
1/aa-cab/baea1.dbae1.dbecc.debac.1abdd,0.09999445080757141,1.0
2/aaaab/baea1.dbaec.dbecc.debac.cabdd,0.13324561715126038,-1.0
1/aaaaa/baeae.dbaec.dbecc.debac.cabdd,-0.20422905683517456,1.0
1/-cbda-c/5.ceda1.3c1.5.5,-0.8370540738105774,1.0
2/-cbdc-c/3d1.ceda1.3cd.5.5,0.8337286114692688,-1.0
1/-cbdc-d/3d1.ceda1.2ecd.5.5,-0.9069549441337585,1.0
2/-ccdc-d/3d1.ceda1.1becd.5.5,0.776594877243042,-1.0
1/-cccc-d/3d1.ceda1.1becd.3c1.5,-0.6808401942253113,1.0
2/-cccc-c/3d1.ceda1.1becd.2ec1.5,0.7355167865753174,-1.0
1/-dccc-c/2ad1.ceda1.1becd.2ec1.5,-0.5135449767112732,1.0
2/-cccc-c/2ad1.ceda1.1becd.1aec1.5,0.576739490032196,-1.0
1/-c-bcc-c/1bad1.cedab.bbecd.1aec1.5,-0.08317438513040543,1.0
2/-c-bcca/1bad1.cedab.bbecd.eaece.5,0.12374750524759293,-1.0
1/-c-bcba/1badd.cedab.bbecd.eaece.5,-0.12010268121957779,1.0
2/a-bcba/1badd.cedab.bbecd.eaece.aa3,0.26686790585517883,-1.0
1/a-baba/cbadd.cedab.bbecd.eaece.aac2,-0.17965011298656464,1.0
2/aaaba/cbadd.cedab.bbecd.eaece.aacb1,0.36242642998695374,-1.0
1/aaaaa/cbadd.cedab.bbecd.eaece.aacbd,-0.37140488624572754,1.0
1/b-cb-b-b/5.5.5.1b3.5,0.9991010427474976,-1.0
2/c-cb-b-b/5.5.5.1ba2.5,-0.9976000785827637,1.0
1/c-cb-c-b/5.5.2d2.1ba2.5,0.9954838156700134,-1.0
2/c-cb-ca/5.5.1ed2.1ba2.5,-0.8509193658828735,1.0
1/c-cb-da/5.1d3.1ed2.1ba2.5,0.9325534105300903,-1.0
2/c-cc-da/5.1d3.1edc1.1ba2.5,-0.9125127196311951,1.0
1/c-cb-da/5.1d3.1edc1.1bac1.5,0.8642836809158325,-1.0
2/d-cb-da/1a3.1d3.1edc1.1bac1.5,-0.5195633172988892,1.0
1/d-db-da/1a3.1d3.1edc1.1bac1.1b3,0.6074194312095642,-1.0
2/d-db-ca/1a3.1dd2.1edc1.1bac1.1b3,-0.42399701476097107,1.0
1/d-db-c-c/1ae2.1dd2.1edce.1bac1.1b3,0.4438783526420593,-1.0
2/d-dc-c-c/1ae2.1dd2.1edce.cbac1.1b3,-0.03675169497728348,1.0
1/d-db-c-c/1ae2.1dd2.1edce.cbac1.cb3,-0.0027248586993664503,-1.0
2/dab-c-c/1ae2.1ddb1.bedce.cbac1.cbb2,0.37298914790153503,1.0
1/daa-c-c/1ae2.1ddb1.bedce.cbac1.cbbc1,-0.1677359938621521,-1.0
2/daaa-c/1ae2.dddb1.bedce.cbacd.cbbc1,0.15564139187335968,1.0
1/baaa-c/1aea1.dddb1.bedce.cbacd.cbbca,-0.0945262610912323,-1.0
2/baaaa/eaea1.dddbe.bedce.cbacd.cbbca,0.1301620900630951,1.0
1/aaaaa/eaeaa.dddbe.bedce.cbacd.cbbca,-0.25619637966156006,-1.0
2/b-dcac/5.2b2.1bddd.1ecee.5,-0.21882274746894836,1.0
1/b-dc-bc/5.2bd1.1bddd.1ecee.5,-0.6118689179420471,-1.0
2/d-dc-bc/2aa1.2bd1.1bddd.1ecee.5,0.7104699015617371,1.0
1/d-db-bc/2aa1.2bd1.1bddd.1ecee.2c2,-0.8562578558921814,-1.0
2/d-cb-bc/2aa1.1bbd1.1bddd.1ecee.2c2,0.833063006401062,1.0
1/d-c-b-bc/2aa1.1bbd1.1bddd.1ecee.1ccc1,-0.785973310470581,-1.0
2/d-c-bac/2aa1.1bbd1.dbddd.1ecee.1ccc1,0.5897305607795715,1.0
1/c-c-bac/1aaa1.1bbd1.dbddd.1ecee.1ccc1,-0.6346362829208374,-1.0
2/ca-bac/1aaa1.bbbd1.dbddd.1ecee.1cccb,0.7774909734725952,1.0
1/ca-baa/1aaa1.bbbde.dbddd.eecee.1cccb,-0.6989564299583435,-1.0
2/caaaa/1aaa1.bbbde.dbddd.eecee.ccccb,0.426658570766449,1.0
1/aaaaa/aaaaa.bbbde.dbddd.eecee.ccccb,-0.292505145072937,-1.0
2/-dc-dbb/5.2b2.1cc2.5.5,-0.9373204708099365,1.0
1/-dc-dba/5.2b2.1cc2.1e3.5,0.8688456416130066,-1.0
2/-dc-dbc/5.2b2.ecc2.1ee2.5,-0.9283541440963745,1.0
1/-dc-dac/5.2b2.ecc2.1ee2.1d3,0.8547853231430054,-1.0
2/-dc-cac/5.2bc1.ecc2.1ee2.1d3,-0.7364740371704102,1.0
1/-ec-cac/5.2bc1.ecc2.aee2.1d3,0.7484554648399353,-1.0
2/-ecaac/5.2bcc.ecc2.aee2.cd3,-0.47541162371635437,1.0
1/-ecaab/5.2bcc.ecc2.aee2.cde2,0.3787788152694702,-1.0
2/-ecacb/5.1dbcc.eccd1.aee2.cde2,-0.14149488508701324,1.0
1/-ecaca/1e3.1dbcc.eccd1.aee2.cde2,0.033683378249406815,-1.0
2/-ccaca/1ea2.adbcc.eccd1.aee2.cde2,0.09892155230045319,1.0
1/-ccaaa/dea2.adbcc.eccd1.aeed1.cde2,0.0023310333490371704,-1.0
2/-cdaaa/dea2.adbcc.eccdb.aeed1.cde2,0.049569737166166306,1.0
1/-cbaaa/dea2.adbcc.eccdb.aeedb.cdeb1,0.026482587680220604,-1.0
2/abaaa/deaa1.adbcc.eccdb.aeedb.cdeba,0.10115601122379303,1.0
1/aaaaa/deaab.adbcc.eccdb.aeedb.cdeba,-0.19527031481266022,-1.0
2/-cbd-bb/5.5.3a1.5.5,0.999235987663269,-1.0
1/-cbc-bb/5.2c2.3a1.5.5,-0.9987869262695312,1.0
2/-cbcab/5.2c2.2da1.5.5,0.990848958492279,-1.0
1/-dbcab/5.2c2.2da1.2a2.5,-0.9794987440109253,1.0
2/-dbccb/5.2c2.2dad.1da2.5,0.9139269590377808,-1.0
1/-daccb/5.2c2.1bdad.1da2.5,-0.8123133182525635,1.0
2/-dbccb/5.1bc2.1bdad.1da2.5,0.7473165988922119,-1.0
1/-dbcc-c/2e2.1bce1.1bdad.1dae1.5,-0.5632314682006836,1.0
2/abcc-c/1aea1.1bcea.1bdad.1dae1.5,0.5571955442428589,-1.0
1/a-bcc-c/1aea1.1bcea.1bdad.bdae1.1b3,-0.2417663335800171,1.0
2/a-bcca/1aeae.1bcea.ebdad.bdae1.1b3,0.2810991108417511,-1.0
1/a-bcaa/1aeae.dbcea.ebdad.bdaed.1b3,-0.28592267632484436,1.0
2/a-bdaa/1aeae.dbcea.ebdad.bdaed.1bc2,0.3941376507282257,-1.0
1/a-bbaa/1aeae.dbcea.ebdad.bdaed.cbcc1,-0.3502952754497528,1.0
2/aabaa/1aeae.dbcea.ebdad.bdaed.cbccb,0.3320622444152832,-1.0
1/aaaaa/caeae.dbcea.ebdad.bdaed.cbccb,-0.2922833263874054,1.0
2/cbd-b-d/5.5.1a3.5.5,0.9990271329879761,-1.0
1/cbd-c-d/5.5.1a3.1d3.5,-0.9970479011535645,1.0
2/ccd-c-d/5.5.1a3.1d3.3b1,0.9929170608520508,-1.0
1/ccc-c-d/5.1c3.1a3.1d3.3b1,-0.9863768219947815,1.0
2/ccc-c-c/5.1ce2.1a3.1d3.3b1,0.9746409058570862,-1.0
1/acc-c-c/5.1ce2.1aa2.1d3.3ba,-0.7559635043144226,1.0
2/acd-c-c/5.1ce2.1aa2.1dc2.3ba,0.8476265072822571,-1.0
1/-bcd-c-c/5.1ce2.1aa2.1dc2.2aba,-0.7534584403038025,1.0
2/-bcda-c/5.dce2.1aa2.1dcd1.2aba,0.10473059862852097,-1.0
1/-bcba-c/5.dce2.caa2.1dcd1.1caba,-0.35226312279701233,1.0
2/-bdba-c/5.dce2.caa2.1dcdb.1caba,0.4727495312690735,-1.0
1/-bcba-c/5.dce2.caa2.bdcdb.1caba,-0.2990650236606598,1.0
2/-bcbb-c/2d2.dce2.caa2.bdcdb.1caba,0.18179607391357422,-1.0
1/-bcbb-d/2d2.dce2.caae1.bdcdb.1caba,0.10453808307647705,1.0
2/-bcbb-c/2d2.dcee1.caae1.bdcdb.1caba,0.19445161521434784,-1.0
1/-bcba-c/1dd2.dcee1.caae1.bdcdb.1caba,-0.30026498436927795,1.0
2/-bcbaa/1dde1.dcee1.caaee.bdcdb.1caba,0.5121367573738098,-1.0
1/-bcaaa/1dde1.dceec.caaee.bdcdb.1caba,-0.5211762189865112,1.0
2/acaaa/1dde1.dceec.caaee.bdcdb.acaba,0.5286291241645813,-1.0
1/aaaaa/bddeb.dceec.caaee.bdcdb.acaba,-0.3767525553703308,1.0
2/-bc-bbb/5.3b1.5.5.5,0.9991216063499451,-1.0
1/-bc-cbb/5.3b1.3c1.5.5,-0.997715175151825,1.0
2/-bc-cbc/5.3b1.3c1.2e2.5,0.9958633184432983,-1.0
1/-bc-cac/5.3b1.2dc1.2e2.5,-0.925396740436554,1.0
2/-bc-cad/5.2eb1.2dc1.2e2.5,0.9181780815124512,-1.0
1/-bc-c-cd/2dd1.2eb1.2dc1.2e2.5,-0.5922515392303467,1.0
2/-bd-c-cd/2dd1.2eb1.1bdc1.2e2.5,0.035792287439107895,-1.0
1/-bd-c-cc/2dd1.1eeb1.1bdc1.2e2.5,-0.563793957233429,1.0
2/-bda-cc/1cdd1.1eeb1.1bdc1.2ec1.5,0.5490276217460632,-1.0
1/-bda-ca/1cdd1.1eeb1.1bdc1.1eec1.2e2,-0.07350890338420868,1.0
2/cda-ca/1cdd1.1eeb1.abdca.1eec1.2ea1,0.6418778896331787,-1.0
1/cd-b-ca/1cdd1.1eebc.abdca.1eec1.2ea1,-0.8110184073448181,1.0
2/cda-ca/1cdd1.1eebc.abdca.ceec1.2ea1,0.7470211386680603,-1.0
1/caa-ca/1cdd1.beebc.abdca.ceecb.1bea1,-0.4092700481414795,1.0
2/caaaa/1cddd.beebc.abdca.ceecb.dbea1,0.4858286380767822,-1.0
1/aaaaa/acddd.beebc.abdca.ceecb.dbeaa,-0.35077643394470215,1.0
1/-cd-ebb/5.1bb2.dcad1.1ee2.5,-0.7508618831634521,1.0
2/-cd-cbb/5.1bbc1.dcad1.1eec1.5,0.7915771007537842,-1.0
1/-dd-cbb/5.1bbc1.dcad1.aeec1.5,-0.8989788889884949,1.0
2/-dd-cbc/5.1bbc1.dcad1.aeece.5,0.7182117700576782,-1.0
1/-dc-cbc/5.1bbc1.dcadb.aeece.5,-0.5548984408378601,1.0
2/ac-cbc/2a2.abbc1.dcadb.aeece.a4,0.7642793655395508,-1.0
1/ac-c-bc/2a2.abbcd.dcadb.aeece.ad3,-0.3790900409221649,1.0
2/ac-cac/2ad1.abbcd.dcadb.aeece.ad3,0.38176363706588745,-1.0
1/aa-cac/1bad1.abbcd.dcadb.aeece.adb2,-0.06848582625389099,1.0
2/aaaac/1badc.abbcd.dcadb.aeece.adbc1,0.0671205148100853,-1.0
1/aaaaa/ebadc.abbcd.dcadb.aeece.adbce,-0.0933862030506134,1.0
2/-bcd-bb/5.5.5.3b1.5,0.9995718002319336,-1.0
1/-bad-bb/5.5.3b1.3b1.3b1,-0.9866496920585632,1.0
2/-bae-bb/5.5.2cb1.3b1.3b1,0.897728443145752,-1.0
1/-bae-ba/5.5.1ecb1.3b1.3b1,-0.7068948149681091,1.0
2/-bbe-ba/5.5.1ecb1.2bb1.3b1,-0.24761074781417847,-1.0
1/-bbc-ba/5.5.1ecb1.1cbbc.3b1,-0.45604202151298523,1.0
2/-bbcaa/5.5.1ecb1.1cbbc.2db1,0.5318498015403748,-1.0
1/-bacaa/5.5.becb1.1cbbc.2db1,-0.6416937112808228,1.0
2/-bacac/5.3e1.becb1.1cbbc.1edb1,0.7536134123802185,-1.0
1/-bac-cc/3d1.2de1.becb1.1cbbc.1edb1,-0.5190576314926147,1.0
2/aac-cc/3d1.2de1.becba.1cbbc.1edb1,0.3930479884147644,-1.0
1/aac-ca/3d1.1ede1.becba.1cbbc.1edbe,-0.2249920517206192,1.0
2/cac-ca/3d1.1edea.becba.acbbc.1edbe,0.299949049949646,-1.0
1/caa-ca/2cd1.cedea.becba.acbbc.1edbe,-0.21252276003360748,1.0
2/caaaa/1dcdd.cedea.becba.acbbc.1edbe,0.3920817971229553,-1.0
1/aaaaa/adcdd.cedea.becba.acbbc.aedbe,-0.25613006949424744,1.0
2/-b-bebb/5.1c3.5.5.5,0.9996671676635742,-1.0
1/-c-bebb/5.1c3.1a3.5.5,-0.9997512102127075,1.0
2/-c-becb/5.1c3.1a3.1d3.5,0.9987326264381409,-1.0
1/-d-becb/1a3.1c3.1a3.1d3.5,-0.9219831228256226,1.0
2/-b-becb/1a3.1c3.1aa2.1da2.5,0.8826178908348083,-1.0
1/-b-decb/1a3.1cb2.1aa2.bda2.5,-0.8164900541305542,1.0
2/-b-decc/1a3.1cbe1.1aa2.bda2.5,0.8226755261421204,-1.0
1/-b-ddcc/1a3.1cbe1.1aa2.bda2.2c2,-0.844707727432251,1.0
2/-b-dddc/1a3.1cbe1.daa2.bda2.2c2,0.8223679065704346,-1.0
1/-b-ddda/1a3.ecbe1.daae1.bda2.2c2,-0.6855382323265076,1.0
2/a-ddda/1a3.ecbe1.daae1.bdaa1.2c2,0.6876212358474731,-1.0
1/a-ddaa/1a3.ecbe1.daaed.bdaad.2cd1,-0.32490888237953186,1.0
2/aadaa/bab2.ecbeb.daaed.bdaad.2cd1,0.5596853494644165,-1.0
1/aaaaa/babc1.ecbeb.daaed.bdaad.1ccdc,-0.44197574257850647,1.0
2/aaaab/babc1.ecbeb.daaed.bdaad.eccdc,0.08309276401996613,-1.0
1/aaaaa/babce.ecbeb.daaed.bdaad.eccdc,-0.14044944941997528,1.0
2/-dcdd-b/5.b4.5.5.5,0.9996944069862366,-1.0
1/-ecdd-b/5.ba3.5.5.5,-0.9241657257080078,1.0
2/-eced-b/5.bac2.5.5.5,0.9482048749923706,-1.0
1/-eced-c/5.bace1.5.5.5,-0.8978430032730103,1.0
2/-dced-c/5.bacea.5.5.5,0.903093695640564,-1.0
1/-dcdd-c/5.bacea.3c1.5.5,-0.8309834003448486,1.0
2/-dddd-c/5.bacea.2bc1.5.5,0.8163230419158936,-1.0
1/-dbdd-c/5.bacea.1bbc1.3b1.5,-0.5575084090232849,1.0
2/-dbdd-b/5.bacea.ebbc1.3b1.5,0.49676674604415894,-1.0
1/-dbdd-c/5.bacea.ebbce.3b1.5,-0.16598868370056152,1.0
2/-cbdd-c/5.bacea.ebbce.2ab1.5,0.043727271258831024,-1.0
1/-cadd-c/5.bacea.ebbce.2abb.5,0.09060312807559967,1.0
2/aadd-c/5.bacea.ebbce.1aabb.2a2,0.06264225393533707,-1.0
1/aaad-c/3cc.bacea.ebbce.1aabb.1ca2,-0.09074454009532928,1.0
2/aaae-c/2dcc.bacea.ebbce.1aabb.1ca2,0.2289167046546936,-1.0
1/aaac-c/1ddcc.bacea.ebbce.1aabb.1cad1,-0.3194332718849182,1.0
2/aaaca/eddcc.bacea.ebbce.eaabb.1cad1,0.3783903121948242,-1.0
1/aaaaa/eddcc.bacea.ebbce.eaabb.dcadd,-0.2414684146642685,1.0
2/-bb-bb-c/5.5.2e2.5.5,-0.9991447925567627,1.0
1/-cb-bb-c/5.5.2e2.3a1.5,0.9970375895500183,-1.0
2/-cd-bb-c/5.5.2eb1.3a1.3b1,-0.9706392288208008,1.0
1/-cd-db-c/5.3c1.1ceb1.3a1.3b1,0.9036729335784912,-1.0
2/bd-db-c/5.2ac1.aceb1.3aa.3b1,-0.5601532459259033,1.0
1/bd-d-b-c/5.2ac1.aceb1.2daa.3bd,0.3736989200115204,-1.0
2/bd-d-ba/5.1eac1.acebe.2daa.3bd,-0.3632171154022217,1.0
1/bd-d-b-b/5.1eac1.acebe.2daa.2ebd,0.4626126289367676,-1.0
2/bd-d-ba/3e1.1eac1.acebe.2daa.2ebd,-0.4653586745262146,1.0
1/bd-d-ca/2de1.1eac1.acebe.2daa.2ebd,0.44040217995643616,-1.0
2/bd-c-ca/2de1.ceac1.acebe.2daa.2ebd,-0.2445744425058365,1.0
1/ad-c-ca/1ade1.ceac1.acebe.2daa.2ebd,0.3315366804599762,-1.0
2/ad-caa/1ade1.ceacd.acebe.1ddaa.2ebd,-0.11216611415147781,1.0
1/ab-caa/1ade1.ceacd.acebe.bddaa.1bebd,0.038955122232437134,-1.0
2/abaaa/1adec.ceacd.acebe.bddaa.cbebd,-0.03541281446814537,1.0
1/aaaaa/badec.ceacd.acebe.bddaa.cbebd,-0.0855443924665451,-1.0
2/da-dbb/5.3b1.5.5.5,0.9977439045906067,-1.0
1/da-d-bb/5.3b1.1d3.1d3.5,-0.9868587255477905,1.0
2/ea-d-bb/5.3b1.1da2.1d3.5,0.9669800996780396,-1.0
1/ea-e-bb/5.3b1.1dac1.1d3.5,-0.7888799905776978,1.0
2/ea-c-bb/5.3b1.1dacc.1d3.1c3,0.7345268726348877,-1.0
1/ea-c-b-b/5.2eb1.1dacc.1de2.1c3,0.04456053674221039,1.0
2/ea-c-ba/5.2eb1.1dacc.1dee1.1c3,-0.5971344709396362,-1.0
1/ca-c-ba/5.1aeba.1dacc.1dee1.1c3,-0.33189234137535095,1.0
2/ca-cba/5.1aeba.1dacc.1deed.1cd2,0.34393763542175293,-1.0
1/c-c-cba/1b3.1aeba.1dacc.bdeed.1cd2,0.09059233963489532,1.0
2/c-caba/1b3.1aeba.cdacc.bdeed.ccd2,0.08272634446620941,-1.0
1/c-cab-b/1b3.eaeba.cdacc.bdeed.ccd2,0.055356837809085846,1.0
2/c-caba/1be2.eaeba.cdacc.bdeed.ccd2,0.09827160090208054,-1.0
1/c-caaa/dbe2.eaeba.cdacc.bdeed.ccd2,-0.09324618428945541,1.0
2/caaaa/dbeb1.eaeba.cdacc.bdeed.ccdb1,0.3310285806655884,-1.0
1/aaaaa/dbeba.eaeba.cdacc.bdeed.ccdba,-0.26953813433647156,1.0
2/-cbb-bc/2a2.1acdc.aecbb.1bdb1.3c1,-0.7244951128959656,1.0
1/-cbb-b-b/2a2.eacdc.aecbb.1bdbe.2ec1,0.765270471572876,-1.0
2/-cbbb-b/2ad1.eacdc.aecbb.1bdbe.2ecd,-0.5341655611991882,1.0
1/-cabb-b/2adb.eacdc.aecbb.1bdbe.2ecd,0.2296796441078186,-1.0
2/aabb-b/1aadb.eacdc.aecbb.abdbe.2ecd,0.002874090103432536,1.0
1/aaba-b/daadb.eacdc.aecbb.abdbe.2ecd,-0.15333925187587738,-1.0
2/aabaa/daadb.eacdc.aecbb.abdbe.1eecd,0.2252858728170395,1.0
1/aaaaa/daadb.eacdc.aecbb.abdbe.ceecd,-0.1471763551235199,-1.0
2/-bbcb-b/5.5.5.2c2.5,0.9997038841247559,-1.0
1/-bbca-b/5.5.2d2.2c2.5,-0.9877110719680786,1.0
2/-bbcaa/5.2e2.2d2.2c2.5,0.9832277297973633,-1.0
1/-cbcaa/5.2e2.2d2.2c2.2a2,-0.9657440185546875,1.0
2/-cbdaa/5.2e2.2dc1.2c2.2a2,0.9484657049179077,-1.0
1/-cbda-c/5.1eee1.2dc1.2c2.2a2,-0.7558515071868896,1.0
2/-cbdc-c/1d3.1eee1.1ddc1.2c2.2a2,0.6776606440544128,-1.0
1/-cbac-c/1dc2.1eee1.1ddcc.1cc2.2a2,-0.36579248309135437,1.0
2/-cbaca/1dce1.1eee1.1ddcc.1cce1.2a2,0.17543718218803406,-1.0
1/-dbaca/1dce1.1eee1.addcc.1cce1.2a2,-0.03301383927464485,1.0
2/-ddaca/1dce1.beee1.addcc.bcce1.2a2,0.5499476790428162,-1.0
1/-ddaaa/ddce1.beee1.addcc.bcced.2a2,-0.5164148807525635,1.0
2/-bdaaa/ddce1.beeea.addcc.bcced.1aa2,0.5061362385749817,-1.0
1/-bbaaa/ddce1.beeea.addcc.bcced.baab1,-0.30400922894477844,1.0
2/abaaa/ddce1.beeea.addcc.bcced.baaba,0.2549138069152832,-1.0
1/aaaaa/ddceb.beeea.addcc.bcced.baaba,-0.16285407543182373,1.0
1/c-dbd-b/5.2a2.5.5.5,-0.999570906162262,1.0
2/c-dcd-b/5.2a2.2c2.5.5,0.999244749546051,-1.0
1/c-dbd-b/5.2a2.2c2.2c2.5,-0.9889339804649353,1.0
2/c-cbd-b/5.2a2.1bc2.2c2.5,0.8928597569465637,-1.0
1/c-cbc-b/5.1da2.1bc2.2c2.5,-0.820427417755127,1.0
2/c-cbcb/1e3.1da2.ebc2.2c2.5,0.8869264125823975,-1.0
1/c-dbcb/1e3.1da2.ebcb1.2c2.5,-0.7529036402702332,1.0
2/c-cbcb/1e3.bda2.ebcb1.2c2.5,0.7573626637458801,-1.0
1/b-cbcb/1e3.bdaa1.ebcb1.2c2.5,-0.994001567363739,1.0
2/b-cbdb/1e3.bdaa1.ebcb1.1dc2.5,0.8883869647979736,-1.0
1/a-cbdb/ae3.bdaa1.ebcb1.1dc2.5,-0.8765535950660706,1.0
2/b-cbdb/aea2.bdaa1.ebcb1.1dc2.5,0.8521174788475037,-1.0
1/b-c-bdb/aeac1.bdaa1.ebcb1.1dc2.2c2,-0.6691257357597351,1.0
2/b-b-bdb/aeac1.bdaa1.ebcb1.1dcb1.2c2,0.7051942348480225,-1.0
1/b-b-bd-b/aeac1.bdaa1.ebcb1.edcb1.1ec2,-0.5458827018737793,1.0
2/ba-bd-b/aeac1.bdaa1.ebcb1.edcbb.1ec2,0.1970404088497162,-1.0
1/ba-bb-b/aeac1.bdaa1.ebcbd.edcbb.dec2,0.007628953084349632,1.0
2/baab-b/aeac1.bdaa1.ebcbd.edcbb.decc1,0.03678133711218834,-1.0
1/aaab-b/aeac1.bdaaa.ebcbd.edcbb.decc1,0.014982308261096478,1.0
2/aaaba/aeace.bdaaa.ebcbd.edcbb.decc1,0.1893031746149063,-1.0
1/aaaaa/aeace.bdaaa.ebcbd.edcbb.deccd,-0.13002443313598633,1.0
2/cd-db-b/5.5.5.2a2.5,0.9994606375694275,-1.0
1/cc-db-b/5.5.5.1ba2.5,-0.9991706013679504,1.0
2/cc-cb-b/5.5.5.1bac1.5,0.9987183809280396,-1.0
1/cc-ca-b/5.5.3d1.1bac1.5,-0.9906618595123291,1.0
2/dc-ca-b/5.3a1.3d1.1bac1.5,0.9701215624809265,-1.0
1/dc-da-b/5.3a1.2cd1.1bac1.5,-0.8931371569633484,1.0
2/dc-dab/5.2ea1.1ecd1.1bac1.5,0.827725350856781,-1.0
1/dc-da-b/5.1eea1.1ecd1.1bac1.2e2,-0.5612462162971497,1.0
2/dc-ca-b/5.1eea1.cecd1.1bac1.2e2,0.63877272605896,-1.0
1/dc-c-c-b/5.1eea1.cecdd.dbac1.2e2,-0.8170658946037292,1.0
2/dc-c-ca/5.eeea1.cecdd.dbac1.2e2,0.548284649848938,-1.0
1/db-c-ca/3b1.eeea1.cecdd.dbac1.2e2,-0.4395032525062561,1.0
2/dc-c-ca/2bb1.eeea1.cecdd.dbac1.2e2,0.37818604707717896,-1.0
1/bc-c-ca/1abb1.eeea1.cecdd.dbac1.1ae2,0.027755705639719963,1.0
2/bca-ca/1abb1.eeea1.cecdd.dbacc.cae2,0.14994123578071594,-1.0
1/aca-ca/aabb1.eeea1.cecdd.dbacc.cae2,-0.19626636803150177,1.0
2/acaaa/aabb1.eeead.cecdd.dbacc.caed1,0.2707604467868805,-1.0
1/aaaaa/aabbb.eeead.cecdd.dbacc.caedb,-0.19411051273345947,1.0
2/de-b-b-d/5.5.2b2.5.5,-0.9979495406150818,1.0
1/de-b-d-d/5.5.1dbd1.5.5,0.9972969889640808,-1.0
2/de-b-d-c/5.5.edbd1.5.5,-0.9396225214004517,1.0
1/dd-b-d-c/5.5.edbd1.1b3.5,0.9248920679092407,-1.0
2/dd-b-c-c/5.2d2.edbd1.1b3.5,-0.7040306329727173,1.0
1/dd-b-c-d/5.1ed2.edbd1.1b3.5,0.7306713461875916,-1.0
2/ed-b-c-d/1a3.1ed2.edbd1.1b3.5,0.17000767588615417,1.0
1/dd-b-c-d/1a3.1eda1.edbd1.1b3.5,-0.7377712726593018,-1.0
2/ddb-c-d/1a3.1edac.edbd1.1bc2.5,0.5576285719871521,1.0
1/dbb-c-d/1a3.1edac.edbdb.bbc2.5,-0.5529929399490356,-1.0
2/dbc-c-d/1a3.1edac.edbdb.bbcc1.5,0.5200029015541077,1.0
1/bbc-c-d/1a3.aedac.edbdb.bbcca.5,-0.48152127861976624,-1.0
2/bbc-c-b/ea3.aedac.edbdb.bbcca.1e3,0.3469126522541046,1.0
1/bba-c-b/eac2.aedac.edbdb.bbcca.ce3,-0.10145176947116852,-1.0
2/bbaa-b/eacd1.aedac.edbdb.bbcca.ced2,0.2110750377178192,1.0
1/abaa-b/eacda.aedac.edbdb.bbcca.ced2,-0.1920127272605896,-1.0
2/abaaa/eacda.aedac.edbdb.bbcca.cede1,0.045089241117239,1.0
1/aaaaa/eacda.aedac.edbdb.bbcca.cedeb,-0.15532205998897552,-1.0
2/da-ecb/5.2cd1.1bada.1d3.5,-0.9049721360206604,1.0
1/d-c-ecb/5.2cdb.1bada.1db2.5,0.8209987878799438,-1.0
2/d-c-dcb/5.1ccdb.1bada.1db2.5,0.10719837993383408,1.0
1/d-c-dab/5.dccdb.dbada.1db2.5,0.0001504749816376716,-1.0
2/d-c-dad/5.dccdb.dbada.1dbe1.1e3,0.10397540032863617,1.0
1/d-c-dac/5.dccdb.dbada.1dbee.1e3,-0.2722225487232208,-1.0
2/d-caac/2c2.dccdb.dbada.cdbee.1ec2,0.3556441068649292,1.0
1/a-caac/1aca1.dccdb.dbada.cdbee.1eca1,-0.0026881592348217964,-1.0
2/aaaac/1aca1.dccdb.dbada.cdbee.becab,0.08075374364852905,1.0
1/aaaaa/eacae.dccdb.dbada.cdbee.becab,-0.04925745353102684,-1.0
2/-bbbcb/5.5.5.2d2.5,0.9993579983711243,-1.0
1/-bbacb/5.5.2c2.2d2.5,-0.9989537596702576,1.0
2/-bbbcb/5.2c2.2c2.2d2.5,0.9972428679466248,-1.0
1/-bbacb/2c2.2c2.2c2.2d2.5,-0.996605396270752,1.0
2/-bcacb/2c2.2cb1.2c2.2d2.5,0.9882302284240723,-1.0
1/-dcacb/2c2.2cba.2ca1.2d2.5,-0.9048144817352295,1.0
2/-dcadb/2c2.2cba.2cad.2d2.5,0.8599451780319214,-1.0
1/-dcad-b/2c2.2cba.1ecad.2d2.2e2,-0.75590980052948,1.0
2/-ddad-b/2c2.1bcba.1ecad.2d2.2e2,0.16705568134784698,-1.0
1/-dcad-b/2c2.1bcba.1ecad.1bd2.2e2,-0.43244144320487976,1.0
2/-ccad-b/2ca1.1bcba.1ecad.1bd2.2e2,0.5340263247489929,-1.0
1/-caad-b/2ca1.1bcba.1ecad.1bdb1.1be2,-0.27685508131980896,1.0
2/-caadb/2ca1.ebcba.1ecad.1bdbe.1be2,0.30095237493515015,-1.0
1/-caaab/1dcad.ebcba.1ecad.1bdbe.1bed1,-0.19614630937576294,1.0
2/aaaab/adcad.ebcba.1ecad.1bdbe.1beda,0.34106698632240295,-1.0
1/aa-bab/adcad.ebcba.cecad.1bdbe.1beda,-0.2916658818721771,1.0
2/aaaab/adcad.ebcba.cecad.cbdbe.1beda,0.2199103981256485,-1.0
1/aaaaa/adcad.ebcba.cecad.cbdbe.ebeda,-0.09454531967639923,1.0
2/-b-d-b-be/5.5.3e1.5.5,-0.9997469186782837,1.0
1/-b-d-b-de/5.5.2ded.5.5,0.9995554685592651,-1.0
2/-ba-b-de/5.2bb1.2ded.2b2.5,-0.8532347679138184,1.0
1/-ba-b-dd/5.2bbe.2ded.2b2.5,0.8463755249977112,-1.0
2/-bab-dd/5.1cbbe.2ded.2bc1.5,-0.8372546434402466,1.0
1/-baa-dd/5.1cbbe.2ded.2bcc.5,0.7765133380889893,-1.0
2/-baa-bd/5.dcbbe.1dded.2bcc.5,-0.281676709651947,1.0
1/-caa-bd/5.dcbbe.1dded.2bcc.3a1,0.012944312766194344,-1.0
2/-cba-bd/5.dcbbe.1dded.1bbcc.3a1,0.5361412167549133,1.0
1/-cba-bc/5.dcbbe.1dded.1bbcc.3ae,-0.43111464381217957,-1.0
2/-cbb-bc/1c3.dcbbe.1dded.1bbcc.3ae,0.4277768135070801,1.0
1/-dbb-bc/1c3.dcbbe.1dded.1bbcc.2aae,-0.11158347129821777,-1.0
2/-cbb-bc/1ca2.dcbbe.1dded.1bbcc.2aae,0.17786186933517456,1.0
1/-cab-bc/1cab1.dcbbe.1dded.1bbcc.2aae,-0.10347337275743484,-1.0
2/aab-bc/1caba.dcbbe.1dded.1bbcc.1aaae,0.28299108147621155,1.0
1/aaa-bc/1caba.dcbbe.cdded.1bbcc.1aaae,-0.5727079510688782,-1.0
2/aaaac/1caba.dcbbe.cdded.dbbcc.1aaae,0.4009285271167755,1.0
1/aaaaa/ecaba.dcbbe.cdded.dbbcc.eaaae,-0.2998117506504059,-1.0
1/-dcbd-b/5.2d2.1aa2.2db1.5,-0.8445042371749878,1.0
2/-dcbdb/5.1ed2.1aae1.2db1.5,0.984081506729126,-1.0
1/-dc-cdb/5.cedc1.1aae1.1cdb1.5,-0.8637605309486389,1.0
2/-bc-cdb/3aa.cedc1.1aae1.1cdb1.5,0.7149863243103027,-1.0
1/-ba-cdb/3aa.cedcb.baae1.1cdb1.5,-0.7398507595062256,1.0
2/-ba-bdb/3aa.cedcb.baae1.ccdb1.5,0.6967975497245789,-1.0
1/-ba-bd-b/2eaa.cedcb.baaee.ccdb1.5,-0.5612657070159912,1.0
2/-ba-bda/2eaa.cedcb.baaee.ccdbe.5,0.3927386701107025,-1.0
1/-b-b-bda/1beaa.cedcb.baaee.ccdbe.5,-0.1601150929927826,1.0
2/-b-bada/cbeaa.cedcb.baaee.ccdbe.5,0.19554100930690765,-1.0
1/-b-baca/cbeaa.cedcb.baaee.ccdbe.1d3,-0.17979830503463745,1.0
2/-baaca/cbeaa.cedcb.baaee.ccdbe.1db2,0.3063507378101349,-1.0
1/-baaba/cbeaa.cedcb.baaee.ccdbe.ddb2,-0.19082613289356232,1.0
2/aaaba/cbeaa.cedcb.baaee.ccdbe.ddba1,0.14695681631565094,-1.0
1/aaaaa/cbeaa.cedcb.baaee.ccdbe.ddbad,-0.08959385007619858,1.0
1/-c-bcd-c/1da2.1ced1.1cbbe.1aba1.1bec1,-0.7357295155525208,1.0
2/a-bcd-c/1da2.1ced1.acbbe.aaba1.1bec1,0.7786892056465149,-1.0
1/a-bad-c/1da2.ccedc.acbbe.aaba1.1bec1,-0.40877383947372437,1.0
2/a-bada/eda2.ccedc.acbbe.aabae.1bec1,0.6177213191986084,-1.0
1/a-baca/edad1.ccedc.acbbe.aabae.1bec1,-0.6416763067245483,1.0
2/aaaca/edadb.ccedc.acbbe.aabae.1bec1,0.061044707894325256,-1.0
1/aaaaa/edadb.ccedc.acbbe.aabae.dbecd,-0.02678685635328293,1.0
2/-cd-dca/2cae.1dde1.abeb1.2ac1.2d2,-0.6817038059234619,1.0
1/-cb-dca/2cae.1dde1.abeb1.1bac1.2db1,0.5729566216468811,-1.0
2/-cb-bca/1ccae.1dde1.abeb1.1bac1.1cdb1,-0.4020662307739258,1.0
1/-cb-bba/1ccae.1dde1.abeb1.dbac1.1cdb1,0.5045943856239319,-1.0
2/-cbaba/1ccae.1ddec.abeb1.dbac1.1cdb1,-0.5218774080276489,1.0
1/-cbaaa/1ccae.1ddec.abebd.dbac1.1cdb1,0.4763077199459076,-1.0
2/-cbaab/1ccae.1ddec.abebd.dbace.1cdb1,-0.41685888171195984,1.0
1/-caaab/1ccae.1ddec.abebd.dbace.bcdb1,0.08665651082992554,-1.0
2/aaaab/1ccae.addec.abebd.dbace.bcdba,-0.10121430456638336,1.0
1/aaaaa/eccae.addec.abebd.dbace.bcdba,-0.07282017916440964,-1.0
1/d-c-b-dc/5.2a2.eee2.1ba2.5,-0.440346360206604,1.0
2/d-c-b-cc/2d2.2a2.eee2.1ba2.5,-0.7953150868415833,-1.0
1/d-c-b-dc/2d2.2a2.eee2.dba2.5,0.8048927187919617,1.0
2/d-b-b-dc/2d2.2a2.eee2.dba2.b4,-0.7739659547805786,-1.0
1/c-b-b-dc/2d2.2aa1.eee2.dba2.b4,0.790334165096283,1.0
2/c-ba-dc/2d2.1caa1.eee2.dba2.b4,-0.8222681879997253,-1.0
1/c-ba-da/2de1.1caa1.eeee1.dba2.b4,0.8712131381034851,1.0
2/caa-da/2de1.bcaa1.eeee1.dba2.b4,-0.7744106650352478,-1.0
1/c-ba-da/2de1.bcaa1.eeee1.dbab1.b4,0.6669152975082397,1.0
2/c-baaa/1dde1.bcaa1.eeee1.dbabd.bd3,-0.464517205953598,-1.0
1/b-baaa/adde1.bcaa1.eeee1.dbabd.bd3,-0.19581757485866547,1.0
2/baaaa/adde1.bcaa1.eeee1.dbabd.bdb2,0.30583009123802185,-1.0
1/aaaaa/adde1.bcaa1.eeeea.dbabd.bdb2,-0.16769029200077057,1.0
2/aacaa/adde1.bcaac.eeeea.dbabd.bdbc1,0.37830156087875366,-1.0
1/aaaaa/addec.bcaac.eeeea.dbabd.bdbcc,-0.2494363933801651,1.0
1/eb-e-b-c/5.2d2.1cda1.1e3.5,-0.9211565256118774,1.0
2/eb-b-b-c/5.1cdc1.1cda1.1ec2.5,0.8315524458885193,-1.0
1/cb-b-b-c/3a1.1cdc1.1cda1.1eca1.5,-0.4930752217769623,1.0
2/cba-b-c/3a1.1cdc1.1cda1.1eca1.1c3,0.4136253595352173,-1.0
1/cba-b-d/3a1.1cdc1.1cdae.1eca1.1c3,0.1828697919845581,1.0
2/cba-ba/2ea1.1cdc1.1cdae.eeca1.1ce2,-0.14912903308868408,-1.0
1/c-ca-ba/2ea1.1cdcb.bcdae.eecab.1ce2,0.17265601456165314,1.0
2/c-caba/2ead.1cdcb.bcdae.eecab.1ced1,-0.16680237650871277,-1.0
1/a-caba/1aead.acdcb.bcdae.eecab.1ced1,0.1004549115896225,1.0
2/aaaba/baead.acdcb.bcdae.eecab.1cedb,-0.1403457224369049,-1.0
1/aaaaa/baead.acdcb.bcdae.eecab.dcedb,-0.033650290220975876,1.0
1/ea-ed-c/5.5.3a1.2ecb.5,-0.7849391102790833,1.0
2/eb-ed-c/5.3b1.3a1.2ecb.5,0.8130756616592407,-1.0
1/db-ed-c/5.3b1.3a1.2ecb.4a,-0.5701234340667725,1.0
2/db-dd-c/5.3b1.3a1.2ecb.3ca,0.630759060382843,-1.0
1/db-dd-d/5.3b1.3a1.1eecb.3ca,-0.40187278389930725,1.0
2/db-cd-d/5.3b1.3a1.1eecb.2cca,0.6298093795776367,-1.0
1/cb-cd-d/5.3b1.2aa1.1eecb.2cca,-0.46457502245903015,1.0
2/cc-cd-d/5.3b1.2aab.1eecb.2cca,0.6117955446243286,-1.0
1/cc-cb-d/5.2db1.1daab.1eecb.2cca,-0.4335496723651886,1.0
2/cc-cb-b/2e2.2db1.1daab.1eecb.1ecca,0.5373756289482117,-1.0
1/bc-cb-b/2e2.1adb1.1daab.1eecb.1ecca,-0.7134467363357544,1.0
2/bc-cba/2e2.1adb1.edaab.1eecb.1ecca,0.4897930920124054,-1.0
1/bc-c-ba/1de2.1adb1.edaab.deecb.1ecca,-0.31813085079193115,1.0
2/bca-ba/1dec1.cadb1.edaab.deecb.1ecca,0.23342856764793396,-1.0
1/baa-ba/bdec1.cadbb.edaab.deecb.1ecca,-0.2238461673259735,1.0
2/baaaa/bdecd.cadbb.edaab.deecb.1ecca,0.09748101234436035,-1.0
1/aaaaa/bdecd.cadbb.edaab.deecb.aecca,-0.10285823792219162,1.0
2/cb-db-b/5.5.1a3.5.5,0.9993258118629456,-1.0
1/ca-db-b/5.5.1ab2.5.5,-0.9368705749511719,1.0
2/da-db-b/5.5.1aba1.5.5,0.9891791343688965,-1.0
1/da-db-c/5.5.eaba1.5.5,-0.952972412109375,1.0
2/da-cb-c/5.3c1.eaba1.5.5,0.9405449628829956,-1.0
1/da-ca-c/5.2dc1.eaba1.5.5,-0.833675742149353,1.0
2/dc-ca-c/5.1bdcb.eaba1.5.5,0.7071500420570374,-1.0
1/dc-c-b-c/5.1bdcb.eaba1.3d1.5,-0.4325164258480072,1.0
2/dc-c-b-b/5.1bdcb.eaba1.2ed1.5,0.3867496848106384,-1.0
1/dc-d-b-b/5.1bdcb.eaba1.1ced1.5,0.10059608519077301,1.0
2/dc-c-b-b/5.1bdcb.eabac.1ced1.5,-0.1473168432712555,-1.0
1/ac-c-b-b/5.abdcb.eabac.aced1.1a3,0.6527694463729858,1.0
2/aca-b-b/5.abdcb.eabac.acedc.1ac2,-0.5346338748931885,-1.0
1/aaa-b-b/4b.abdcb.eabac.acedc.1acb1,0.5647633671760559,1.0
2/aaab-b/3db.abdcb.eabac.acedc.dacb1,-0.19488173723220825,-1.0
1/aaab-c/2edb.abdcb.eabac.acedc.dacb1,0.2334984391927719,1.0
2/aaaba/1eedb.abdcb.eabac.acedc.dacbe,-0.04379983991384506,-1.0
1/aaaaa/deedb.abdcb.eabac.acedc.dacbe,-0.07857411354780197,1.0
2/-dcec-b/5.1ad2.1bc2.1a3.5,-0.04504835605621338,1.0
1/-dccc-b/5.1adc1.1bc2.ca3.5,-0.777126669883728,-1.0
2/-dccd-b/5.1adc1.1bc2.cad2.5,0.6595144867897034,1.0
1/-dccc-b/5.1adc1.1bcd1.cad2.5,-0.6470564007759094,-1.0
2/-ddcc-b/1b3.1adc1.1bcd1.cad2.5,0.6553177237510681,1.0
1/-ddcc-d/1be2.1adc1.ebcd1.cad2.5,-0.27391517162323,-1.0
2/-ddcc-c/1bee1.1adc1.ebcd1.cad2.5,0.24931614100933075,1.0
1/-ddac-c/1bee1.cadc1.ebcdc.cad2.5,0.2222990244626999,-1.0
2/-ddaca/1bee1.cadce.ebcdc.cade1.5,0.04642852395772934,1.0
1/-ddaaa/1beed.cadce.ebcdc.cade1.d4,0.009172160178422928,-1.0
2/-cdaaa/1beed.cadce.ebcdc.cade1.da3,0.11016183346509933,1.0
1/-cbaaa/bbeed.cadce.ebcdc.cade1.dab2,0.0020959055982530117,-1.0
2/abaaa/bbeed.cadce.ebcdc.cadea.daba1,0.15730634331703186,1.0
1/aaaaa/bbeed.cadce.ebcdc.cadea.dabab,-0.26013413071632385,-1.0
1/-dbbd-c/5.5.2e2.5.5,-0.9993928074836731,1.0
2/-cbbd-c/5.5.2ea1.5.5,0.9984501600265503,-1.0
1/-cbbc-c/5.5.1dea1.5.5,-0.997551441192627,1.0
2/-cbcc-c/5.5.1dea1.3c1.5,0.9934753775596619,-1.0
1/-cbbc-c/5.5.1dea1.2cc1.5,-0.9295350313186646,1.0
2/-cbbc-b/5.5.1dea1.1ecc1.5,0.8757742643356323,-1.0
1/-cabc-b/5.1b3.1dea1.1ecc1.5,-0.7007805705070496,1.0
2/-cabd-b/5.1bd2.1dea1.1ecc1.5,0.6826741099357605,-1.0
1/-dabd-b/5.1bda1.1dea1.1ecc1.5,-0.6024981141090393,1.0
2/-cabd-b/5.abda1.1dea1.1ecc1.5,0.6683210730552673,-1.0
1/-cabb-b/d4.abda1.1dea1.1ecc1.2d2,0.10886772722005844,1.0
2/-cbbb-b/db3.abda1.1dea1.1ecc1.2d2,-0.6231247782707214,-1.0
1/-cabb-b/db3.abda1.1dea1.1ecc1.1bd2,0.14300687611103058,1.0
2/-cbbb-b/dbb2.abda1.1dea1.1ecc1.1bd2,-0.3875349164009094,-1.0
1/-cb-bb-b/dbbc1.abda1.1dea1.1ecc1.1bdc1,0.5097940564155579,1.0
2/-cb-bbb/dbbc1.abda1.1deae.1ecce.1bdc1,-0.35751262307167053,-1.0
1/-cb-bab/dbbc1.abda1.ddeae.1ecce.1bdc1,-0.03380952402949333,1.0
2/ab-bab/dbbc1.abdaa.ddeae.aecce.1bdc1,0.18531760573387146,-1.0
1/ab-baa/dbbc1.abdaa.ddeae.aecce.1bdce,-0.3952640891075134,1.0
2/abaaa/dbbc1.abdaa.ddeae.aecce.cbdce,0.2696329951286316,-1.0
1/aaaaa/dbbcb.abdaa.ddeae.aecce.cbdce,-0.1753118485212326,1.0
2/cb-d-de/5.5.2cd1.2eca.2d2,-0.9080344438552856,1.0
1/cb-d-dc/5.5.2cd1.1eeca.2de1,0.6657348275184631,-1.0
2/cba-dc/5.5.1ccd1.1eeca.1cdec,0.19258052110671997,1.0
1/cba-da/5.2ee1.1ccd1.1eeca.1cdec,-0.2088501900434494,-1.0
2/cba-ca/5.1dee1.1ccd1.1eeca.1cdec,0.33422982692718506,1.0
1/c-ba-ca/1b3.1dee1.1ccdb.1eeca.1cdec,-0.20250153541564941,-1.0
2/d-ba-ca/1ba2.1dee1.1ccdb.1eeca.1cdec,0.24560832977294922,1.0
1/c-ba-ca/1baa1.1dee1.1ccdb.1eeca.1cdec,0.02306155115365982,-1.0
2/c-baaa/1baa1.ddeed.1ccdb.1eeca.1cdec,-0.09917483478784561,1.0
1/a-baaa/1baaa.ddeed.accdb.1eeca.1cdec,0.28066250681877136,-1.0
2/abaaa/bbaaa.ddeed.accdb.beeca.1cdec,0.07209503650665283,1.0
1/aaaaa/bbaaa.ddeed.accdb.beeca.bcdec,-0.4291360378265381,-1.0
1/-bc-b-b-b/5.5.5.5.b4,0.9989209175109863,-1.0
2/-bc-b-ba/5.5.5.5.be3,-0.9975836873054504,1.0
1/-bc-b-ca/5.5.5.5.bed2,0.9919350147247314,-1.0
2/-bc-b-cb/5.5.5.1e3.bed2,-0.9841340184211731,1.0
1/-bc-c-cb/5.5.1c3.1e3.bed2,0.9661263823509216,-1.0
2/-bc-b-cb/5.5.1c3.1ec2.bed2,-0.9338178634643555,1.0
1/-bb-b-cb/5.5.1cb2.1ec2.bed2,0.9032936692237854,-1.0
2/-bbb-cb/5.1c3.1cb2.1ecc1.bed2,-0.828529953956604,1.0
1/-b-bb-cb/5.1c3.1cbb1.1ecc1.bedb1,0.7735487818717957,-1.0
2/b-bb-cb/5.1ca2.1cbba.1ecc1.bedb1,-0.5524799227714539,1.0
1/b-bb-c-b/2e2.1ca2.1cbba.eecc1.bedb1,0.5068910121917725,-1.0
2/bab-c-b/1be2.1ca2.1cbba.eecc1.bedb1,-0.45631644129753113,1.0
1/aab-c-b/1be2.1caa1.1cbba.eecc1.bedb1,0.39811429381370544,-1.0
2/aabb-b/1bed1.1caa1.dcbba.eeccd.bedb1,-0.22107446193695068,1.0
1/aaab-b/1bed1.1caa1.dcbba.eeccd.bedbc,-0.39796531200408936,-1.0
2/aaaba/1bed1.ecaa1.dcbba.eeccd.bedbc,0.3258408308029175,1.0
1/-baaba/1bed1.ecaaa.dcbba.eeccd.bedbc,-0.2656470239162445,-1.0
2/aaaba/1beda.ecaaa.dcbba.eeccd.bedbc,0.34685254096984863,1.0
1/aaaaa/dbeda.ecaaa.dcbba.eeccd.bedbc,-0.2524656653404236,-1.0
1/-cd-dbd/5.3a1.5.5.5,-0.9994255304336548,1.0
2/-cd-cbd/5.3ac.5.5.5,0.9986029863357544,-1.0
1/-cd-cbc/5.2eac.5.5.5,-0.9979256391525269,1.0
2/-cd-ccc/5.1deac.5.5.5,0.9958221912384033,-1.0
1/-dd-ccc/5.adeac.5.5.5,-0.9588121771812439,1.0
2/-dd-cdc/5.adeac.d4.5.5,0.8942941427230835,-1.0
1/-dd-cda/2e2.adeac.de3.5.5,-0.6202863454818726,1.0
2/-cd-cda/2e2.adeac.dea2.5.5,0.5064833164215088,-1.0
1/-cd-cd-b/2ee1.adeac.dea2.5.5,-0.675136148929596,1.0
2/-ce-cd-b/2ee1.adeac.deab1.5.5,0.6222291588783264,-1.0
1/-cc-cd-b/1bee1.adeac.deabb.5.5,-0.5295910239219666,1.0
2/ac-cd-b/1beea.adeac.deabb.2a2.5,0.5713662505149841,-1.0
1/ac-dd-b/cbeea.adeac.deabb.2a2.5,-0.23338481783866882,1.0
2/ac-cd-b/cbeea.adeac.deabb.1ca2.5,0.22322092950344086,-1.0
1/aa-cd-b/cbeea.adeac.deabb.bcab1.5,-0.08755265176296234,1.0
2/aaad-b/cbeea.adeac.deabb.bcabc.2c2,0.2265750616788864,-1.0
1/aaab-b/cbeea.adeac.deabb.bcabc.1dcd1,-0.18731360137462616,1.0
2/aaaba/cbeea.adeac.deabb.bcabc.1dcde,0.26614391803741455,-1.0
1/aaaaa/cbeea.adeac.deabb.bcabc.ddcde,-0.17049722373485565,1.0
2/bb-b-b-e/5.5.5.2e2.5,-0.9991084933280945,1.0
1/bb-c-b-e/5.5.2c2.2e2.5,0.9978129863739014,-1.0
2/bb-b-b-e/5.2c2.2c2.2e2.5,-0.9963545799255371,1.0
1/bb-c-b-e/5.2c2.2c2.2e2.2c2,0.9482726454734802,-1.0
2/bba-b-e/5.2c2.1cc2.1ce2.2c2,-0.8975810408592224,1.0
1/baa-b-e/5.1bc2.1cc2.1ce2.2c2,0.8838621973991394,-1.0
2/baac-e/d4.1bc2.1ccd1.1ced1.2c2,-0.6830818057060242,1.0
1/-baac-e/da3.1bca1.1ccd1.1ced1.2c2,0.6416219472885132,-1.0
2/baac-e/daa2.1bca1.1ccd1.1ced1.1ac2,-0.25782132148742676,1.0
1/baaa-e/daa2.1bca1.1ccd1.1cedd.1acd1,-0.025032689794898033,-1.0
2/bcaa-e/daab1.1bca1.1ccdb.1cedd.1acd1,-0.3247779607772827,1.0
1/acaa-e/daab1.1bca1.1ccdb.1cedd.1acda,0.09374687820672989,-1.0
2/acaa-c/daab1.ebcae.1ccdb.1cedd.1acda,-0.07335184514522552,1.0
1/abaa-c/daab1.ebcae.bccdb.1cedd.1acda,0.10925456881523132,-1.0
2/abaaa/daabe.ebcae.bccdb.ecedd.1acda,-0.016415724530816078,1.0
1/aaaaa/daabe.ebcae.bccdb.ecedd.bacda,-0.07483264058828354,-1.0
2/-c-bbdd/5.5.5.2a2.5,0.9987920522689819,-1.0
1/-c-bbdc/5.5.2e2.2a2.5,-0.9966971278190613,1.0
2/-c-bcdc/5.5.2e2.2ac1.5,0.9903477430343628,-1.0
1/-c-bccc/5.5.2e2.1dac1.5,-0.9755798578262329,1.0
2/-c-bdcc/5.5.2e2.1dacc.5,0.9761378169059753,-1.0
1/-d-bdcc/5.5.2ea1.1dacc.5,-0.8421956300735474,1.0
2/-dadcc/5.2b2.2ea1.1dacc.5,0.843381941318512,-1.0
1/-dabcc/5.2b2.1cea1.cdacc.5,-0.8674588203430176,1.0
2/-dabdc/5.1db2.1cea1.cdacc.5,0.8255336880683899,-1.0
1/-dabac/5.1dbd1.1cead.cdacc.2d2,-0.5482707619667053,1.0
2/aabac/2a2.1dbda.1cead.cdacc.2da1,0.5091494917869568,-1.0
1/aaba-b/1ea2.1dbda.ecead.cdacc.2dae,-0.2849997878074646,1.0
2/acba-b/1ea2.bdbda.ecead.cdacc.1bdae,0.4908302426338196,-1.0
1/acaa-b/cea2.bdbda.ecead.cdacc.1bdae,-0.4795563220977783,1.0
2/acaaa/ceae1.bdbda.ecead.cdacc.1bdae,0.43143558502197266,-1.0
1/aaaaa/ceaeb.bdbda.ecead.cdacc.bbdae,-0.30081453919410706,1.0
2/b-e-bd-b/5.5.5.4b.5,-0.9992486834526062,1.0
1/b-e-bc-b/5.5.5.3db.5,0.9985033869743347,-1.0
2/b-eac-b/5.5.5.2cdb.5,-0.9985794425010681,1.0
1/b-eab-b/5.5.5.2cdb.3d1,0.9932330846786499,-1.0
2/b-dab-b/5.5.3b1.2cdb.3d1,-0.9634831547737122,1.0
1/a-dab-b/5.5.2ab1.2cdb.3d1,0.978975236415863,-1.0
2/a-dabb/5.3e1.2ab1.1ecdb.3d1,-0.8973349332809448,1.0
1/a-daba/5.3e1.1eab1.1ecdb.3d1,0.23411041498184204,-1.0
2/a-baba/5.2be1.1eab1.1ecdb.2bd1,-0.4123796224594116,1.0
1/-b-baba/5.1abe1.1eab1.1ecdb.2bd1,0.4566687047481537,-1.0
2/-b-bbba/5.1abe1.1eab1.1ecdb.1cbd1,-0.19258318841457367,1.0
1/-b-baba/5.1abe1.1eabc.1ecdb.1cbd1,0.3750304877758026,-1.0
2/-baaba/5.1abe1.1eabc.1ecdb.1cbdb,-0.05992969870567322,1.0
1/-baab-b/3e1.1abe1.1eabc.1ecdb.1cbdb,0.28016552329063416,-1.0
2/baab-b/3e1.1abea.1eabc.1ecdb.acbdb,-0.1851387619972229,1.0
1/baaa-b/2de1.1abea.1eabc.1ecdb.acbdb,-0.547169029712677,-1.0
2/baaaa/1ede1.1abea.1eabc.1ecdb.acbdb,0.1777029037475586,1.0
1/ba-baa/1edec.1abea.1eabc.1ecdb.acbdb,-0.19969427585601807,-1.0
2/baaaa/1edec.1abea.1eabc.cecdb.acbdb,0.16249151527881622,1.0
1/aaaaa/1edec.1abea.aeabc.cecdb.acbdb,-0.16861791908740997,-1.0
2/aaaba/1edec.dabea.aeabc.cecdb.acbdb,0.2682134807109833,1.0
1/aaaaa/dedec.dabea.aeabc.cecdb.acbdb,-0.15903539955615997,-1.0
1/ed-c-b-b/3d1.1cbc1.ece2.aed2.1be2,-0.9867305755615234,1.0
2/eda-b-b/3d1.1cbcc.ecec1.aed2.1be2,0.9356510043144226,-1.0
1/eaa-b-b/3db.1cbcc.ecec1.aedb1.bbe2,-0.883823812007904,1.0
2/eaab-b/2ddb.1cbcc.ececd.aedb1.bbe2,0.9426770806312561,-1.0
1/aaab-b/1addb.acbcc.ececd.aedba.bbea1,-0.570728600025177,1.0
2/aaaba/1addb.acbcc.ececd.aedba.bbeae,0.12234050035476685,-1.0
1/aaaaa/daddb.acbcc.ececd.aedba.bbeae,-0.24614685773849487,1.0
1/-b-d-ceb/5.5.1bc2.1ab2.1ad2,-0.8732295036315918,1.0
2/-b-c-ceb/5.5.1bc2.1ab2.1adb1,0.828991711139679,-1.0
1/-b-c-cea/5.5.1bc2.1abe1.1adb1,-0.6416573524475098,1.0
2/-b-caea/5.1c3.1bcc1.1abe1.1adb1,0.6029177904129028,-1.0
1/-c-caea/1a3.1c3.1bcc1.1abe1.1adb1,-0.28442391753196716,1.0
2/-c-caec/1a3.1c3.ebcc1.eabe1.1adb1,0.6865136027336121,-1.0
1/-c-c-bec/1a3.1c3.ebcc1.eabe1.cadb1,-0.7495032548904419,1.0
2/-b-c-bec/1a3.1ca2.ebcc1.eabe1.cadb1,0.7629451155662537,-1.0
1/-b-c-beb/1a3.1cae1.ebcc1.eabe1.cadb1,-0.7938371896743774,1.0
2/a-c-beb/1a3.acae1.ebcc1.eabe1.cadb1,0.7384198904037476,-1.0
1/a-c-bdb/1a3.acae1.ebcc1.eabed.cadb1,-0.6072417497634888,1.0
2/a-cadb/1a3.acae1.ebcc1.eabed.cadbc,0.593573272228241,-1.0
1/a-cabb/1ad2.acae1.ebccd.eabed.cadbc,-0.26129648089408875,1.0
2/a-babb/1adb1.acae1.ebccd.eabed.cadbc,0.20142582058906555,-1.0
1/a-baba/1adb1.acaee.ebccd.eabed.cadbc,-0.2819291353225708,1.0
2/aaaba/1adbb.acaee.ebccd.eabed.cadbc,0.2557641863822937,-1.0
1/aaaaa/dadbb.acaee.ebccd.eabed.cadbc,-0.20434869825839996,1.0
2/ce-b-b-d/5.1e3.3ac.2cb1.2e2,-0.998802900314331,1.0
1/cd-b-b-d/5.1e3.2bac.2cb1.2e2,-0.8425565958023071,-1.0
2/cd-bb-d/1d3.1e3.1dbac.2cb1.2e2,0.6422861814498901,1.0
1/bd-bb-d/1d3.1e3.1dbac.1acb1.2e2,-0.6817278265953064,-1.0
2/cd-bb-d/1d3.1e3.1dbac.1acb1.1ae2,0.6701478362083435,1.0
1/ca-bb-d/1d3.1eb2.1dbac.bacbb.1ae2,-0.4567320644855499,-1.0
2/ca-bba/1de2.1eb2.edbac.bacbb.1aee1,0.44309940934181213,1.0
1/aa-bba/1de2.1eba1.edbac.bacbb.1aeea,-0.1599150151014328,-1.0
2/aabba/1de2.cebac.edbac.bacbb.1aeea,0.4557993412017822,1.0
1/aab-ba/dded1.cebac.edbac.bacbb.1aeea,-0.4451083242893219,-1.0
2/aabaa/ddedd.cebac.edbac.bacbb.1aeea,0.2051161527633667,1.0
1/aaaaa/ddedd.cebac.edbac.bacbb.caeea,-0.09415971487760544,-1.0
1/-dbe-b-b/5.2dc1.1dded.1aae1.5,-0.760543704032898,1.0
2/-dde-b-b/5.2dcb.1dded.1aaeb.5,0.45914092659950256,-1.0
1/-dde-b-c/4e.2dcb.1dded.1aaeb.5,-0.7647793889045715,1.0
2/-dde-ba/4e.1edcb.1dded.1aaeb.2e2,0.7451103925704956,-1.0
1/-ddc-ba/4e.1edcb.1dded.1aaeb.1cec1,-0.6023778319358826,1.0
2/-bdc-ba/4e.1edcb.added.1aaeb.1ceca,0.669289767742157,-1.0
1/-bac-ba/3be.bedcb.added.baaeb.1ceca,-0.5233006477355957,1.0
2/aac-ba/3be.bedcb.added.baaeb.aceca,0.25471797585487366,-1.0
1/aab-ba/2cbe.bedcb.added.baaeb.aceca,-0.04733433574438095,1.0
2/aabaa/1dcbe.bedcb.added.baaeb.aceca,0.31246528029441833,-1.0
1/aaaaa/cdcbe.bedcb.added.baaeb.aceca,-0.21116657555103302,1.0
1/-bdc-bb/5.5.3c1.5.5,-0.9992448091506958,1.0
2/-bdc-bc/5.2e2.3c1.5.5,0.9978810548782349,-1.0
1/-bcc-bc/5.2e2.2bc1.5.5,-0.9960325956344604,1.0
2/-bccac/5.1de2.2bc1.5.5,0.9787465929985046,-1.0
1/-bacac/2b2.1de2.1bbc1.5.5,-0.9063160419464111,1.0
2/aacac/2b2.1de2.1bbc1.4a.5,0.9851468205451965,-1.0
1/aac-bc/2b2.dde2.1bbc1.4a.5,-0.9937016367912292,1.0
2/aacac/2b2.dde2.1bbc1.3da.5,0.9996969103813171,-1.0
1/a-bcac/2b2.dde2.bbbc1.3da.5,-0.9957600831985474,1.0
2/b-bcac/1ab2.dde2.bbbc1.3da.5,0.9965144395828247,-1.0
1/b-bc-bc/1ab2.dde2.bbbcd.3da.5,-0.9798527359962463,1.0
2/c-bc-bc/1ab2.ddea1.bbbcd.3da.5,0.8030059337615967,-1.0
1/c-bc-ba/1abe1.ddea1.bbbcd.2eda.5,-0.7137762904167175,1.0
2/c-bc-bb/1abe1.ddea1.bbbcd.2eda.4e,0.5925142765045166,-1.0
1/c-ba-bb/1abe1.ddeac.bbbcd.1ceda.4e,-0.6057841181755066,1.0
2/c-bb-bb/1abe1.ddeac.bbbcd.1ceda.3ce,0.4075581133365631,-1.0
1/c-bb-ba/1abe1.ddeac.bbbcd.eceda.3ce,-0.5942689180374146,1.0
2/c-bbaa/1abe1.ddeac.bbbcd.eceda.2dce,0.31547123193740845,-1.0
1/a-bbaa/aabe1.ddeac.bbbcd.eceda.1adce,-0.24293763935565948,1.0
2/aabaa/aabe1.ddeac.bbbcd.eceda.badce,0.026889504864811897,-1.0
1/aaaaa/aabec.ddeac.bbbcd.eceda.badce,-0.14608977735042572,1.0
2/cbac-c/2ebb.ddbaa.edbce.1a3.5,-0.4791699945926666,1.0
1/cbaa-c/2ebb.ddbaa.edbce.dad2.5,-0.30687522888183594,-1.0
2/cbca-c/1cebb.ddbaa.edbce.dadc1.5,0.6554003357887268,1.0
1/abca-c/acebb.ddbaa.edbce.dadca.5,-0.4347526431083679,-1.0
2/abca-b/acebb.ddbaa.edbce.dadca.3e1,0.41908320784568787,1.0
1/abaa-b/acebb.ddbaa.edbce.dadca.2cec,-0.23340469598770142,-1.0
2/abaaa/acebb.ddbaa.edbce.dadca.1ecec,0.24013033509254456,1.0
1/aaaaa/acebb.ddbaa.edbce.dadca.becec,-0.1571158915758133,-1.0
2/baa-ed/1e3.1abba.bcecb.cbaa1.1dcc1,-0.6693511605262756,1.0
1/aaa-ed/1e3.1abba.bcecb.cbaa1.adcc1,0.14840035140514374,-1.0
2/aaa-cd/1ed2.dabba.bcecb.cbaa1.adcc1,0.06946153193712234,1.0
1/aaa-cc/eed2.dabba.bcecb.cbaa1.adcc1,-0.014280696399509907,-1.0
2/aaaac/eedd1.dabba.bcecb.cbaad.adcc1,0.34980660676956177,1.0
1/aaaaa/eedde.dabba.bcecb.cbaad.adcce,-0.3692011535167694,-1.0
1/-bb-b-cb/5.5.3d1.5.5,0.9990957975387573,-1.0
2/-bc-b-cb/5.5.3d1.4b.5,-0.9975826740264893,1.0
1/-cc-b-cb/5.5.3da.4b.5,0.9953994154930115,-1.0
2/-cca-cb/5.5.3da.3cb.5,-0.8134918808937073,1.0
1/-cca-ca/5.5.2eda.3cb.5,0.7931338548660278,-1.0
2/-cca-ba/5.2d2.2eda.3cb.5,-0.9038875102996826,1.0
1/-cba-ba/5.2d2.2eda.2bcb.5,0.7542098164558411,-1.0
2/-cbc-ba/5.2d2.2eda.2bcb.2cc1,-0.5938739776611328,1.0
1/-cbc-b-b/5.1ed2.2eda.2bcb.2cc1,0.42545086145401,-1.0
2/-cbcb-b/5.1ed2.1deda.2bcb.2ccd,-0.6214761734008789,1.0
1/-c-bcb-b/1bb2.1ed2.1deda.2bcb.2ccd,0.5900480151176453,-1.0
2/a-bcb-b/1bb2.1ed2.adeda.1abcb.2ccd,-0.1631394326686859,1.0
1/a-bab-b/1bb2.1edc1.adeda.1abcb.1cccd,0.01235396321862936,-1.0
2/a-babb/1bbe1.1edce.adeda.1abcb.1cccd,0.1267082244157791,1.0
1/a-baba/1bbee.1edce.adeda.1abcb.1cccd,-0.11171042919158936,-1.0
2/b-baba/1bbee.1edce.adeda.aabcb.1cccd,0.09353166073560715,1.0
1/a-baba/1bbee.aedce.adeda.aabcb.1cccd,-0.3600161075592041,-1.0
2/aaaba/bbbee.aedce.adeda.aabcb.1cccd,0.27444547414779663,1.0
1/aaaaa/bbbee.aedce.adeda.aabcb.dcccd,-0.18995879590511322,-1.0
