1/b-b-bbc/5.5.1e3.5.5,-0.9997618794441223,1.0
2/b-b-bcc/5.5.1ed2.5.5,0.9995869398117065,-1.0
1/b-b-bbc/5.5.1edd1.5.5,-0.973415732383728,1.0
2/b-babc/5.5.1edd1.1c3.5,0.9812456965446472,-1.0
1/b-ba-bc/5.5.1eddd.1cd2.5,-0.8502604961395264,1.0
2/bba-bc/5.b4.beddd.1cd2.5,0.7643721699714661,-1.0
1/bb-b-bc/5.b4.beddd.1cd2.2c2,-0.7322757244110107,1.0
2/bb-bac/5.b4.beddd.dcd2.2c2,0.7552485466003418,-1.0
1/bb-bab/5.b4.beddd.dcde1.2c2,-0.8607578277587891,1.0
2/bb-bac/5.be3.beddd.dcde1.2c2,0.8139612078666687,-1.0
1/b-b-bac/1b3.be3.beddd.dcdeb.2c2,-0.7119789719581604,1.0
2/d-b-bac/1b3.bea2.beddd.dcdeb.2ca1,0.4320061206817627,-1.0
1/a-b-bac/1b3.beaa1.beddd.dcdeb.1acaa,-0.14455828070640564,1.0
2/a-baac/1b3.beaac.beddd.dcdeb.1acaa,0.10491207987070084,-1.0
1/a-baab/eb3.beaac.beddd.dcdeb.1acaa,0.0007255573873408139,1.0
2/a-bbab/ebc2.beaac.beddd.dcdeb.1acaa,0.06969396770000458,-1.0
1/a-bbaa/ebc2.beaac.beddd.dcdeb.eacaa,0.001632588799111545,1.0
2/aabaa/ebcb1.beaac.beddd.dcdeb.eacaa,0.12433061748743057,-1.0
1/aaaaa/ebcbc.beaac.beddd.dcdeb.eacaa,-0.1389632225036621,1.0
1/-dc-b-bb/5.5.4b.5.5,0.9996421933174133,-1.0
2/-dc-b-bc/5.5.4b.3e1.5,-0.9993404150009155,1.0
1/-ec-b-bc/5.5.4b.2ae1.5,0.9986345767974854,-1.0
2/-ec-bac/5.5.3db.2ae1.5,-0.8307355642318726,1.0
1/-ec-cac/5.5.2cdb.2ae1.5,0.8904955983161926,-1.0
2/-ec-cbc/5.5.2cdb.1dae1.5,-0.7630385160446167,1.0
1/-ec-cbb/5.5.2cdb.1daee.5,0.7245181202888489,-1.0
2/-cc-cbb/5.3a1.1acdb.1daee.5,-0.4916572570800781,1.0
1/-ca-cbb/5.2ba1.bacdb.1daee.5,0.5974706411361694,-1.0
2/-caabb/5.1cba1.bacdb.cdaee.5,-0.22594588994979858,1.0
1/-ca-bbb/5.1cbac.bacdb.cdaee.5,0.3324851989746094,-1.0
2/-ca-bcb/5.dcbac.bacdb.cdaee.5,-0.06532672792673111,1.0
1/-ca-bca/5.dcbac.bacdb.cdaee.2e2,0.05503394082188606,-1.0
2/aa-bca/3a1.dcbac.bacdb.cdaee.2ea1,0.1954580396413803,1.0
1/aa-bba/3a1.dcbac.bacdb.cdaee.2ead,0.009361004456877708,-1.0
2/ab-bba/3a1.dcbac.bacdb.cdaee.1bead,0.1845228374004364,1.0
1/ab-bb-b/3a1.dcbac.bacdb.cdaee.ebead,0.0173146091401577,-1.0
2/abab-b/3ac.dcbac.bacdb.cdaee.ebead,0.1838173270225525,1.0
1/aaab-b/2bac.dcbac.bacdb.cdaee.ebead,-0.006361786276102066,-1.0
2/aaaba/1ebac.dcbac.bacdb.cdaee.ebead,0.12467265874147415,1.0
1/aaaaa/debac.dcbac.bacdb.cdaee.ebead,-0.12510895729064941,-1.0
1/b-b-d-cd/5.2d2.5.5.5,0.9996979236602783,-1.0
2/c-b-d-cd/5.2d2.2a2.5.5,-0.9995227456092834,1.0
1/c-b-e-cd/5.2d2.2a2.2c2.5,0.9992004036903381,-1.0
2/d-b-e-cd/5.2d2.2a2.2c2.2a2,-0.9326533079147339,1.0
1/d-b-e-cc/5.2d2.2ae1.2c2.2a2,0.6882935762405396,-1.0
2/d-b-d-cc/5.1cd2.2ae1.2c2.2a2,-0.7219646573066711,1.0
1/d-d-d-cc/5.1cd2.1bae1.2cb1.2a2,0.3978675603866577,-1.0
2/d-d-d-cd/5.1cd2.1bae1.2cb1.2ae1,-0.46734216809272766,1.0
1/c-d-d-cd/5.1cda1.1bae1.2cb1.2ae1,0.44253474473953247,-1.0
2/ca-d-cd/2b2.bcda1.1bae1.1bcb1.2ae1,-0.05529644712805748,1.0
1/aa-d-cd/2b2.bcda1.1bae1.1bcba.1aae1,0.06341610848903656,-1.0
2/aaa-cd/2bc1.bcda1.1baec.1bcba.1aaec,0.19555018842220306,1.0
1/aaa-dd/2bc1.bcda1.dbaec.1bcba.1aaec,-0.025945406407117844,-1.0
2/aaaad/1dbc1.bcdad.dbaec.dbcba.1aaec,0.17017845809459686,1.0
1/aaaaa/edbce.bcdad.dbaec.dbcba.eaaec,-0.14718987047672272,-1.0
2/-bb-bcb/5.5.2d2.5.5,0.9993045926094055,-1.0
1/-cb-bcb/5.5.2d2.3a1.5,-0.996878981590271,1.0
2/-cb-bdb/5.5.2d2.3a1.3d1,0.9974629282951355,-1.0
1/-cb-bda/5.5.2d2.2ea1.3d1,-0.7760113477706909,1.0
2/-cb-bdb/5.5.2d2.2ea1.3de,0.8075347542762756,-1.0
1/-cb-ddb/5.5.1cd2.1cea1.3de,-0.1741252988576889,1.0
2/-cbadb/5.5.ccdc1.ccea1.3de,0.7216374278068542,-1.0
1/-dbadb/5.a4.ccdc1.ccea1.3de,-0.7441733479499817,1.0
2/-ddadb/5.ab3.ccdc1.cceab.3de,0.7515544891357422,-1.0
1/-ddad-b/5.abe2.ccdce.cceab.3de,-0.24375320971012115,1.0
2/-ddada/5.abee1.ccdce.cceab.3de,0.28422850370407104,-1.0
1/-daada/2b2.abeeb.ccdce.cceab.2bde,-0.021405015140771866,1.0
2/-caada/2b2.abeeb.ccdce.cceab.1abde,0.14396709203720093,-1.0
1/-caaba/1db2.abeeb.ccdce.cceab.dabde,-0.01035622600466013,1.0
2/aaaba/adba1.abeeb.ccdce.cceab.dabde,0.11916658282279968,-1.0
1/aaaaa/adbad.abeeb.ccdce.cceab.dabde,-0.10775910317897797,1.0
2/-b-ebdc/5.5.2b2.2e2.5,-0.8384559154510498,1.0
1/-b-ebcc/5.2d2.2b2.2e2.5,0.7994438409805298,-1.0
2/-b-eccc/5.2d2.2b2.2ec1.5,-0.6955112814903259,1.0
1/-c-eccc/5.1ad2.2b2.2ec1.5,0.5572273135185242,-1.0
2/-c-bccc/2b2.1ad2.2bb1.2ec1.2b2,-0.02281564474105835,1.0
1/-c-bccb/2b2.1ade1.2bb1.2ec1.2b2,-0.7655749917030334,-1.0
2/-c-bccc/2b2.eade1.2bb1.2ec1.2b2,0.7130361199378967,1.0
1/-d-bccc/2b2.eade1.1abb1.2ec1.2b2,-0.401328444480896,-1.0
2/-c-bccc/2b2.eade1.1abb1.2ec1.2ba1,0.39469173550605774,1.0
1/-c-bcac/1db2.eade1.dabb1.2ec1.2ba1,-0.22479979693889618,-1.0
2/-c-bdac/1db2.eade1.dabbc.2ec1.2ba1,0.3641193211078644,1.0
1/-c-bbac/1db2.eadec.dabbc.1cec1.2ba1,-0.20962511003017426,-1.0
2/a-bbac/1db2.eadec.dabbc.1ceca.1aba1,0.24942456185817719,1.0
1/a-bb-bc/1db2.eadec.dabbc.dceca.1aba1,-0.2468426376581192,-1.0
2/a-bbac/1db2.eadec.dabbc.dceca.daba1,0.19333672523498535,1.0
1/a-baac/cdb2.eadec.dabbc.dceca.daba1,-0.35035640001296997,-1.0
2/aaaac/cdbb1.eadec.dabbc.dceca.daba1,0.20148363709449768,1.0
1/aaaaa/cdbbe.eadec.dabbc.dceca.dabae,-0.12831227481365204,-1.0
1/-d-bbcb/5.5.5.3d1.5,-0.9997170567512512,1.0
2/-c-bbcb/5.5.5.3d1.2a2,0.9994369745254517,-1.0
1/-c-b-bcb/5.5.5.2cd1.2ac1,-0.9619606733322144,1.0
2/-cc-bcb/5.5.2b2.1bcd1.1bac1,0.8342129588127136,-1.0
1/-cc-bc-b/5.5.2be1.1bcd1.1bace,-0.5009546279907227,1.0
2/-cc-bd-b/5.5.1dbe1.1bcd1.1bace,0.5693873763084412,-1.0
1/-dc-bd-b/5.5.1dbe1.1bcd1.abace,-0.17797714471817017,1.0
2/-dc-bda/5.5.1dbe1.ebcd1.abace,0.12983153760433197,-1.0
1/-dc-bba/5.1dd2.1dbe1.ebcd1.abace,0.13830380141735077,1.0
2/-bc-bba/2a2.1dda1.1dbe1.ebcd1.abace,-0.02960943430662155,-1.0
1/-ba-bba/2a2.1dda1.bdbe1.ebcdb.abace,0.09327138215303421,1.0
2/-babba/1cac1.1dda1.bdbe1.ebcdb.abace,0.09563221782445908,-1.0
1/-babb-b/1cac1.edda1.bdbe1.ebcdb.abace,0.08967770636081696,1.0
2/-babba/ecac1.edda1.bdbe1.ebcdb.abace,0.04103171080350876,-1.0
1/-baaba/ecac1.edda1.bdbec.ebcdb.abace,0.1216009110212326,1.0
2/aaaba/ecac1.eddaa.bdbec.ebcdb.abace,0.07268467545509338,-1.0
1/aaaaa/ecacd.eddaa.bdbec.ebcdb.abace,-0.07983504980802536,1.0
1/-d-b-dce/5.2be1.dbad1.2cc1.2da1,-0.11001744866371155,1.0
2/-b-b-dce/5.1abe1.dbad1.1acc1.2da1,0.11040960252285004,-1.0
1/-b-b-dcd/5.1abe1.dbade.1acc1.2da1,-0.0760209858417511,1.0
2/a-b-dcd/5.1abe1.dbade.aacc1.2da1,0.105074942111969,-1.0
1/a-c-dcd/5.1abe1.dbade.aacc1.1bda1,-0.05996350198984146,1.0
2/a-c-bcd/3c1.1abe1.dbade.aaccc.1bda1,0.2719569206237793,-1.0
1/a-c-bcb/3c1.1abee.dbade.aaccc.1bdae,-0.026765592396259308,1.0
2/a-cacb/3c1.cabee.dbade.aaccc.1bdae,0.14394158124923706,-1.0
1/a-caca/2ec1.cabee.dbade.aaccc.1bdae,-0.0396643802523613,1.0
2/aaaca/1becb.cabee.dbade.aaccc.1bdae,0.20416425168514252,-1.0
1/aaaaa/dbecb.cabee.dbade.aaccc.dbdae,-0.13548997044563293,1.0
1/-b-cb-db/5.5.5.5.2b2,0.9997456669807434,-1.0
2/a-cb-db/5.3a1.5.5.2b2,-0.9898582100868225,1.0
1/a-ca-db/5.3a1.3c1.5.2b2,0.9801661372184753,-1.0
2/a-cb-db/5.3a1.3c1.3c1.2b2,-0.95826655626297,1.0
1/a-ca-db/5.3a1.3c1.2cc1.2b2,0.9288724660873413,-1.0
2/a-ca-dd/3e1.3a1.2ec1.2cc1.2b2,-0.7113351821899414,1.0
1/a-ca-ed/3e1.3a1.1dec1.2cc1.2b2,0.3017175495624542,-1.0
2/a-ca-cd/3e1.2da1.1dec1.2cc1.2bd1,-0.28400200605392456,1.0
1/a-c-b-cd/3e1.1cda1.1dec1.2cc1.2bd1,-0.15581080317497253,-1.0
2/c-c-b-cd/2ae1.acda1.1dec1.2cc1.2bd1,0.21581371128559113,1.0
1/a-c-b-cd/1aae1.acda1.1dec1.1acc1.2bd1,-0.23942354321479797,-1.0
2/a-ca-cd/1aae1.acda1.1dec1.1acc1.2bdc,0.020041340962052345,1.0
1/a-da-cd/1aae1.acda1.bdec1.1acc1.2bdc,0.08686156570911407,-1.0
2/a-ca-cd/1aae1.acda1.bdec1.bacc1.2bdc,-0.09371531754732132,1.0
1/a-ca-cc/1aae1.acda1.bdec1.bacce.2bdc,0.18643145263195038,-1.0
2/a-caac/1aae1.acda1.bdecd.bacce.1dbdc,0.03739034757018089,1.0
1/a-caab/eaae1.acda1.bdecd.bacce.1dbdc,0.08648072183132172,-1.0
2/aaaab/eaae1.acdab.bdecd.bacce.bdbdc,0.103506900370121,1.0
1/aaaaa/eaaee.acdab.bdecd.bacce.bdbdc,-0.0848625898361206,-1.0
2/bb-bb-c/5.5.2e2.5.5,0.9994312524795532,-1.0
1/bb-cb-c/5.c4.2e2.5.5,-0.9981937408447266,1.0
2/bb-cc-c/5.c4.2ed1.5.5,0.9927310943603516,-1.0
1/bb-cb-c/5.c4.2ed1.3d1.5,-0.9276902675628662,1.0
2/cb-cb-c/5.c4.2eda.3d1.5,0.9455114603042603,-1.0
1/cb-ca-c/5.c4.2eda.3d1.3d1,-0.783680260181427,1.0
2/cc-ca-c/5.c4.2eda.2bd1.3d1,0.7604357600212097,-1.0
1/cc-c-b-c/5.cd3.2eda.2bd1.3d1,-0.011266064830124378,1.0
2/cc-ca-c/5.cdd2.2eda.2bd1.3d1,-0.429813951253891,-1.0
1/cc-ca-d/5.cdde1.2eda.2bd1.3d1,0.6341329216957092,1.0
2/cc-ba-d/5.cdde1.2eda.2bd1.2cd1,-0.6633267402648926,-1.0
1/cb-ba-d/5.cdde1.1beda.2bd1.2cd1,0.4579434096813202,1.0
2/cc-ba-d/5.cdde1.bbeda.2bd1.2cd1,-0.28200918436050415,-1.0
1/cc-ca-d/5.cdde1.bbeda.2bdc.2cd1,0.3251553475856781,1.0
2/cc-caa/1ee2.cddee.bbeda.2bdc.2cd1,-0.043151818215847015,-1.0
1/ca-caa/1ee2.cddee.bbeda.1bbdc.2cdb,-0.040425945073366165,1.0
2/da-caa/1ee2.cddee.bbeda.1bbdc.1acdb,0.08656400442123413,-1.0
1/ba-caa/1eea1.cddee.bbeda.abbdc.1acdb,0.006388808600604534,1.0
2/baaaa/ceea1.cddee.bbeda.abbdc.cacdb,0.09736105054616928,-1.0
1/aaaaa/ceeaa.cddee.bbeda.abbdc.cacdb,-0.05595836788415909,1.0
1/ee-db-d/1e3.1cb2.1aec1.5.5,-0.7146194577217102,1.0
2/ee-dd-d/1e3.1cbd1.1aec1.3d1.5,0.7785074710845947,-1.0
1/ce-dd-d/1ea2.1cbd1.1aeca.3d1.5,-0.6937584280967712,1.0
2/ce-bd-d/1ea2.1cbdc.1aeca.2cd1.5,0.7118197083473206,-1.0
1/cb-bd-d/beab1.1cbdc.1aeca.2cdb.5,-0.326907753944397,1.0
2/cb-bd-c/beab1.1cbdc.1aeca.1ecdb.5,0.29530635476112366,-1.0
1/cb-ba-c/beab1.dcbdc.1aeca.1ecdb.3dd,-0.14121036231517792,1.0
2/cbaa-c/beab1.dcbdc.caeca.1ecdb.3dd,0.0762149840593338,-1.0
1/abaa-c/beaba.dcbdc.caeca.1ecdb.2add,0.05429808422923088,1.0
2/abaaa/beaba.dcbdc.caeca.eecdb.1eadd,-0.003960140515118837,-1.0
1/aaaaa/beaba.dcbdc.caeca.eecdb.beadd,-0.04636455699801445,1.0
1/b-bc-b-d/c4.5.5.5.5,0.9993072748184204,-1.0
2/b-bc-b-c/c4.2e2.5.5.5,-0.9962349534034729,1.0
1/b-bb-b-c/cc3.2e2.5.5.5,0.9955272674560547,-1.0
2/c-bb-b-c/cca2.2e2.5.5.5,-0.9921516180038452,1.0
1/c-bb-c-c/cca2.2e2.2d2.5.5,0.9801348447799683,-1.0
2/c-bb-c-b/cca2.1ee2.2d2.5.5,-0.9134706854820251,1.0
1/c-bb-c-c/cca2.1ee2.1ed2.5.5,0.8750002980232239,-1.0
2/c-bc-c-c/cca2.cee2.1ed2.5.5,-0.8389016389846802,1.0
1/c-cc-c-c/cca2.cee2.bed2.5.5,0.8103541731834412,-1.0
2/c-cc-ca/cca2.ceee1.bede1.5.5,-0.5108333230018616,1.0
1/c-cc-da/cca2.ceee1.beded.5.5,0.3139622211456299,-1.0
2/c-cc-ba/ccad1.ceee1.beded.2d2.5,0.021011678501963615,1.0
1/-b-cc-ba/ccad1.ceeea.beded.1ada1.5,-0.10513020306825638,-1.0
2/-b-ccaa/ccad1.ceeea.beded.1ada1.1d3,-0.14597006142139435,1.0
1/-b-cbaa/ccad1.ceeea.beded.cada1.1d3,0.12928815186023712,-1.0
2/a-cbaa/ccada.ceeea.beded.cada1.1d3,-0.07512161135673523,1.0
1/a-dbaa/ccada.ceeea.beded.cada1.1db2,0.27191680669784546,-1.0
2/aabaa/ccada.ceeea.beded.cadab.bdbb1,-0.07719483971595764,1.0
1/aaaaa/ccada.ceeea.beded.cadab.bdbbc,-0.09105518460273743,-1.0
2/dd-be-d/5.5.d4.5.5,0.9997938871383667,-1.0
1/dc-be-d/5.5.db3.5.5,-0.9987741112709045,1.0
2/dc-be-c/5.5.db3.3e1.5,0.9962408542633057,-1.0
1/dc-ce-c/5.5.db3.2ce1.5,-0.97909015417099,1.0
2/dd-ce-c/5.5.dbb2.2ce1.5,0.9836015105247498,-1.0
1/ad-ce-c/5.2a2.dbba1.2cea.5,-0.8794572949409485,1.0
2/ad-ce-b/5.2a2.dbba1.2cea.2e2,0.8441269993782043,-1.0
1/ad-de-b/5.2a2.dbba1.1ccea.2e2,-0.6613691449165344,1.0
2/ad-ce-b/5.1ca2.dbba1.1ccea.2e2,0.5110554695129395,-1.0
1/-bd-ce-b/5.1caa1.dbba1.1ccea.2e2,-0.6600788831710815,1.0
2/-bd-be-b/5.1caa1.dbba1.1ccea.1ce2,0.29276546835899353,-1.0
1/-ba-be-b/2b2.1caa1.dbbab.bccea.1ce2,-0.4038933217525482,1.0
2/aa-be-b/2b2.1caa1.dbbab.bccea.ace2,0.26794299483299255,-1.0
1/aa-bb-b/1db2.dcaa1.dbbab.bccea.aced1,-0.08656188100576401,1.0
2/aaab-b/1db2.dcaa1.dbbab.bccea.acedc,-0.162047877907753,-1.0
1/aaaa-b/1db2.dcaad.dbbab.bccea.acedc,-0.22784633934497833,1.0
2/aaaab/edbe1.dcaad.dbbab.bccea.acedc,0.08866488188505173,-1.0
1/aaaaa/edbee.dcaad.dbbab.bccea.acedc,-0.04833134636282921,1.0
1/d-bc-b-b/5.4c.5.5.5,0.9995922446250916,-1.0
2/e-bc-b-b/5.4c.3a1.5.5,-0.9921094179153442,1.0
1/e-cc-b-b/5.4c.2ba1.5.5,-0.7879269123077393,-1.0
2/e-bc-b-b/5.4c.1bba1.5.5,0.681150496006012,1.0
1/e-cc-b-b/5.4c.1bba1.2b2.5,-0.7064139246940613,-1.0
2/e-cc-ba/5.4c.1bba1.2be1.5,0.7457820177078247,1.0
1/e-cc-da/5.3dc.1bbad.2be1.5,-0.5524505376815796,-1.0
2/e-cd-da/5.3dc.1bbad.1cbe1.5,-0.051796551793813705,1.0
1/d-cd-da/4a.3dc.1bbad.1cbe1.5,-0.6649793982505798,-1.0
2/d-cd-ba/4a.2ddc.dbbad.1cbe1.5,0.7059587836265564,1.0
1/d-ca-ba/3ca.1cddc.dbbad.ccbe1.5,-0.28425416350364685,-1.0
2/daa-ba/3ca.1cddc.dbbad.ccbe1.bb3,0.3621901869773865,1.0
1/daa-b-c/3ca.1cddc.dbbad.ccbee.bbe2,-0.24880534410476685,-1.0
2/daaa-c/3ca.dcddc.dbbad.ccbee.bbe2,0.004571998026221991,1.0
1/baaa-c/2aca.dcddc.dbbad.ccbee.bbea1,0.030976925045251846,-1.0
2/baaaa/1eaca.dcddc.dbbad.ccbee.bbeae,0.046336378902196884,1.0
1/aaaaa/aeaca.dcddc.dbbad.ccbee.bbeae,-0.05720484256744385,-1.0
2/b-cd-da/5.2b2.acee1.daced.5,-0.18666449189186096,1.0
1/b-dd-da/2b2.2b2.acee1.daced.5,-0.06418787688016891,-1.0
2/b-dd-db/2b2.2be1.acee1.daced.5,-0.23453611135482788,1.0
1/b-dd-da/2be1.2be1.acee1.daced.5,-0.008818287402391434,-1.0
2/c-dd-da/2be1.1abe1.acee1.daced.5,-0.18332704901695251,1.0
1/c-db-da/1cbe1.1abe1.acee1.daced.3c1,0.19741025567054749,-1.0
2/cab-da/1cbe1.1abe1.aceeb.daced.2bcb,-0.1640707105398178,1.0
1/aab-da/1cbe1.aabe1.aceeb.daced.1abcb,0.2647106349468231,-1.0
2/aabaa/dcbe1.aabed.aceeb.daced.dabcb,-0.07984728366136551,1.0
1/aaaaa/dcbec.aabed.aceeb.daced.dabcb,-0.09918048232793808,-1.0
2/b-ded-d/5.5.4c.5.5,0.9998447895050049,-1.0
1/a-ded-d/5.5.3ac.5.5,-0.9994229078292847,1.0
2/a-ded-c/5.5.2eac.5.5,0.9886056780815125,-1.0
1/a-ddd-c/5.5.2eac.2c2.5,-0.8746299147605896,1.0
2/b-ddd-c/5.3a1.2eac.2c2.5,0.8331270813941956,-1.0
1/b-ddc-c/5.3a1.1deac.2c2.5,-0.8720964193344116,1.0
2/b-cdc-c/5.3a1.1deac.2cb1.5,0.8373217582702637,-1.0
1/b-cdc-d/5.3a1.1deac.1ecb1.5,-0.5443273782730103,1.0
2/b-cdc-c/5.3a1.1deac.1ecb1.3e1,0.4907222390174866,-1.0
1/-b-cdc-c/5.3a1.1deac.1ecba.2ae1,-0.5078351497650146,1.0
2/-b-cdd-c/5.3ad.1deac.1ecba.2ae1,0.6151723265647888,-1.0
1/-b-ccd-c/3c1.3ad.1deac.1ecba.2ae1,-0.579039990901947,1.0
2/a-ccd-c/3c1.2aad.1deac.1ecba.2ae1,0.41215166449546814,-1.0
1/a-dcd-c/3c1.1baad.1deac.1ecba.2ae1,-0.12958315014839172,1.0
2/aacd-c/3c1.1baad.bdeac.becba.1bae1,0.20398756861686707,-1.0
1/aaca-c/2dcd.1baad.bdeac.becba.dbae1,-0.1935826539993286,1.0
2/aacaa/1edcd.ebaad.bdeac.becba.dbae1,0.2107618898153305,-1.0
1/aaaaa/cedcd.ebaad.bdeac.becba.dbaec,-0.11091087013483047,1.0
1/-bd-cb-d/5.5.5.2c2.5,0.9993844032287598,-1.0
2/-bd-cb-c/1e3.5.5.2c2.5,-0.9979354739189148,1.0
1/-cd-cb-c/1e3.5.5.2ca1.5,0.9926342964172363,-1.0
2/-cd-cc-c/1e3.1d3.5.2ca1.5,-0.9808853268623352,1.0
1/-dd-cc-c/1e3.1d3.2a2.2ca1.5,0.9780251979827881,-1.0
2/-de-cc-c/1e3.1d3.1ba2.2ca1.5,-0.8323158621788025,1.0
1/-dc-cc-c/1e3.1db2.1ba2.1bca1.5,0.7910945415496826,-1.0
2/-dcac-c/1e3.1db2.cba2.1bca1.1c3,-0.5741845369338989,1.0
1/-daac-c/1eb2.1db2.cba2.1bca1.1cb2,0.6038993000984192,-1.0
2/-daad-c/1eb2.ddb2.cba2.1bca1.1cb2,-0.4081810712814331,1.0
1/-daac-c/1eb2.ddb2.cba2.1bca1.1cbd1,0.3443123400211334,-1.0
2/aaac-c/1eb2.ddb2.cbaa1.1bcaa.1cbda,0.12349940836429596,1.0
1/aaac-d/1eb2.ddb2.cbaa1.ebcaa.1cbda,-0.10429111868143082,-1.0
2/aaac-b/1eb2.ddbe1.cbaae.ebcaa.1cbda,-0.08061747997999191,1.0
1/aaab-b/1eb2.ddbed.cbaae.ebcaa.1cbda,-0.19088822603225708,-1.0
2/aaaba/eeb2.ddbed.cbaae.ebcaa.1cbda,0.07857386022806168,1.0
1/aa-bba/eeb2.ddbed.cbaae.ebcaa.ccbda,0.07488314062356949,-1.0
2/aaaba/eebc1.ddbed.cbaae.ebcaa.ccbda,-0.04428522288799286,1.0
1/aaaaa/eebcd.ddbed.cbaae.ebcaa.ccbda,-0.01277087815105915,-1.0
1/-bba-bd/5.2c2.5.5.5,-0.9992861151695251,1.0
2/-bba-be/5.2c2.2e2.5.5,0.9980670809745789,-1.0
1/-b-ba-be/5.1bcb1.2e2.5.5,-0.9669135808944702,1.0
2/-b-baae/2d2.1bcb1.2e2.5.5,0.7240874171257019,-1.0
1/-b-baac/2d2.1bcbe.2ee1.5.5,-0.34022819995880127,1.0
2/a-baac/2d2.1bcbe.2ee1.2a2.5,0.579198956489563,-1.0
1/-c-baac/1ad2.1bcbe.2ee1.2a2.2a2,-0.14396540820598602,1.0
2/-c-bcac/1ad2.cbcbe.2eec.2a2.2a2,0.14231877028942108,-1.0
1/-c-bc-cc/1add1.cbcbe.2eec.2ad1.2a2,0.018040651455521584,1.0
2/-cbc-cc/badd1.cbcbe.2eec.2adb.2a2,-0.16663479804992676,-1.0
1/-cbc-ca/badde.cbcbe.1eeec.2adb.2a2,0.11399614810943604,1.0
2/-cbcaa/badde.cbcbe.deeec.1dadb.2a2,0.06736154854297638,-1.0
1/-cbaaa/badde.cbcbe.deeec.cdadb.1ca2,0.07881343364715576,1.0
2/abaaa/badde.cbcbe.deeec.cdadb.acaa1,0.07395652681589127,-1.0
1/aaaaa/badde.cbcbe.deeec.cdadb.acaab,-0.07717598229646683,1.0
2/dcd-bb/5.5.5.4b.5,0.9993980526924133,-1.0
1/dcd-cb/5.5.2d2.4b.5,-0.9980928897857666,1.0
2/dcd-cc/5.1e3.2d2.4b.5,0.9913058876991272,-1.0
1/bcd-cc/5.1e3.1ada1.4b.5,-0.9749124646186829,1.0
2/ccd-cc/5.1e3.1ada1.3ab.5,0.9778769612312317,-1.0
1/cbd-cc/5.1e3.1ada1.2bab.5,-0.9914900064468384,1.0
2/cbe-cc/5.1e3.1ada1.2bab.2c2,0.9942862391471863,-1.0
1/abe-cc/5.1ea2.1ada1.1abab.2c2,-0.94813072681427,1.0
2/ace-cc/5.1eab1.1ada1.1abab.2c2,0.929222047328949,-1.0
1/ace-dc/1d3.1eab1.1ada1.1abab.2c2,-0.6599952578544617,1.0
2/ace-dd/1d3.1eab1.1adae.1abab.2c2,0.5677892565727234,-1.0
1/aca-dd/1d3.1eabc.cadae.1abab.1ccc1,-0.3361376225948334,1.0
2/aca-cd/1d3.deabc.cadae.1abab.1ccc1,0.34367501735687256,-1.0
1/aca-ca/ede2.deabc.cadae.1abab.1ccce,-0.00626411335542798,1.0
2/acaaa/eded1.deabc.cadae.dabab.1ccce,0.26252850890159607,-1.0
1/aaaaa/ededb.deabc.cadae.dabab.bccce,-0.1834241896867752,1.0
1/-dd-b-cd/5.1d3.5.5.5,0.9993844032287598,-1.0
2/-cd-b-cd/5.1da2.5.5.5,-0.9979354739189148,1.0
1/-cc-b-cd/5.1da2.3b1.5.5,0.9930158257484436,-1.0
2/-bc-b-cd/2a2.1da2.3b1.5.5,-0.9756208062171936,1.0
1/-bc-b-dd/2a2.1da2.2db1.5.5,0.9142829775810242,-1.0
2/-bc-b-de/2a2.1da2.1edb1.5.5,-0.6453521847724915,1.0
1/-bc-d-de/2a2.1da2.1edb1.1cc2.5,0.6553126573562622,-1.0
2/-bc-c-de/2a2.1da2.1edb1.1ccc1.5,-0.5639949440956116,1.0
1/-ba-c-de/2a2.1dab1.1edb1.1ccc1.2b2,0.5960853099822998,-1.0
2/-ba-c-be/2a2.1dab1.1edb1.1ccc1.1dbd1,0.014499131590127945,1.0
1/-ba-c-bd/1ea2.1dab1.1edb1.1ccc1.1dbd1,-0.08743500709533691,-1.0
2/-ba-cad/1ea2.1dab1.1edb1.1ccc1.1dbdd,0.1590665578842163,1.0
1/-ba-cac/1ea2.1dab1.1edb1.1ccce.1dbdd,-0.11340595781803131,-1.0
2/-baaac/1ea2.1dab1.cedb1.cccce.1dbdd,0.24314089119434357,1.0
1/-caaac/1ea2.1dab1.cedba.cccce.1dbdd,0.03563160449266434,-1.0
2/-cbaac/1ea2.1dabb.cedba.cccce.1dbdd,0.07257448881864548,1.0
1/-caaac/1eab1.1dabb.cedba.cccce.1dbdd,-0.017336299642920494,-1.0
2/aaaac/1eab1.adabb.cedba.cccce.adbdd,0.14074844121932983,1.0
1/aaaaa/eeabe.adabb.cedba.cccce.adbdd,-0.07092569023370743,-1.0
2/cb-bc-e/5.1eda1.5.5.5,-0.861035168170929,1.0
1/ca-bc-e/5.1eda1.1b3.5.5,0.8557382822036743,-1.0
2/ca-bd-e/5.1eda1.1bd2.5.5,-0.6079080700874329,1.0
1/ca-bb-e/1d3.1eda1.1bd2.2d2.5,0.6604408621788025,-1.0
2/da-bb-e/ad3.1eda1.1bd2.2d2.5,-0.5043756365776062,1.0
1/da-ba-e/ad3.1edad.1bd2.2d2.5,0.6080194115638733,-1.0
2/da-ba-d/ad3.1edad.1bde1.2d2.5,-0.8562488555908203,1.0
1/da-ca-d/ad3.1edad.1bde1.2dc1.5,0.25087282061576843,-1.0
2/da-caa/ade2.1edad.1bdee.2dc1.2e2,-0.16686606407165527,1.0
1/da-daa/ade2.1edad.1bdee.2dcc.2e2,-0.13453294336795807,-1.0
2/dc-daa/adeb1.1edad.1bdee.1bdcc.2e2,0.2592531144618988,1.0
1/cc-daa/adeb1.aedad.1bdee.1bdcc.2e2,-0.277495414018631,-1.0
2/cc-caa/adeb1.aedad.cbdee.1bdcc.2e2,0.2661011517047882,1.0
1/ca-caa/adeb1.aedad.cbdee.1bdcc.1beb1,-0.10495012998580933,-1.0
2/caaaa/adeb1.aedad.cbdee.cbdcc.1bebc,0.26732146739959717,1.0
1/aaaaa/adeba.aedad.cbdee.cbdcc.abebc,-0.20551647245883942,-1.0
1/-bcb-dd/5.5.b4.5.5,-0.9996498227119446,1.0
2/-bcb-de/5.5.b4.1e3.5,0.9990863800048828,-1.0
1/-bcb-dd/5.5.b4.1e3.1e3,-0.9977819919586182,1.0
2/-bcb-cd/5.5.bd3.1e3.1e3,0.9932559132575989,-1.0
1/-bcb-dd/5.1d3.bd3.1e3.1e3,-0.8175919055938721,1.0
2/-bcd-dd/5.cd3.bd3.ce3.1e3,0.7535950541496277,-1.0
1/-bcb-dd/5.cd3.bdc2.ce3.ce3,-0.6743925213813782,1.0
2/acb-dd/5.cd3.bdca1.ce3.ce3,0.06983629614114761,-1.0
1/aca-dd/5.cd3.bdca1.cec2.ce3,-0.2870301306247711,1.0
2/ada-dd/5.cdb2.bdca1.cec2.ce3,0.35834023356437683,-1.0
1/ada-da/2e2.cdbe1.bdca1.cec2.cee2,-0.21860672533512115,1.0
2/ada-ca/2ed1.cdbe1.bdca1.cec2.cee2,0.34293001890182495,-1.0
1/aca-ca/2ed1.cdbe1.bdca1.cecb1.cee2,-0.07367437332868576,1.0
2/cca-ca/2ed1.cdbea.bdcaa.cecb1.cee2,0.1818849891424179,-1.0
1/caa-ca/1bed1.cdbea.bdcaa.cecbb.cee2,0.07798914611339569,1.0
2/caaaa/1bedd.cdbea.bdcaa.cecbb.ceed1,0.07538147270679474,-1.0
1/aaaaa/abedd.cdbea.bdcaa.cecbb.ceeda,-0.057852696627378464,1.0
2/-b-dcd-b/5.5.2c2.5.5,-0.9994844198226929,1.0
1/-b-dcb-b/5.3d1.1dc2.5.5,0.9863178133964539,-1.0
2/-b-ccb-b/5.3d1.1dcb1.5.5,-0.9892910718917847,1.0
1/-b-ccb-c/5.3d1.1dcb1.3e1.5,0.9734790325164795,-1.0
2/-b-cdb-c/5.2cd1.1dcb1.3e1.5,-0.7107378244400024,1.0
1/-c-cdb-c/5.2cd1.1dcb1.2ae1.5,0.31815192103385925,-1.0
2/-c-bdb-c/2b2.2cd1.1dcb1.2ae1.5,-0.6047206521034241,1.0
1/-c-bcb-c/2b2.2cd1.cdcb1.2ae1.5,0.46850425004959106,-1.0
2/-c-bcba/2be1.1ecd1.cdcb1.2ae1.5,0.038470424711704254,1.0
1/-c-ccba/1bbe1.1ecd1.cdcb1.2ae1.5,-0.07839976996183395,-1.0
2/-c-ccbb/1bbe1.1ecd1.cdcb1.2aee.5,-0.06583757698535919,1.0
1/-c-ccab/1bbe1.1ecd1.cdcb1.1daee.5,0.1501220464706421,-1.0
2/-c-ccbb/1bbe1.1ecd1.cdcbd.1daee.5,-0.14108672738075256,1.0
1/-d-ccbb/1bbe1.1ecda.cdcbd.1daee.5,0.31265220046043396,-1.0
2/-c-ccbb/1bbe1.1ecda.cdcbd.1daee.3a1,-0.19531825184822083,1.0
1/-c-cabb/1bbe1.1ecda.cdcbd.1daee.2cac,0.25426268577575684,-1.0
2/-caabb/1bbe1.becda.cdcbd.1daee.1bcac,-0.27006712555885315,1.0
1/-caaab/1bbe1.becda.cdcbd.ddaee.1bcac,0.04424015060067177,-1.0
2/aaaab/abbea.becda.cdcbd.ddaee.1bcac,0.09275266528129578,1.0
1/aaaaa/abbea.becda.cdcbd.ddaee.ebcac,-0.10441417247056961,-1.0
1/e-bd-d-d/5.5.1bda1.3d1.3b1,-0.7874010801315308,1.0
2/e-bd-c-d/5.2d2.1bda1.3d1.3b1,0.826895534992218,-1.0
1/e-bd-c-e/5.2d2.1bdae.3d1.3b1,-0.26836299896240234,1.0
2/e-bd-c-c/5.2d2.ebdae.3de.3b1,-0.11194345355033875,-1.0
1/b-bd-c-c/2a2.2da1.ebdae.3de.3ba,0.45225581526756287,1.0
2/b-be-c-c/2a2.2da1.ebdae.2cde.3ba,-0.061421096324920654,-1.0
1/b-bd-c-c/2ac1.2da1.ebdae.2cde.3ba,0.11903219670057297,1.0
2/bad-c-c/2ac1.2da1.ebdae.1bcde.3ba,0.033339038491249084,-1.0
1/bab-c-c/2ac1.2dac.ebdae.1bcde.2cba,0.07629799842834473,1.0
2/bbb-c-c/2ac1.2dac.ebdae.1bcde.1bcba,-0.15132276713848114,-1.0
1/abb-c-c/2ac1.1adac.ebdae.1bcde.1bcba,0.1673678606748581,1.0
2/abba-c/2acd.dadac.ebdae.1bcde.1bcba,-0.08603770285844803,-1.0
1/aaba-c/2acd.dadac.ebdae.bbcde.1bcba,0.1444942057132721,1.0
2/aabaa/1eacd.dadac.ebdae.bbcde.ebcba,0.020928772166371346,-1.0
1/aaaaa/ceacd.dadac.ebdae.bbcde.ebcba,-0.05845864489674568,1.0
1/-b-beb-c/5.2e2.2c2.5.5,-0.871539294719696,1.0
2/-b-bec-c/5.2e2.2c2.2d2.5,0.8438399434089661,-1.0
1/-b-bdc-c/5.1ce2.2c2.2d2.5,-0.7325870394706726,1.0
2/b-bdc-c/5.1cea1.1ac2.2d2.5,0.7079399824142456,-1.0
1/b-bdc-d/5.1cea1.1ac2.1ed2.5,-0.47264114022254944,1.0
2/b-bdc-c/5.1cea1.1ace1.1ed2.5,0.3678080141544342,-1.0
1/b-bcc-c/5.1cea1.1ace1.1edc1.5,-0.5511066317558289,1.0
2/c-bcc-c/3a1.1cea1.1ace1.1edc1.5,0.6431426405906677,-1.0
1/c-bc-b-c/2da1.1cead.1aced.1edc1.5,-0.009664698503911495,1.0
2/cac-b-c/1bda1.1cead.1aced.1edc1.5,-0.06306895613670349,-1.0
1/cab-b-c/1bda1.1cead.1aced.1edcc.5,-0.1280267834663391,1.0
2/caba-c/1bda1.1cead.daced.1edcc.5,0.16432832181453705,-1.0
1/c-cba-c/1bda1.bcead.daced.1edcc.2b2,-0.0049531604163348675,1.0
2/c-cbaa/ebdae.bcead.daced.1edcc.2b2,0.05195043981075287,-1.0
1/a-cbaa/ebdae.bcead.daced.aedcc.1ab2,0.05993072688579559,1.0
2/aabaa/ebdae.bcead.daced.aedcc.babb1,0.07173362374305725,-1.0
1/aaaaa/ebdae.bcead.daced.aedcc.babbc,-0.07613053917884827,1.0
1/-c-dddb/5.5.5.2a2.5,-0.9997903108596802,1.0
2/-c-dddc/5.5.5.1ea2.5,0.9996579885482788,-1.0
1/-d-dddc/5.5.5.1eaa1.5,-0.9449359774589539,1.0
2/-d-dedc/5.5.3c1.1eaa1.5,0.9204244613647461,-1.0
1/-d-decc/5.5.3cd.1eaa1.5,-0.9279290437698364,1.0
2/-d-decd/5.5.2ecd.1eaa1.5,0.9196848273277283,-1.0
1/-d-dccd/5.3c1.1cecd.1eaa1.5,-0.8433461785316467,1.0
2/-d-cccd/3b1.3c1.1cecd.1eaa1.5,0.8604918718338013,-1.0
1/-d-cccc/3b1.2ec1.1cecd.1eaa1.5,-0.598010241985321,1.0
2/-d-ccdc/2db1.2ec1.1cecd.1eaa1.5,0.608417809009552,-1.0
1/-d-ccda/2db1.2ece.ececd.1eaa1.5,-0.6395580172538757,1.0
2/-c-ccda/2db1.2ece.ececd.1eaa1.2a2,0.4521362781524658,-1.0
1/-c-dcda/2db1.2ece.ececd.1eaab.2a2,-0.28286346793174744,1.0
2/-cacda/2dbb.2ece.ececd.beaab.1ba2,0.37025558948516846,-1.0
1/-cacba/2dbb.2ece.ececd.beaab.dbad1,-0.12439524382352829,1.0
2/-bacba/2dbb.1aece.ececd.beaab.dbad1,0.22506624460220337,-1.0
1/-baaba/1cdbb.1aece.ececd.beaab.dbadc,-0.0001687618059804663,1.0
2/aaaba/1cdbb.aaece.ececd.beaab.dbadc,0.12503653764724731,-1.0
1/aaaaa/dcdbb.aaece.ececd.beaab.dbadc,-0.06314155459403992,1.0
2/b-b-d-cd/5.5.3d1.5.5,-0.9997654557228088,1.0
1/b-b-d-cc/5.1e3.3d1.5.5,0.9995889663696289,-1.0
2/ba-d-cc/5.1e3.2bd1.5.5,-0.9769588708877563,1.0
1/aa-d-cc/5.1e3.1abd1.5.5,0.9893089532852173,-1.0
2/aa-b-cc/5.1ec2.cabd1.5.5,-0.9313424825668335,1.0
1/a-b-b-cc/5.1ecb1.cabd1.5.5,0.8945544958114624,-1.0
2/b-b-b-cc/5.aecb1.cabd1.5.5,-0.8482449650764465,1.0
1/b-b-b-cb/5.aecb1.cabd1.3e1.5,0.738906979560852,-1.0
2/bb-b-cb/5.aecbb.cabd1.2be1.5,-0.27015143632888794,1.0
1/ba-b-cb/5.aecbb.cabd1.2be1.3b1,-0.3098026216030121,-1.0
2/baa-cb/5.aecbb.cabd1.2be1.2cb1,-0.1596016138792038,1.0
1/ba-b-cb/5.aecbb.cabd1.1cbe1.2cb1,0.1431456357240677,-1.0
2/ba-bab/2d2.aecbb.cabd1.dcbe1.2cb1,0.017174487933516502,1.0
1/aa-bab/2d2.aecbb.cabd1.dcbe1.1acb1,0.02108503133058548,-1.0
2/aaaab/2d2.aecbb.cabd1.dcbe1.cacb1,0.07887813448905945,1.0
1/aaa-bb/2d2.aecbb.cabdd.dcbe1.cacb1,0.01370664406567812,-1.0
2/aaa-bc/2d2.aecbb.cabdd.dcbee.cacb1,0.09478352963924408,1.0
1/aaa-bb/1ed2.aecbb.cabdd.dcbee.cacb1,0.04922361299395561,-1.0
2/baa-bb/1ed2.aecbb.cabdd.dcbee.cacba,0.05225289985537529,1.0
1/baa-ba/eed2.aecbb.cabdd.dcbee.cacba,-0.006070869509130716,-1.0
2/baaaa/eedd1.aecbb.cabdd.dcbee.cacba,0.07835061848163605,1.0
1/aaaaa/eedda.aecbb.cabdd.dcbee.cacba,-0.07271485030651093,-1.0
1/-cb-be-c/5.1e3.1a3.1d3.5,-0.8390021920204163,1.0
2/-bb-be-c/5.1e3.1aa2.1d3.5,0.8741529583930969,-1.0
1/-bb-bd-c/5.1ed2.1aa2.1d3.5,-0.626174807548523,1.0
2/-bbad-c/5.1ed2.1aa2.1dc2.5,0.6101229786872864,-1.0
1/-bbac-c/5.1ed2.1aad1.1dc2.5,-0.8331317901611328,1.0
2/abac-c/2a2.1ed2.1aad1.1dc2.5,0.7541190981864929,-1.0
1/a-bac-c/2a2.1edb1.1aad1.1dcb1.5,-0.6556407809257507,1.0
2/b-bac-c/2a2.1edb1.1aad1.adcb1.5,0.20698051154613495,-1.0
1/b-b-cc-c/2ac1.1edb1.1aad1.adcb1.2c2,-0.27432504296302795,1.0
2/bb-cc-c/1bac1.1edb1.1aad1.adcb1.2cb1,0.10896497964859009,-1.0
1/bb-cc-d/1bac1.1edb1.1aad1.adcbe.2cb1,0.28407156467437744,1.0
2/bbac-d/1bac1.1edb1.caad1.adcbe.1ccb1,-0.24912481009960175,-1.0
1/abac-d/1bac1.1edb1.caad1.adcbe.1ccba,0.16105309128761292,1.0
2/abac-c/1bac1.1edb1.caade.adcbe.1ccba,-0.048916030675172806,-1.0
1/aaac-c/1bac1.1edbb.caade.adcbe.1ccba,-0.025501256808638573,1.0
2/aaaca/1bace.eedbb.caade.adcbe.1ccba,0.18643522262573242,-1.0
1/aaaaa/dbace.eedbb.caade.adcbe.dccba,-0.12164634466171265,1.0
2/-bd-cbb/5.5.5.2c2.5,0.9998469948768616,-1.0
1/-bd-cab/5.5.2d2.2c2.5,-0.9913296699523926,1.0
2/-be-cab/5.2b2.2d2.2c2.5,0.9889453649520874,-1.0
1/-be-caa/5.2b2.1ed2.2c2.5,-0.9815189838409424,1.0
2/ae-caa/5.2ba1.1ed2.2c2.5,0.8904787302017212,-1.0
1/ac-caa/5.2ba1.1edb1.1bc2.5,-0.7382727265357971,1.0
2/cc-caa/5.1aba1.aedb1.1bc2.5,0.15914343297481537,-1.0
1/cc-ca-c/2e2.eaba1.aedb1.1bc2.5,-0.2954616844654083,1.0
2/ccaa-c/2e2.eabac.aedb1.1bcc1.5,0.35223156213760376,-1.0
1/cca-c-c/1ded1.eabac.aedb1.1bcc1.5,0.10796944051980972,1.0
2/ccb-c-c/1ded1.eabac.aedb1.1bcc1.3c1,-0.00537659227848053,-1.0
1/acb-c-c/aded1.eabac.aedb1.1bcc1.2ac1,0.13778148591518402,1.0
2/acb-c-b/aded1.eabac.aedbe.1bcc1.2ac1,-0.1204376220703125,-1.0
1/aca-c-b/adedc.eabac.aedbe.1bcc1.2ac1,0.11560066789388657,1.0
2/acaa-b/adedc.eabac.aedbe.dbccd.2ac1,0.13482455909252167,-1.0
1/abaa-b/adedc.eabac.aedbe.dbccd.1bac1,0.0646185502409935,1.0
2/abaaa/adedc.eabac.aedbe.dbccd.ebac1,0.04748906195163727,-1.0
1/aaaaa/adedc.eabac.aedbe.dbccd.ebacb,-0.05048578605055809,1.0
2/-e-bdcb/2cd1.2ec1.1edd1.2a2.5,-0.6183184385299683,1.0
1/-e-bccb/2cd1.2ec1.1edd1.1ca2.5,0.22353965044021606,-1.0
2/-ebccb/2cd1.1bec1.1edd1.1cab1.5,0.02223324216902256,1.0
1/-ebbcb/1ccd1.1bec1.1edd1.1cab1.5,-0.16896094381809235,-1.0
2/-ebbcc/eccd1.1bec1.1edd1.1cab1.5,0.46598222851753235,1.0
1/-ebacc/eccd1.1becc.1edd1.1cab1.5,-0.013409439474344254,-1.0
2/-ecacc/eccd1.1becc.1eddb.1cab1.5,0.021556220948696136,1.0
1/-ecaac/eccd1.dbecc.1eddb.1cabd.5,0.07966848462820053,-1.0
2/-ccaac/eccd1.dbecc.aeddb.1cabd.2a2,0.03424860164523125,1.0
1/-ccaaa/eccd1.dbecc.aeddb.1cabd.1eae1,0.022125843912363052,-1.0
2/acaaa/eccda.dbecc.aeddb.acabd.1eae1,0.18251198530197144,1.0
1/aaaaa/eccda.dbecc.aeddb.acabd.beaeb,-0.10765387117862701,-1.0
2/cb-de-c/5.2ce1.1bad1.1baa1.1c3,0.38035598397254944,1.0
1/cb-dd-c/5.1dce1.1bad1.1baa1.1c3,-0.6916052103042603,-1.0
2/cc-dd-c/5.1dce1.1bad1.bbaa1.1c3,0.09554412961006165,1.0
1/ca-dd-c/3b1.1dce1.1bad1.bbaab.1c3,-0.04436609894037247,-1.0
2/ca-cd-c/3b1.1dce1.1bad1.bbaab.cc3,0.2513344883918762,1.0
1/aa-cd-c/2ab1.1dce1.1bad1.bbaab.cca2,-0.3195575475692749,-1.0
2/aaad-c/2ab1.1dce1.cbadc.bbaab.cca2,0.21020664274692535,1.0
1/aaad-d/2ab1.1dcee.cbadc.bbaab.cca2,-0.21330946683883667,-1.0
2/aaad-c/2ab1.edcee.cbadc.bbaab.cca2,0.19509324431419373,1.0
1/aaab-c/1dab1.edcee.cbadc.bbaab.ccad1,0.060022227466106415,-1.0
2/aaaba/edabe.edcee.cbadc.bbaab.ccad1,0.1113477349281311,1.0
1/aaaaa/edabe.edcee.cbadc.bbaab.ccadd,-0.12658223509788513,-1.0
2/-cdcc-d/5.3e1.2dac.2e2.5,-0.7424237132072449,1.0
1/-cdca-d/3d1.3e1.1ddac.2e2.5,0.43196746706962585,-1.0
2/-ceca-d/3d1.3e1.1ddac.2eb1.5,0.23188455402851105,1.0
1/-ceba-d/3d1.3e1.1ddac.2ebc.5,-0.040010739117860794,-1.0
2/aeba-d/3d1.3e1.1ddac.2ebc.2aa1,-0.2865235507488251,1.0
1/adba-d/3d1.3e1.1ddac.2ebc.2aab,0.111060731112957,-1.0
2/adbb-d/3d1.3ed.1ddac.2ebc.2aab,-0.20580190420150757,1.0
1/-bdbb-d/3d1.3ed.1ddac.1aebc.2aab,0.0017246156930923462,-1.0
2/-bdcb-d/3d1.2ced.1ddac.1aebc.2aab,-0.13744936883449554,1.0
1/-bacb-d/3d1.2ced.bddac.baebc.1baab,0.03568827733397484,-1.0
2/-bacba/2ed1.1eced.bddac.baebc.ebaab,0.15342485904693604,1.0
1/-baaba/1ced1.ceced.bddac.baebc.ebaab,0.09115105867385864,-1.0
2/aaaba/aced1.ceced.bddac.baebc.ebaab,0.08524706214666367,1.0
1/aaaaa/acedd.ceced.bddac.baebc.ebaab,-0.061745014041662216,-1.0
2/bb-bba/5.1e3.5.5.5,0.9984464645385742,-1.0
1/-bb-bba/5.1e3.1a3.2a2.5,-0.9479197859764099,1.0
2/-bbaba/5.1e3.1a3.1ca2.5,0.9708459377288818,-1.0
1/-bb-bba/5.1e3.1a3.cca2.5,-0.9350185990333557,1.0
2/-bb-bbb/5.1e3.1ae2.cca2.5,0.8763163685798645,-1.0
1/-b-b-bbb/5.1e3.1ae2.cca2.1bb2,-0.4574204981327057,1.0
2/-b-b-bdb/5.1e3.daed1.cca2.1bb2,-0.19733795523643494,-1.0
1/-c-b-bdb/5.1e3.daeda.cca2.1bb2,-0.32151541113853455,1.0
2/-cb-bdb/5.1eb2.daeda.cca2.bbb2,0.4137384593486786,-1.0
1/-cb-bd-b/5.eeb2.daeda.ccae1.bbb2,-0.32907408475875854,1.0
2/ab-bd-b/2a2.eeb2.daeda.ccaea.bbb2,0.30785149335861206,-1.0
1/aa-bd-b/2a2.eebb1.daeda.ccaea.bbb2,-0.47323843836784363,1.0
2/aa-bda/2a2.eebbe.daeda.ccaea.bbb2,0.3986760675907135,-1.0
1/aa-bba/1da2.eebbe.daeda.ccaea.bbbd1,-0.13970765471458435,1.0
2/aaaba/1dac1.eebbe.daeda.ccaea.bbbd1,0.1308598667383194,-1.0
1/aa-bba/cdac1.eebbe.daeda.ccaea.bbbd1,-0.056618478149175644,1.0
2/aaaba/cdacc.eebbe.daeda.ccaea.bbbd1,0.08167342096567154,-1.0
1/aaaaa/cdacc.eebbe.daeda.ccaea.bbbdd,-0.06940028816461563,1.0
1/cb-cc-e/5.1bc2.badca.1ddae.1bcb1,0.49437057971954346,1.0
2/cb-cc-d/5.1bce1.badca.1ddae.1bcb1,-0.3283090591430664,-1.0
1/cb-ca-d/2dd1.1bce1.badca.1ddae.1bcb1,0.014752577990293503,1.0
2/cbaa-d/1cdd1.1bce1.badca.cddae.1bcb1,-0.006826779805123806,-1.0
1/abaa-d/1cdd1.abce1.badca.cddae.1bcba,0.18162472546100616,1.0
2/abaaa/ecdd1.abcee.badca.cddae.ebcba,-0.017143525183200836,-1.0
1/aaaaa/ecddb.abcee.badca.cddae.ebcba,-0.11621572822332382,1.0
2/-eb-ddd/5.5.1a3.5.5,-0.9987180829048157,1.0
1/-ea-ddd/5.1b3.1a3.5.5,0.9948198199272156,-1.0
2/-da-ddd/5.1b3.1a3.1a3.5,-0.9782764315605164,1.0
1/-da-ddc/5.1b3.1ae2.1a3.5,0.8182651996612549,-1.0
2/-da-dec/5.1b3.dae2.1a3.5,0.43801313638687134,1.0
1/-d-b-dec/5.bb3.dae2.1a3.5,-0.7019253373146057,-1.0
2/-b-b-dec/5.bb3.daea1.1a3.1a3,0.770228922367096,1.0
1/-b-b-eec/5.bb3.daea1.ca3.1a3,-0.5823380947113037,-1.0
2/a-b-eec/5.bb3.daea1.ca3.aa3,-0.13994137942790985,1.0
1/a-b-ebc/1d3.bbd2.daea1.cad2.aa3,0.07035092264413834,-1.0
2/a-b-ebd/1d3.bbd2.daea1.cad2.aae2,0.14677536487579346,1.0
1/a-b-ead/1d3.bbd2.daea1.cadd1.aae2,-0.24428801238536835,-1.0
2/a-b-bad/1dc2.bbd2.daeac.cadd1.aaec1,0.20574167370796204,1.0
1/a-b-bab/1dc2.bbde1.daeac.cadde.aaec1,-0.09284939616918564,-1.0
2/ab-bab/bdcb1.bbde1.daeac.cadde.aaec1,-0.0790570080280304,1.0
1/aa-bab/bdcb1.bbde1.daeac.cadde.aaecb,-0.18677005171775818,-1.0
2/aaaab/bdcb1.bbdec.daeac.cadde.aaecb,-0.09090811014175415,1.0
1/aaaaa/bdcbe.bbdec.daeac.cadde.aaecb,-0.12886275351047516,-1.0
1/e-cba-c/1ede1.ddbbc.1bdd1.1cec1.1ca2,-0.8019598126411438,1.0
2/e-cbaa/1ede1.ddbbc.ebdde.1cec1.1ca2,0.4633878171443939,-1.0
1/b-cbaa/aede1.ddbbc.ebdde.1ceca.1caa1,0.021601805463433266,1.0
2/b-bbaa/aede1.ddbbc.ebdde.1ceca.1caab,0.0035035882610827684,-1.0
1/a-bbaa/aede1.ddbbc.ebdde.aceca.1caab,0.02597568742930889,1.0
2/aabaa/aede1.ddbbc.ebdde.aceca.bcaab,0.10027075558900833,-1.0
1/aaaaa/aedec.ddbbc.ebdde.aceca.bcaab,-0.06475885212421417,1.0
1/cb-b-dd/5.5.5.2a2.5,-0.9996913075447083,1.0
2/cb-b-cd/5.5.5.1da2.5,0.9993367195129395,-1.0
1/cb-b-cb/5.5.2e2.eda2.5,-0.9914442896842957,1.0
2/cbb-cb/5.2c2.1ce2.eda2.5,0.9685835242271423,-1.0
1/cbb-db/5.1dc2.1ce2.eda2.5,-0.8789430260658264,1.0
2/cbc-db/2c2.1dc2.1ce2.eda2.5,0.8727096319198608,-1.0
1/-bbc-db/1ac2.1dca1.1cea1.eda2.5,0.048900604248046875,1.0
2/-bbc-bb/1acd1.1dca1.dcea1.eda2.5,-0.20035547018051147,-1.0
1/-bbb-bb/1acd1.cdca1.dcea1.eda2.5,-0.23888073861598969,1.0
2/abb-bb/1acd1.cdca1.dcea1.edaa1.5,0.10088197141885757,-1.0
1/aba-bb/cacd1.cdca1.dcea1.edaa1.5,-0.060084596276283264,1.0
2/aba-bc/cacde.cdca1.dcea1.edaa1.5,0.2092285305261612,-1.0
1/aaa-bc/cacde.cdcab.dcea1.edaa1.5,-0.22873792052268982,1.0
2/aca-bc/cacde.cdcab.dceab.edaa1.2b2,0.31063586473464966,-1.0
1/aaa-bc/cacde.cdcab.dceab.edaab.1bb2,-0.2905343174934387,1.0
2/aaaac/cacde.cdcab.dceab.edaab.1bbd1,0.13861960172653198,-1.0
1/aaaaa/cacde.cdcab.dceab.edaab.ebbde,-0.13735398650169373,1.0
2/-b-cb-b-b/5.5.5.2b2.5,-0.9998766183853149,1.0
1/-b-ca-b-b/5.1c3.5.2b2.5,0.9993343949317932,-1.0
2/-b-cab-b/5.1c3.dd3.2b2.5,-0.9778053760528564,1.0
1/-b-c-bb-b/5.1c3.dd3.2bc1.5,0.9848093390464783,-1.0
2/-b-c-bbb/5.1c3.dde2.1ebc1.5,-0.8518891930580139,1.0
1/-b-c-bba/1e3.1c3.dde2.1ebc1.5,0.8775724768638611,-1.0
2/b-c-bba/1e3.1c3.dde2.aebc1.2a2,-0.6954390406608582,1.0
1/b-c-bb-b/1e3.1c3.ddee1.aebc1.2a2,0.6509209275245667,-1.0
2/b-cbb-b/1e3.1cc2.ddee1.aebc1.2ac1,-0.1591537743806839,1.0
1/b-dbb-b/1e3.bcc2.ddee1.aebc1.2ac1,0.2940845191478729,-1.0
2/b-dbba/1e3.bcce1.ddee1.aebc1.2ac1,-0.2711283266544342,1.0
1/b-daba/ce3.bcce1.ddee1.aebc1.2ac1,0.35287219285964966,-1.0
2/b-caba/ceb2.bcce1.ddee1.aebc1.2ac1,-0.28369441628456116,1.0
1/a-caba/ceb2.bccea.ddee1.aebc1.2ac1,0.22676293551921844,-1.0
2/a-caca/ceb2.bccea.ddeed.aebc1.2ac1,0.015067934058606625,1.0
1/a-caba/ceb2.bccea.ddeed.aebcd.2ac1,0.16536428034305573,-1.0
2/b-caba/ceba1.bccea.ddeed.aebcd.2ac1,-0.35185226798057556,1.0
1/b-caaa/cebad.bccea.ddeed.aebcd.2ac1,0.13702398538589478,-1.0
2/baaaa/cebad.bccea.ddeed.aebcd.1bacb,-0.002141172531992197,1.0
1/aaaaa/cebad.bccea.ddeed.aebcd.abacb,-0.002058940939605236,-1.0
2/ad-dbd/5.5.1a3.5.5,0.9993073344230652,-1.0
1/ac-dbd/5.5.1a3.3b1.5,-0.996525228023529,1.0
2/ac-dcd/5.5.1a3.2db1.5,0.990835964679718,-1.0
1/ac-dbd/5.5.1ad2.2db1.5,-0.980984091758728,1.0
2/cc-dbd/5.1a3.1ad2.1adb1.5,0.984965980052948,-1.0
1/bc-dbd/5.1a3.1ada1.1adb1.5,-0.8668657541275024,1.0
2/bc-cbd/5.1ac2.1ada1.1adb1.5,0.9347803592681885,-1.0
1/ac-cbd/5.1ac2.1ada1.1adb1.1a3,-0.9569094777107239,1.0
2/ad-cbd/5.bac2.1ada1.1adb1.1a3,0.8970903754234314,-1.0
1/ad-c-bd/2d2.bac2.1ada1.1adb1.1ad2,-0.6636283993721008,1.0
2/ad-cad/1dd2.bac2.1ada1.1adb1.1ad2,0.5246750712394714,-1.0
1/ad-dad/1dd2.bac2.1ada1.1adbc.1ad2,-0.23633474111557007,1.0
2/ad-dae/1dd2.bac2.eada1.1adbc.1ad2,0.1278783082962036,-1.0
1/aa-dae/1dd2.bacb1.eada1.badbc.1adb1,-0.04659295082092285,1.0
2/aa-cae/cdd2.bacb1.eada1.badbc.1adb1,0.13234198093414307,-1.0
1/aa-cac/cdde1.bacb1.eadae.badbc.1adb1,-0.03608916699886322,1.0
2/aaaac/cdde1.bacbc.eadae.badbc.1adbc,0.08701900392770767,-1.0
1/aaaaa/cddee.bacbc.eadae.badbc.eadbc,-0.07679499685764313,1.0
1/-b-cd-cc/5.2b2.1cdc1.2e2.5,-0.4794955253601074,1.0
2/-b-cd-cd/5.2be1.1cdc1.2e2.5,-0.14693424105644226,-1.0
1/-b-dd-cd/5.1bbe1.1cdc1.2e2.5,-0.21730485558509827,1.0
2/a-dd-cd/5.1bbe1.1cdc1.1ae2.5,0.6120437979698181,-1.0
1/a-dc-cd/5.1bbe1.1cdc1.cae2.5,-0.5199965238571167,1.0
2/c-dc-cd/3a1.1bbe1.acdc1.cae2.5,0.6414010524749756,-1.0
1/c-dc-dd/3a1.1bbe1.acdc1.cae2.2d2,-0.2973477840423584,1.0
2/c-dc-cd/2da1.1bbe1.acdc1.cae2.2d2,0.2677770256996155,-1.0
1/c-da-cd/2da1.1bbe1.acdc1.caec1.1cd2,-0.1566716730594635,1.0
2/c-da-bd/1dda1.1bbe1.acdc1.caec1.1cd2,0.16467897593975067,-1.0
1/c-da-bb/1dda1.ebbe1.acdc1.caec1.1cde1,0.06059947982430458,1.0
2/c-ca-bb/bdda1.ebbe1.acdc1.caec1.1cde1,0.02581174299120903,-1.0
1/b-ca-bb/bdda1.ebbe1.acdc1.caec1.acde1,0.07323121279478073,1.0
2/b-caab/bdda1.ebbe1.acdcd.caec1.acde1,0.04025929048657417,-1.0
1/a-caab/bdda1.ebbe1.acdcd.caeca.acde1,0.07087499648332596,1.0
2/aaaab/bdda1.ebbeb.acdcd.caeca.acdeb,0.053954966366291046,-1.0
1/aaaaa/bddae.ebbeb.acdcd.caeca.acdeb,-0.1106167882680893,1.0
2/a-eccb/edd2.1bac1.2ae1.2da1.5,-0.17797890305519104,1.0
1/a-ecca/edd2.ebac1.2ae1.2da1.5,0.018799850717186928,-1.0
2/a-edca/edd2.ebac1.1cae1.2da1.5,0.4099046587944031,1.0
1/a-edba/eddd1.ebac1.1cae1.2da1.5,-0.41146937012672424,-1.0
2/b-edba/eddd1.ebac1.acae1.2da1.5,0.3038981258869171,1.0
1/b-edaa/eddd1.ebac1.acae1.1dda1.5,-0.13262313604354858,-1.0
2/b-ddaa/eddd1.ebac1.acae1.1dda1.3b1,0.06878194957971573,1.0
1/b-dbaa/eddd1.ebac1.acae1.1ddac.3bc,0.10749834030866623,-1.0
2/b-cbaa/eddd1.ebac1.acae1.bddac.3bc,-0.11849768459796906,1.0
1/a-cbaa/eddd1.ebac1.acae1.bddac.2abc,-0.026987062767148018,-1.0
2/a-cbab/eddd1.ebac1.acaee.bddac.2abc,-0.33078694343566895,1.0
1/a-cbaa/eddd1.ebac1.acaee.bddac.1eabc,0.011319697834551334,-1.0
2/aabaa/eddd1.ebacb.acaee.bddac.beabc,0.11904473602771759,1.0
1/aaaaa/edddc.ebacb.acaee.bddac.beabc,-0.11543456465005875,-1.0
2/d-ca-cb/be3.dabd1.1bad1.1c3.1e3,0.23078925907611847,1.0
1/d-c-b-cb/be3.dabdc.1bad1.1c3.1e3,-0.016480853781104088,-1.0
2/da-b-cb/beb2.dabdc.1bad1.1cb2.1e3,-0.045376501977443695,1.0
1/ca-b-cb/beb2.dabdc.1bad1.1cb2.1ea2,-0.13785189390182495,-1.0
2/cab-cb/bebc1.dabdc.1badc.1cb2.1ea2,0.20946934819221497,1.0
1/cab-c-b/bebce.dabdc.ebadc.1cb2.1ea2,0.08233257383108139,-1.0
2/caba-b/bebce.dabdc.ebadc.dcbd1.1ea2,0.1698179394006729,1.0
1/aaba-b/bebce.dabdc.ebadc.dcbd1.aeaa1,-0.057625461369752884,-1.0
2/aabaa/bebce.dabdc.ebadc.dcbde.aeaa1,0.11345762759447098,1.0
1/aaaaa/bebce.dabdc.ebadc.dcbde.aeaac,-0.09617430716753006,-1.0
1/b-b-d-bc/5.5.5.5.3e1,0.9995154142379761,-1.0
2/b-b-c-bc/5.5.1c3.5.3e1,-0.9987959265708923,1.0
1/a-b-c-bc/5.5.1ca2.5.3e1,0.9928081035614014,-1.0
2/aa-c-bc/5.5.bca2.5.3e1,-0.9641631245613098,1.0
1/a-b-c-bc/5.5.bca2.3b1.3e1,0.9628151655197144,-1.0
2/a-b-c-bd/5.5.bcae1.3b1.3e1,-0.8937268853187561,1.0
1/-b-b-c-bd/5.5.bcaea.3b1.3e1,0.7633490562438965,-1.0
2/-bb-c-bd/5.bb3.bcaea.3b1.3e1,-0.013773903250694275,1.0
1/-cb-c-bd/5.bba2.bcaea.3b1.3e1,0.04011916369199753,-1.0
2/-cb-ccd/1d3.bba2.bcaea.2dbd.3e1,0.5347421169281006,1.0
1/-cb-ccc/1d3.bbae1.bcaea.2dbd.3e1,-0.43264010548591614,-1.0
2/-bb-ccc/1d3.bbaea.bcaea.2dbd.3e1,0.36939913034439087,1.0
1/-bb-dcc/1dc2.bbaea.bcaea.2dbd.3e1,0.015077286399900913,-1.0
2/-bb-bcc/1dc2.bbaea.bcaea.1cdbd.2ce1,-0.2291083186864853,1.0
1/-bb-bca/edc2.bbaea.bcaea.1cdbd.1ece1,-0.23883962631225586,-1.0
2/-bbaca/edcc1.bbaea.bcaea.1cdbd.1ece1,0.1339392066001892,1.0
1/-bbaaa/edcc1.bbaea.bcaea.dcdbd.1eced,0.09197691828012466,-1.0
2/abaaa/edcca.bbaea.bcaea.dcdbd.1eced,-0.030951278284192085,1.0
1/aaaaa/edcca.bbaea.bcaea.dcdbd.beced,-0.0012674160534515977,-1.0
1/b-bd-c-d/3d1.5.5.5.5,0.9994504451751709,-1.0
2/b-bd-c-c/3d1.2e2.5.5.5,-0.9985089898109436,1.0
1/-b-bd-c-c/3d1.2e2.1a3.1a3.5,0.9899615049362183,-1.0
2/-bbd-c-c/3d1.1be2.ba3.1a3.5,-0.9889642000198364,1.0
1/-bad-c-c/3d1.bbe2.ba3.1a3.5,0.9524505734443665,-1.0
2/-bbd-c-c/3d1.bbe2.ba3.ba3.5,-0.8985719680786133,1.0
1/-bbc-c-c/3d1.bbe2.bac2.ba3.5,0.8008123636245728,-1.0
2/-bbc-c-b/3d1.bbe2.bac2.bae2.5,-0.5366168022155762,1.0
1/-bbc-d-b/3d1.bbed1.bac2.bae2.5,0.5285497903823853,-1.0
2/-bbd-d-b/2cd1.bbed1.bac2.bae2.5,-0.13289442658424377,1.0
1/-bbd-d-c/2cd1.bbede.bac2.bae2.5,0.09699324518442154,-1.0
2/-bbda-c/2cdd.bbede.bacd1.bae2.d4,0.3025965392589569,1.0
1/-bbca-c/2cdd.bbede.bacd1.baec1.d4,-0.0949290320277214,-1.0
2/bbca-c/2cdd.bbede.bacda.baec1.da3,0.07714006304740906,1.0
1/abca-c/2cdd.bbede.bacda.baeca.da3,-0.06248742341995239,-1.0
2/abca-b/2cdd.bbede.bacda.baeca.dae2,0.21423454582691193,1.0
1/abaa-b/1ccdd.bbede.bacda.baeca.daec1,-0.026438675820827484,-1.0
2/abaaa/eccdd.bbede.bacda.baeca.daec1,0.05455543473362923,1.0
1/aaaaa/eccdd.bbede.bacda.baeca.daecb,-0.09667682647705078,-1.0
2/-b-cbd-d/5.4b.5.5.5,-0.9996209144592285,1.0
1/-b-cad-d/5.4b.5.1c3.5,0.9985284209251404,-1.0
2/-b-cad-c/5.4b.4e.1c3.5,-0.9881821870803833,1.0
1/-b-cab-c/5.3db.4e.1c3.1d3,0.9813624620437622,-1.0
2/-b-caba/5.2edb.3ee.1c3.1d3,-0.8813872933387756,1.0
1/-d-caba/3a1.2edb.2aee.1c3.1d3,0.8791357278823853,-1.0
2/-d-caca/3a1.2edb.1daee.1c3.1d3,-0.8680142760276794,1.0
1/-d-daca/2ba1.2edb.1daee.1c3.1d3,0.8602263331413269,-1.0
2/a-daca/2baa.1aedb.1daee.1ca2.1d3,-0.48487862944602966,1.0
1/a-dac-b/2baa.1aedb.edaee.1ca2.1d3,0.30139651894569397,-1.0
2/a-cac-b/2baa.1aedb.edaee.1cab1.1d3,-0.049389779567718506,1.0
1/a-c-bc-b/1cbaa.1aedb.edaee.1cab1.1d3,0.026792453601956367,-1.0
2/a-cbc-b/1cbaa.1aedb.edaee.1cabc.1dc2,0.14548051357269287,1.0
1/a-cbb-b/1cbaa.1aedb.edaee.1cabc.1dcd1,-0.014830036088824272,-1.0
2/aabb-b/1cbaa.baedb.edaee.1cabc.1dcdb,0.1229780912399292,1.0
1/aaab-b/ccbaa.baedb.edaee.1cabc.1dcdb,-0.06017399579286575,-1.0
2/aaaba/ccbaa.baedb.edaee.ecabc.1dcdb,0.10385119915008545,1.0
1/aaaaa/ccbaa.baedb.edaee.ecabc.ddcdb,-0.05333166942000389,-1.0
1/-d-bb-cd/5.5.3d1.5.5,0.9993844032287598,-1.0
2/-d-bc-cd/5.5.3d1.3c1.5,-0.9979726672172546,1.0
1/-d-cc-cd/5.5.3d1.2bc1.5,0.9927364587783813,-1.0
2/-c-cc-cd/5.3a1.3d1.2bc1.5,-0.962871789932251,1.0
1/-c-cc-cc/5.3a1.2ed1.2bc1.5,0.970065712928772,-1.0
2/-c-cd-cc/5.3a1.2ed1.2bc1.3c1,-0.8508646488189697,1.0
1/-c-cd-dc/5.3a1.2ed1.1dbc1.3c1,0.8161588907241821,-1.0
2/-c-cd-dd/5.3a1.2ed1.edbc1.3c1,-0.7078726887702942,1.0
1/-c-dd-dd/5.2ba1.2ed1.edbc1.3c1,0.5916914939880371,-1.0
2/-c-cd-dd/5.2ba1.2ed1.edbcb.3c1,-0.3995812237262726,1.0
1/-c-cd-db/3e1.2ba1.1eed1.edbcb.3c1,0.4235910475254059,-1.0
2/-c-cdab/2de1.2ba1.1eedd.edbcb.2dc1,0.06367085874080658,1.0
1/-d-cdab/2de1.2baa.1eedd.edbcb.2dc1,0.09698964655399323,-1.0
2/-dadab/2deb.2baa.beedd.edbcb.2dc1,-0.007452617399394512,1.0
1/-daaab/2deb.1cbaa.beedd.edbcb.1cdcc,0.1567152589559555,-1.0
2/aaaab/1adeb.acbaa.beedd.edbcb.acdcc,0.0001125654234783724,1.0
1/aaaaa/eadeb.acbaa.beedd.edbcb.acdcc,-0.020735496655106544,-1.0
2/d-d-bcb/5.5.2d2.5.5,0.999611496925354,-1.0
1/d-d-ccb/5.2c2.2d2.5.5,-0.9992834329605103,1.0
2/e-d-ccb/5.1ac2.2d2.5.5,0.9985257983207703,-1.0
1/e-d-cca/5.1ac2.1ed2.5.5,-0.8237999677658081,1.0
2/e-c-cca/5.1ac2.1ed2.1b3.5,0.8429617285728455,-1.0
1/d-c-cca/1a3.1ac2.1ed2.1b3.5,-0.695972204208374,1.0
2/d-c-bca/1a3.1acc1.1ed2.1b3.5,0.7249767780303955,-1.0
1/d-c-bc-c/1a3.1acce.1ede1.1b3.5,-0.35623273253440857,1.0
2/d-cac-c/1a3.1acce.1ede1.1bc2.5,0.101421058177948,-1.0
1/d-dac-c/1a3.1acce.1ede1.1bc2.2b2,-0.2302125245332718,1.0
2/d-dad-c/1a3.1acce.1ede1.1bcd1.2b2,0.04643257334828377,-1.0
1/d-dac-c/1a3.1acce.1ede1.1bcd1.1db2,-0.051418714225292206,1.0
2/d-cac-c/1ab2.1acce.1ede1.1bcd1.1db2,0.09409532696008682,-1.0
1/d-c-bc-c/1abc1.1acce.1ede1.1bcd1.1db2,-0.1749391406774521,1.0
2/d-cac-c/1abc1.1acce.cede1.1bcd1.1db2,0.09305024892091751,-1.0
1/d-cab-c/1abc1.1acce.cede1.1bcd1.1dbd1,0.1005064994096756,1.0
2/d-caba/1abc1.eacce.cedee.1bcd1.1dbd1,-0.01760765351355076,-1.0
1/a-caba/aabc1.eacce.cedee.abcda.1dbd1,0.04200959578156471,1.0
2/aaaba/aabc1.eacce.cedee.abcda.bdbdb,0.11269725859165192,-1.0
1/aaaaa/aabcd.eacce.cedee.abcda.bdbdb,-0.08799276500940323,1.0
2/cddb-d/5.5.2a2.5.5,0.9998866319656372,-1.0
1/cddb-e/5.2e2.2a2.5.5,-0.9762478470802307,1.0
2/cdeb-e/2c2.2e2.2a2.5.5,0.9788358211517334,-1.0
1/cceb-e/2c2.2e2.2a2.2b2.5,-0.9699930548667908,1.0
2/dceb-e/2c2.2e2.2aa1.2b2.5,0.9625765681266785,-1.0
1/dbeb-e/2c2.2eb1.2aa1.2b2.5,-0.9082685112953186,1.0
2/dbeb-d/2c2.2eb1.2aa1.2be1.5,0.9394423365592957,-1.0
1/dbe-b-d/2c2.2eb1.2aa1.1dbed.5,-0.8551148772239685,1.0
2/dce-b-d/2cb1.2eb1.2aa1.1dbed.5,0.8166654109954834,-1.0
1/dcc-b-d/2cb1.2eb1.2aac.cdbed.5,-0.3283544182777405,1.0
2/dcca-d/2cb1.2eb1.1daac.cdbed.5,0.2427264004945755,-1.0
1/bcca-d/2cb1.1aeb1.1daac.cdbed.2a2,0.01778370700776577,1.0
2/bcca-c/2cb1.1aebe.1daac.cdbed.2a2,0.2132970243692398,-1.0
1/baca-c/2cbb.1aebe.bdaac.cdbed.2a2,-0.014389550313353539,1.0
2/baca-b/1ecbb.1aebe.bdaac.cdbed.2a2,0.17979401350021362,-1.0
1/bac-b-b/1ecbb.daebe.bdaac.cdbed.2a2,-0.18448776006698608,1.0
2/bac-ba/eecbb.daebe.bdaac.cdbed.2a2,0.2811110019683838,-1.0
1/aac-ba/eecbb.daebe.bdaac.cdbed.1aa2,-0.2726174592971802,1.0
2/aacaa/eecbb.daebe.bdaac.cdbed.1aad1,0.17588599026203156,-1.0
1/aaaaa/eecbb.daebe.bdaac.cdbed.caadc,-0.11170811206102371,1.0
2/bbc-dd/5.5.c4.5.5,0.9998533129692078,-1.0
1/bbc-ed/5.5.cd3.5.5,-0.9737566709518433,1.0
2/cbc-ed/5.5.cda2.5.5,0.9692727327346802,-1.0
1/cac-ed/5.5.cda2.2b2.5,-0.930677056312561,1.0
2/cac-ee/5.5.cda2.2b2.2e2,0.9044219851493835,-1.0
1/bac-ee/5.2a2.cda2.2b2.2e2,-0.7468058466911316,1.0
2/bac-de/5.2a2.cda2.1db2.2e2,0.7062004804611206,-1.0
1/bac-dc/5.2ae1.cda2.1db2.1ee2,-0.5297443270683289,1.0
2/bad-dc/5.2aec.cda2.1db2.1ee2,0.4893450438976288,-1.0
1/b-cd-dc/5.1baec.cdab1.1db2.1ee2,-0.4185083508491516,1.0
2/bad-dc/5.bbaec.cdabb.1db2.1ee2,0.42554962635040283,-1.0
1/aad-dc/a4.bbaec.cdabb.1db2.1ee2,-0.4406362473964691,1.0
2/aad-bc/ad3.bbaec.cdabb.1dbd1.1ee2,0.5534911751747131,-1.0
1/aad-ba/ade2.bbaec.cdabb.1dbd1.1eee1,-0.41628867387771606,1.0
2/bad-ba/adea1.bbaec.cdabb.1dbd1.1eee1,0.27600881457328796,-1.0
1/baa-ba/adeac.bbaec.cdabb.cdbdc.1eee1,-0.06786023080348969,1.0
2/baaaa/adeac.bbaec.cdabb.cdbdc.1eeed,0.08171438425779343,-1.0
1/aaaaa/adeac.bbaec.cdabb.cdbdc.aeeed,-0.1226474717259407,1.0
2/-dbc-b-b/5.5.1c3.5.5,-0.999756932258606,1.0
1/-dac-b-b/5.5.1cb2.5.5,0.9994485974311829,-1.0
2/-daca-b/5.5.dcb2.5.5,-0.9950116872787476,1.0
1/-d-bca-b/5.5.dcb2.1b3.5,0.9711869359016418,-1.0
2/-dbca-b/5.5.dcbb1.1b3.1b3,-0.02655155397951603,1.0
1/-dbc-b-b/5.1d3.dcbb1.1b3.1b3,-0.5217040181159973,-1.0
2/-dbc-ba/5.1d3.dcbb1.eb3.1b3,-0.08046761155128479,1.0
1/-dac-ba/5.1d3.dcbbb.eb3.1b3,-0.38998985290527344,-1.0
2/-dad-ba/5.1dc2.dcbbb.eb3.1b3,0.4930136799812317,1.0
1/-dac-ba/5.1dc2.dcbbb.eb3.cb3,-0.5695741176605225,-1.0
2/-dacba/5.ddcd1.dcbbb.eb3.cb3,0.5948757529258728,1.0
1/-eacba/5.ddcd1.dcbbb.eba2.cb3,-0.18084879219532013,-1.0
2/-cacba/5.ddcda.dcbbb.ebaa1.cb3,0.0858851969242096,1.0
1/-cacaa/5.ddcda.dcbbb.ebaa1.cbd2,-0.002391128335148096,-1.0
2/aacaa/1a3.ddcda.dcbbb.ebaa1.cbda1,0.13092269003391266,1.0
1/aaca-c/1ae2.ddcda.dcbbb.ebaae.cbda1,0.035065263509750366,-1.0
2/aacaa/1aee1.ddcda.dcbbb.ebaae.cbdae,0.2036966234445572,1.0
1/aaaaa/caeec.ddcda.dcbbb.ebaae.cbdae,-0.13614711165428162,-1.0
1/-db-dda/5.5.1e3.5.5,-0.9989535808563232,1.0
2/-db-ddc/5.5.eee2.5.5,0.9900155067443848,-1.0
1/-db-dcc/5.5.eee2.2d2.5,-0.9777517914772034,1.0
2/-db-ccc/5.5.eee2.2dc1.5,0.9836070537567139,-1.0
1/-da-ccc/5.5.eee2.1bdc1.5,-0.8864606618881226,1.0
2/-dc-ccc/5.5.eeeb1.bbdc1.5,0.8402885794639587,-1.0
1/-ec-ccc/5.2a2.eeeb1.bbdc1.5,-0.6221415996551514,1.0
2/-cc-ccc/5.1aaa1.eeeb1.bbdc1.5,0.63621586561203,-1.0
1/-cc-ccb/1e3.1aaa1.eeeb1.bbdc1.5,-0.3528461456298828,1.0
2/-bc-ccb/1e3.aaaa1.eeeb1.bbdc1.5,0.03470291197299957,-1.0
1/-ba-ccb/beb2.aaaa1.eeeb1.bbdc1.5,-0.33073940873146057,1.0
2/-ba-cdb/bebd1.aaaa1.eeeb1.bbdc1.5,0.1730651557445526,-1.0
1/-ba-ddb/bebd1.aaaa1.eeeb1.bbdc1.1c3,-0.16043196618556976,1.0
2/-baadb/bebd1.aaaac.eeebc.bbdc1.cc3,0.19693225622177124,-1.0
1/-baaab/bebdd.aaaac.eeebc.bbdcd.ccd2,0.017999790608882904,1.0
2/aaaab/bebdd.aaaac.eeebc.bbdcd.ccda1,0.0583672858774662,-1.0
1/aaaaa/bebdd.aaaac.eeebc.bbdcd.ccdae,-0.029473278671503067,1.0
