1/fd-d-b-bc-d/7.7.7.7.3f3.7.7,0.9979010820388794,-1.0
2/fe-d-b-bc-d/7.7.7.3b3.3f3.7.7,-0.9946831464767456,1.0
1/fe-d-b-cc-d/7.7.3e3.3b3.3f3.7.7,0.9505188465118408,-1.0
2/fe-d-b-cd-d/7.7.3ef2.3b3.3f3.7.7,-0.9430472254753113,1.0
1/fe-d-c-cd-d/7.7.3ef2.3b3.3f3.3d3.7,0.8617917895317078,-1.0
2/fe-c-c-cd-d/7.7.2cef2.3b3.3f3.3d3.7,-0.10497567802667618,1.0
1/de-c-c-cd-d/7.3a3.2cef2.3ba2.3f3.3d3.7,-0.211151584982872,-1.0
2/de-c-c-ce-d/7.3a3.2cef2.2fba2.3f3.3d3.7,0.31574928760528564,1.0
1/de-c-c-ce-e/7.3a3.2cef2.2fba2.2gf3.3d3.7,0.047284215688705444,-1.0
2/df-c-c-ce-e/7.2ba3.2cef2.2fba2.2gf3.3d3.7,0.263896107673645,1.0
1/cf-c-c-ce-e/7.2ba3.2cef2.2fba2.2gf3.2ad3.7,-0.5390921235084534,-1.0
2/cf-b-c-ce-e/7.2bac2.2cef2.2fba2.2gf3.2ad3.7,0.10138039290904999,1.0
1/cf-b-c-ce-f/7.2bac2.2cef2.2fba2.2gfg2.2ad3.7,-0.06484494358301163,-1.0
2/cf-b-b-ce-f/7.2bac2.2cef2.2fba2.2gfg2.2ad3.3d3,-0.0033444035798311234,1.0
1/cf-b-b-cd-f/7.1fbac2.2cef2.2fba2.2gfg2.2ad3.3d3,-0.027312226593494415,-1.0
2/cf-b-b-bd-f/7.1fbac2.2cef2.2fba2.2gfge1.2ad3.3d3,-0.16523759067058563,1.0
1/cf-b-b-bb-f/1f5.1fbac2.1fcef2.2fba2.2gfge1.2ad3.3d3,0.03645579516887665,-1.0
2/cf-b-bbb-f/1f5.1fbac2.1fcef2.2fbae1.2gfgee.2ad3.3d3,-0.01959226466715336,1.0
1/cd-b-bbb-f/1fb4.1fbac2.1fcef2.2fbae1.2gfgee.2adb2.3d3,0.3835854232311249,-1.0
2/cdb-bbb-f/1fbc3.1fbac2.1fcefc1.2fbae1.2gfgee.2adb2.3d3,-0.28312042355537415,1.0
1/cda-bbb-f/1fbc3.1fbac2.1fcefc1.1cfbae1.2gfgee.2adb2.3d3,-0.1051502674818039,-1.0
2/cda-bbb-e/1fbc3.1fbac2.1fcefc1.1cfbae1.1ggfgee.2adb2.3d3,0.23782673478126526,1.0
1/caa-bbb-e/1fbc3.1fbac2.1fcefc1.1cfbae1.1ggfgee.1badbb1.2bd3,0.17871880531311035,-1.0
2/caa-bbb-c/1fbc3.1fbacg1.1fcefc1.1cfbae1.1ggfgee.1badbbg.2bd3,0.0804876908659935,1.0
1/baa-bbb-c/1fbca2.1fbacg1.1fcefc1.1cfbae1.1ggfgee.1badbbg.2bd3,-0.04154346510767937,-1.0
2/baabbb-c/1fbca2.1fbacg1.1fcefc1.1cfbaed.1ggfgee.1badbbg.2bdd2,0.17581546306610107,1.0
1/baab-bb-c/1fbca2.1fbacg1.1fcefc1.ecfbaed.1ggfgee.1badbbg.2bdde1,0.011211361736059189,-1.0
2/caab-bb-c/1fbca2.1fbacg1.1fcefca.ecfbaed.1ggfgee.1badbbg.2bdde1,0.09557639807462692,1.0
1/caa-b-bb-c/1fbcad1.1fbacg1.dfcefca.ecfbaed.1ggfgee.1badbbg.2bdde1,0.09256258606910706,-1.0
2/cab-b-bb-c/1fbcad1.1fbacg1.dfcefca.ecfbaed.1ggfgee.1badbbg.2bddec,0.022985273972153664,1.0
1/cab-b-ba-c/1fbcad1.1fbacgf.dfcefca.ecfbaed.1ggfgee.1badbbg.2bddec,0.12156926095485687,-1.0
2/cab-b-baa/1fbcad1.1fbacgf.dfcefca.ecfbaed.gggfgee.1badbbg.1gbddec,0.08266289532184601,1.0
1/bab-b-baa/1fbcad1.1fbacgf.dfcefca.ecfbaed.gggfgee.abadbbg.1gbddec,-0.021966921165585518,-1.0
2/bab-baaa/1fbcade.1fbacgf.dfcefca.ecfbaed.gggfgee.abadbbg.1gbddec,0.019297420978546143,1.0
1/aab-baaa/1fbcade.afbacgf.dfcefca.ecfbaed.gggfgee.abadbbg.1gbddec,-0.08893322199583054,-1.0
2/aabaaaa/1fbcade.afbacgf.dfcefca.ecfbaed.gggfgee.abadbbg.dgbddec,-0.04428835213184357,1.0
1/aaaaaaa/cfbcade.afbacgf.dfcefca.ecfbaed.gggfgee.abadbbg.dgbddec,0.02566775493323803,-1.0
1/-b-c-b-fbf-d/7.7.7.2b4.7.7.7,0.9994179010391235,-1.0
2/-b-c-b-fbg-d/7.7.7.2b4.2f4.7.7,-0.9061316251754761,1.0
1/-b-c-b-fbg-e/7.7.7.2b4.2f4.2g4.7,0.8748241662979126,-1.0
2/-b-c-b-fcg-e/7.7.1e5.2b4.2f4.2g4.7,-0.8392853736877441,1.0
1/-b-c-c-fcg-e/7.3c3.1e5.2b4.2f4.2g4.7,0.7589096426963806,-1.0
2/-b-b-c-fcg-e/7.3c3.1eb4.2b4.2f4.2g4.7,-0.5993562340736389,1.0
1/-b-b-c-fcf-e/7.3cf2.1eb4.2b4.2f4.2g4.7,0.541900634765625,-1.0
2/a-b-c-fcf-e/7.3cf2.1eba3.2b4.2f4.2g4.7,-0.4024154245853424,1.0
1/a-b-c-gcf-e/7.2dcf2.1eba3.2b4.2f4.2g4.7,0.3321409225463867,-1.0
2/a-b-b-gcf-e/7.1cdcf2.1eba3.2b4.2f4.2g4.7,-0.5627681016921997,1.0
1/a-b-c-gcf-e/7.1cdcf2.1eba3.1cb4.2f4.2g4.7,0.7256653904914856,-1.0
2/a-b-c-gdf-e/7.1cdcf2.1eba3.1cb4.1ef4.2g4.7,-0.5930609107017517,1.0
1/a-b-c-gdf-f/7.1cdcf2.1eba3.1cbg3.1ef4.2g4.7,0.6674001812934875,-1.0
2/aa-c-gdf-f/7.1cdcf2.1eba3.1cbg3.1efb3.2g4.7,-0.766391396522522,1.0
1/aa-d-gdf-f/7.1cdcf2.1ebac2.1cbg3.1efb3.2g4.7,0.6911178231239319,-1.0
2/ba-d-gdf-f/7.1cdcfa1.1ebac2.1cbg3.1efb3.2g4.7,-0.85334312915802,1.0
1/aa-d-gdf-f/7.1cdcfa1.1ebac2.1cbg3.1efb3.2ga3.7,0.6859229803085327,-1.0
2/aa-d-fdf-f/7.1cdcfa1.1ebac2.1cbgd2.1efb3.2ga3.7,-0.7934137582778931,1.0
1/a-b-d-fdf-f/7.1cdcfa1.1ebacb1.1cbgd2.1efb3.2ga3.7,0.7566419243812561,-1.0
2/a-b-d-ddf-f/7.1cdcfa1.1ebacb1.dcbgd2.1efb3.2ga3.3d3,-0.4611509144306183,1.0
1/a-b-d-dde-f/7.1cdcfa1.1ebacb1.dcbgdf1.1efb3.2ga3.3d3,0.4283562898635864,-1.0
2/a-b-d-dde-d/7.1cdcfa1.1ebacb1.dcbgdf1.1efbg2.1gga3.3d3,-0.3060823678970337,1.0
1/a-b-d-dce-d/7.1cdcfa1.1ebacb1.dcbgdf1.1efbge1.1gga3.3d3,0.37615126371383667,-1.0
2/c-b-d-dce-d/7.1cdcfaa.1ebacb1.dcbgdf1.1efbge1.1ggaa2.3d3,-0.21597157418727875,1.0
1/c-c-d-dce-d/7.1cdcfaa.bebacb1.dcbgdf1.1efbge1.1ggaa2.3d3,0.006638840306550264,-1.0
2/c-c-d-dcea/1g5.1cdcfaa.bebacb1.dcbgdf1.gefbge1.1ggaa2.3dg2,-0.04570135846734047,1.0
1/c-c-d-daea/1g5.1cdcfaa.bebacb1.dcbgdf1.gefbge1.eggaae1.3dg2,-0.21760773658752441,-1.0
2/c-c-d-caea/1g5.1cdcfaa.bebacbd.dcbgdf1.gefbge1.eggaae1.3dg2,0.11008202284574509,1.0
1/c-c-d-cada/1g5.1cdcfaa.bebacbd.dcbgdf1.gefbge1.eggaae1.3dgf1,-0.011019650846719742,-1.0
2/c-ca-cada/1gc4.ccdcfaa.bebacbd.dcbgdf1.gefbge1.eggaae1.2cdgf1,0.14020706713199615,1.0
1/b-ca-cada/1gca3.ccdcfaa.bebacbd.dcbgdf1.gefbge1.eggaae1.2cdgf1,-0.3478021025657654,-1.0
2/b-ca-cbda/1gca3.ccdcfaa.bebacbd.dcbgdfe.gefbge1.eggaae1.2cdgf1,0.19968478381633759,1.0
1/b-ca-cada/1gcae2.ccdcfaa.bebacbd.dcbgdfe.gefbge1.eggaae1.2cdgf1,-0.22757329046726227,-1.0
2/b-ca-bada/1gcae2.ccdcfaa.bebacbd.dcbgdfe.gefbged.eggaae1.2cdgf1,0.23721475899219513,1.0
1/b-ca-baca/1gcaef1.ccdcfaa.bebacbd.dcbgdfe.gefbged.eggaae1.2cdgf1,-0.2054663747549057,-1.0
2/b-ba-baca/1gcaef1.ccdcfaa.bebacbd.dcbgdfe.gefbged.eggaaeb.2cdgf1,0.05924028903245926,1.0
1/a-ba-baca/1gcaefa.ccdcfaa.bebacbd.dcbgdfe.gefbged.eggaaeb.2cdgf1,-0.051983416080474854,-1.0
2/aaa-baca/1gcaefa.ccdcfaa.bebacbd.dcbgdfe.gefbged.eggaaeb.1bcdgf1,-0.01142864115536213,1.0
1/aaa-baba/1gcaefa.ccdcfaa.bebacbd.dcbgdfe.gefbged.eggaaeb.1bcdgff,-0.08865640312433243,-1.0
2/aaaaaba/dgcaefa.ccdcfaa.bebacbd.dcbgdfe.gefbged.eggaaeb.1bcdgff,-0.05549437180161476,1.0
1/aaaaaaa/dgcaefa.ccdcfaa.bebacbd.dcbgdfe.gefbged.eggaaeb.fbcdgff,0.023436713963747025,-1.0
1/d-cbb-b-bb/7.7.7.3b3.7.7.7,-0.9991538524627686,1.0
2/d-cbc-b-bb/7.7.7.2db3.7.7.7,0.9963465929031372,-1.0
1/d-cbc-b-cb/7.7.7.1fdb3.7.7.7,-0.9882420897483826,1.0
2/dabc-b-cb/7.7.7.1fdb3.2bb3.7.7,0.9579426646232605,-1.0
1/cabc-b-cb/7.5a1.7.1fdb3.2bb3.7.7,-0.979133665561676,1.0
2/cacc-b-cb/7.5a1.7.1fdb3.2bb3.3c3.7,0.9591553211212158,-1.0
1/cacc-b-c-b/7.5a1.3gg2.1fdb3.2bb3.3c3.7,-0.8068740367889404,1.0
2/cacc-b-cb/7.5a1.2gggg1.1fdb3.2bb3.3c3.7,0.7247766256332397,-1.0
1/cabc-b-cb/7.5a1.2gggg1.1fdb3.2bb3.3c3.3c3,-0.7550883293151855,1.0
2/cacc-b-cb/7.5a1.2gggg1.1fdb3.1cbb3.3c3.3c3,0.4777803421020508,-1.0
1/cacc-b-db/7.4fa1.2gggg1.1fdb3.1cbb3.3c3.3c3,-0.7340086102485657,1.0
2/cacca-db/7.3efa1.2gggg1.1fdb3.1cbb3.3c3.3c3,0.6580005288124084,-1.0
1/cabca-db/7.3efa1.2gggg1.1fdbc2.1cbb3.3c3.3c3,-0.6371569633483887,1.0
2/cabda-db/7.3efa1.1dgggg1.1fdbc2.1cbb3.3c3.3c3,0.4531536102294922,-1.0
1/babda-db/7.3efa1.1dgggg1.1fdbca1.1cbb3.3c3.3c3,-0.6562108397483826,1.0
2/cabda-db/7.3efa1.1dgggg1.1fdbca1.1cbba2.3c3.3c3,0.4662282168865204,-1.0
1/cabd-c-db/3e3.3efa1.1dgggg1.1fdbca1.1cbba2.2ec3.3c3,-0.5372010469436646,1.0
2/cbbd-c-db/3e3.3efa1.1dgggg1.1fdbcab.1cbba2.2ec3.3c3,0.4413747787475586,-1.0
1/bbbd-c-db/3e3.2aefa1.1dgggg1.1fdbcab.1cbba2.2ec3.3c3,-0.43511438369750977,1.0
2/bbbd-c-dc/2ge3.2aefa1.1dgggg1.1fdbcab.1cbba2.2ec3.3c3,0.414143830537796,-1.0
1/bbbb-c-dc/2ged2.1daefa1.1dgggg1.1fdbcab.1cbba2.2ec3.3c3,-0.5426967144012451,1.0
2/bbbb-c-cc/2ged2.1daefa1.1dgggg1.ffdbcab.1cbba2.2ec3.3c3,0.5001343488693237,-1.0
1/b-bbb-c-cc/1bgedb1.1daefa1.1dgggg1.ffdbcab.1cbba2.2ec3.3c3,-0.3567291498184204,1.0
2/b-bbb-c-bc/1bgedb1.1daefa1.1dgggg1.ffdbcab.1cbba2.2ecf2.3c3,0.11892757564783096,-1.0
1/b-bb-b-c-bc/1bgedb1.1daefa1.1dgggg1.ffdbcab.1cbbad1.2ecf2.3cd2,0.005971530918031931,1.0
2/bab-b-c-bc/1bgedb1.1daefa1.1dgggg1.ffdbcab.1cbbad1.1becf2.3cd2,-0.23668818175792694,-1.0
1/bab-b-d-bc/1bgedb1.1daefa1.1dgggg1.ffdbcab.ecbbad1.1becf2.3cd2,-0.07270897924900055,1.0
2/bab-ba-bc/1bgedb1.1daefa1.edgggge.ffdbcab.ecbbad1.ebecf2.3cd2,0.16286171972751617,-1.0
1/-bab-ba-bc/1bgedb1.1daefaa.edgggge.ffdbcab.ecbbada.ebecf2.3cd2,0.09933342784643173,1.0
2/aab-ba-bc/1bgedb1.adaefaa.edgggge.ffdbcab.ecbbada.ebecf2.3cd2,0.04592042788863182,-1.0
1/aaa-ba-bc/1bgedbc.adaefaa.edgggge.ffdbcab.ecbbada.ebecf2.3cd2,-0.008626214228570461,1.0
2/aaa-babc/fbgedbc.adaefaa.edgggge.ffdbcab.ecbbada.ebecf2.2fcd2,0.09397847950458527,-1.0
1/aaa-baac/fbgedbc.adaefaa.edgggge.ffdbcab.ecbbada.ebecf2.1ffcd2,-0.05276751518249512,1.0
2/aaaaaac/fbgedbc.adaefaa.edgggge.ffdbcab.ecbbada.ebecfd1.1ffcd2,0.10629075020551682,-1.0
1/aa-baaac/fbgedbc.adaefaa.edgggge.ffdbcab.ecbbada.ebecfdc.1ffcd2,0.021419815719127655,1.0
2/aaaaaac/fbgedbc.adaefaa.edgggge.ffdbcab.ecbbada.ebecfdc.1ffcdc1,0.023987283930182457,-1.0
1/aaaaaaa/fbgedbc.adaefaa.edgggge.ffdbcab.ecbbada.ebecfdc.gffcdcg,0.02572689764201641,1.0
1/b-bc-dbdb/7.7.7.4c2.7.7.7,-0.9990630745887756,1.0
2/c-bc-dbdb/7.7.4a2.4c2.7.7.7,0.9946361184120178,-1.0
1/b-bc-dbdb/7.3a3.4a2.4c2.7.7.7,-0.9709938764572144,1.0
2/b-bc-dbdc/7.3a3.3ga2.4c2.7.7.7,0.9458133578300476,-1.0
1/b-bc-dbbc/7.2faf2.3ga2.4c2.7.7.7,-0.9611281156539917,1.0
2/bac-dbbc/7.2faf2.2bga2.4c2.7.7.7,0.9745029211044312,-1.0
1/bac-dbac/2f4.2faf2.2bga2.4c2.7.7.7,-0.9886573553085327,1.0
2/bbc-dbac/2f4.2faf2.2bga2.3bc2.7.7.7,0.9614992141723633,-1.0
1/bbc-dba-b/2fg3.2faf2.2bga2.3bc2.3gg2.7.7,-0.7336938381195068,1.0
2/bbc-dbab/2fg3.2faf2.2bga2.2gbc2.3ggg1.7.7,0.8318796753883362,-1.0
1/bac-dbab/2fg3.2faf2.2bga2.2gbc2.3ggg1.4b2.7,-0.6957451105117798,1.0
2/bbc-dbab/2fg3.1bfaf2.2bga2.2gbc2.3ggg1.4b2.7,0.6462278962135315,-1.0
1/bbb-dbab/2fg3.1bfaf2.2bga2.2gbc2.2cggg1.4b2.7,-0.5910412669181824,1.0
2/bbb-cbab/2fg3.1bfaf2.1dbga2.2gbc2.2cggg1.4b2.7,0.5555529594421387,-1.0
1/-bbb-cbab/1afga2.1bfaf2.1dbga2.2gbc2.2cggg1.4b2.7,-0.3601193130016327,1.0
2/-bbb-cbcb/1afga2.1bfaf2.1dbga2.1fgbc2.2cggg1.3fb2.7,0.3683626353740692,-1.0
1/-bbb-cbab/1afga2.1bfaf2.1dbga2.ffgbc2.2cggg1.2ffb2.7,-0.2779085040092468,1.0
2/-bbb-ccab/1afga2.1bfaf2.1dbga2.ffgbce1.2cggg1.2ffb2.7,0.3970749080181122,-1.0
1/-bbb-cbab/1afga2.1bfaf2.1dbgae1.ffgbce1.2cggg1.2ffb2.7,-0.2851977050304413,1.0
2/-bbc-cbab/1afga2.1bfafc1.1dbgae1.ffgbce1.2cggg1.2ffb2.7,0.35255172848701477,-1.0
1/-bbc-c-bab/1afgae1.1bfafc1.1dbgae1.ffgbce1.1ecggg1.2ffb2.7,-0.07390770316123962,1.0
2/-bbc-caab/1afgae1.1bfafc1.1dbgae1.ffgbce1.1ecggg1.2ffbe1.7,0.16598279774188995,-1.0
1/-bba-caab/1afgae1.1bfafc1.1dbgae1.ffgbce1.cecggg1.2ffbe1.4c2,0.09192068874835968,1.0
2/-bba-baab/1afgae1.1bfafc1.ddbgae1.ffgbce1.cecggg1.2ffbe1.4c2,0.026184476912021637,-1.0
1/-bba-b-bab/1afgae1.1bfafc1.ddbgae1.ffgbce1.cecggg1.2ffbe1.4ce1,0.10292155295610428,1.0
2/-bbb-b-bab/1afgae1.1bfafc1.ddbgae1.ffgbce1.cecggg1.2ffbe1.3cce1,-0.028590118512511253,-1.0
1/-bba-b-bab/1afgae1.1bfafc1.ddbgae1.ffgbce1.cecggg1.2ffbe1.2ccce1,0.08885668963193893,1.0
2/bba-b-bab/1afgae1.1bfafc1.ddbgae1.ffgbcea.cecggga.2ffbe1.2ccce1,0.1045142412185669,-1.0
1/b-ba-b-bab/1afgae1.1bfafc1.ddbgae1.ffgbcea.cecggga.1bffbeb.2ccce1,0.12576931715011597,1.0
2/baa-b-bab/1afgae1.1bfafc1.ddbgae1.ffgbcea.cecggga.1bffbeb.2ccceb,0.0561351478099823,-1.0
1/baa-d-bab/1afgae1.1bfafc1.ddbgaed.ffgbcea.cecggga.1bffbeb.1dccceb,0.19389739632606506,1.0
2/baaa-bab/1afgae1.dbfafcd.ddbgaed.ffgbcea.cecggga.dbffbeb.1dccceb,0.0551970936357975,-1.0
1/aaaa-bab/1afgae1.dbfafcd.ddbgaed.ffgbcea.cecggga.dbffbeb.adccceb,-0.03115396574139595,1.0
2/aaaaaab/1afgaee.dbfafcd.ddbgaed.ffgbcea.cecggga.dbffbeb.adccceb,0.002231488935649395,-1.0
1/aaaaaaa/gafgaee.dbfafcd.ddbgaed.ffgbcea.cecggga.dbffbeb.adccceb,0.0028153182938694954,1.0
2/bg-fbb-b-f/7.7.4cf1.3bg2.3gf2.3c3.7,-0.6441978812217712,1.0
1/bg-fba-b-f/7.7.3ecf1.3bg2.3gf2.3c3.7,0.31823766231536865,-1.0
2/bg-fba-b-e/7.7.2gecf1.3bg2.3gf2.3c3.7,-0.2552119791507721,1.0
1/bf-fba-b-e/7.3b3.2gecf1.3bg2.3gf2.3c3.7,0.3690918982028961,-1.0
2/bf-fba-b-c/7.3b3.2gecfg.3bgg1.3gf2.3c3.7,-0.3445531129837036,1.0
1/bf-fba-d-c/7.3b3.2gecfg.2fbgg1.3gff1.3c3.7,0.25892648100852966,-1.0
2/bf-fca-d-c/7.3b3.2gecfg.1dfbgg1.3gff1.3c3.7,0.008027907460927963,1.0
1/bd-fca-d-c/7.3b3.1bgecfg.1dfbgg1.3gff1.3cb2.7,0.23901192843914032,-1.0
2/bd-fca-d-b/7.2gb3.1bgecfg.1dfbgg1.3gff1.3cb2.7,-0.5992908477783203,1.0
1/bd-fba-d-b/2d4.2gb3.1bgecfg.1dfbgg1.3gff1.3cb2.7,0.44394931197166443,-1.0
2/bd-fba-da/2d4.2gb3.1bgecfg.1dfbgg1.3gff1.3cbg1.7,-0.3340453505516052,1.0
1/-bd-fba-da/2d4.1agba2.1bgecfg.1dfbgg1.3gff1.3cbg1.7,0.3984270989894867,-1.0
2/-bd-fba-ba/2df3.1agba2.1bgecfg.1dfbgg1.3gff1.3cbg1.5f1,-0.5386161804199219,1.0
1/-bd-fb-b-ba/2df3.1agba2.1bgecfg.edfbgg1.3gff1.3cbg1.5f1,0.6279736757278442,-1.0
2/ad-fb-b-ba/2df3.1agba2.1bgecfg.edfbgga.3gff1.3cbg1.5f1,-0.6535107493400574,1.0
1/ac-fb-b-ba/2df3.1agba2.1bgecfg.edfbgga.2bgff1.3cbg1.5f1,0.6788685321807861,-1.0
2/ac-fd-b-ba/2df3.1agba2.1bgecfg.edfbgga.2bgffd.3cbg1.4df1,-0.6577639579772949,1.0
1/-bc-fd-b-ba/2df3.1agba2.1bgecfg.edfbgga.2bgffd.3cbga.4df1,0.6633490920066833,-1.0
2/-bc-fdc-ba/1edfe2.1agba2.1bgecfg.edfbgga.1ebgffd.3cbga.4df1,-0.46686458587646484,1.0
1/-bc-fda-ba/1edfe2.1agba2.ebgecfg.edfbgga.eebgffd.3cbga.4df1,0.5043159127235413,-1.0
2/-bc-dda-ba/1edfe2.cagba2.ebgecfg.edfbgga.eebgffd.3cbga.3cdf1,-0.16365410387516022,1.0
1/-bc-dca-ba/1edfe2.cagbad1.ebgecfg.edfbgga.eebgffd.3cbga.3cdf1,0.2624060809612274,-1.0
2/-bc-dcaaa/1edfe2.cagbad1.ebgecfg.edfbgga.eebgffd.2fcbga.3cdf1,-0.2816399335861206,1.0
1/-bc-daaaa/dedfe2.cagbad1.ebgecfg.edfbgga.eebgffd.2fcbga.3cdfd,0.25922733545303345,-1.0
2/-bcaaaaa/dedfec1.cagbadc.ebgecfg.edfbgga.eebgffd.2fcbga.2ccdfd,-0.009890276938676834,1.0
1/-baaaaaa/dedfecb.cagbadc.ebgecfg.edfbgga.eebgffd.1bfcbga.2ccdfd,0.00973227247595787,-1.0
2/baaaaaa/dedfecb.cagbadc.ebgecfg.edfbgga.eebgffd.abfcbga.1accdfd,-0.015116412192583084,1.0
1/aaaaaaa/dedfecb.cagbadc.ebgecfg.edfbgga.eebgffd.abfcbga.aaccdfd,-0.013767764903604984,-1.0
2/d-d-bbc-d-b/7.7.4e2.7.7.7.7,-0.9992438554763794,1.0
1/d-d-bbc-e-b/7.4f2.4e2.7.7.7.7,0.9981584548950195,-1.0
2/d-d-bcc-e-b/4d2.4f2.4e2.7.7.7.7,-0.9968942999839783,1.0
1/c-d-bcc-e-b/4d2.4f2.4e2.3a3.7.7.7,0.9878166913986206,-1.0
2/c-d-bcd-e-b/4d2.4f2.4e2.3ae2.7.7.7,-0.955765962600708,1.0
1/c-d-bcc-e-b/4d2.4f2.4e2.2eae2.7.7.7,0.9145929217338562,-1.0
2/c-d-bcc-c-b/4d2.4f2.4e2.1feae2.4f2.7.7,-0.7616795301437378,1.0
1/b-d-bcc-c-b/4d2.4f2.3ae2.1feae2.4f2.7.7,0.7198984622955322,-1.0
2/b-d-bdc-c-b/4d2.4f2.3ae2.1feae2.4f2.4d2.7,-0.6835072040557861,1.0
1/b-e-bdc-c-b/4d2.3bf2.3ae2.1feae2.4f2.4d2.7,0.6544686555862427,-1.0
2/b-eadc-c-b/4d2.3bf2.3ae2.1feae2.3cf2.4d2.7,-0.38348910212516785,1.0
1/-b-eadc-c-b/3ad2.3bf2.3ae2.1feae2.2acf2.4d2.7,0.5111199617385864,-1.0
2/-b-ebdc-c-b/3ad2.3bf2.3aec1.1feae2.2acf2.4d2.7,-0.524043619632721,1.0
1/-b-ebda-c-b/3ad2.3bf2.3aec1.1feaee1.1eacf2.4d2.7,0.675610363483429,-1.0
2/-b-dbda-c-b/3ad2.3bf2.3aec1.1feaee1.1eacfb1.4d2.7,-0.6385423541069031,1.0
1/-b-ebda-c-b/3ad2.3bf2.3aec1.1feaee1.1eacfb1.3bd2.7,0.72198486328125,-1.0
2/-b-ebda-cc/3ad2.3bf2.2gaec1.gfeaee1.1eacfb1.3bdg1.7,-0.49767065048217773,1.0
1/-b-ebda-cb/3ad2.2gbf2.2gaec1.gfeaee1.1eacfb1.3bdg1.7,0.11866962909698486,-1.0
2/-b-ebdaab/2fad2.2gbff1.2gaec1.gfeaee1.1eacfb1.3bdg1.7,-0.3829241991043091,1.0
1/-c-ebdaab/2fada1.2gbff1.2gaec1.gfeaee1.1eacfb1.3bdg1.7,0.04298035800457001,-1.0
2/-c-ebeaab/2fada1.2gbff1.1dgaec1.gfeaee1.1eacfb1.3bdg1.7,0.2190045416355133,1.0
1/-c-ebdaab/2fada1.2gbff1.1dgaec1.gfeaee1.1eacfb1.2dbdg1.7,-0.17567870020866394,-1.0
2/-c-dbdaab/2fada1.2gbff1.1dgaec1.gfeaee1.beacfb1.2dbdg1.7,0.08912254869937897,1.0
1/-c-dbcaab/2fada1.2gbff1.ddgaec1.gfeaee1.beacfb1.2dbdg1.7,-0.14173072576522827,-1.0
2/-c-ddcaab/2fada1.1cgbff1.ddgaec1.gfeaee1.beacfb1.1cdbdg1.7,0.04228193685412407,1.0
1/-c-ddcaaa/2fada1.1cgbff1.ddgaec1.gfeaee1.beacfb1.1cdbdg1.4g2,-0.06049905717372894,-1.0
2/-c-bdcaaa/2fada1.1cgbff1.ddgaec1.gfeaee1.beacfb1.bcdbdg1.4gb1,0.16178849339485168,1.0
1/-c-bdcaa-b/2fada1.1cgbffg.ddgaec1.gfeaee1.beacfb1.bcdbdg1.4gb1,-0.16318300366401672,-1.0
2/a-bdcaa-b/2fadaa.1cgbffg.ddgaeca.gfeaee1.beacfb1.bcdbdg1.4gb1,0.19379906356334686,1.0
1/a-bdaaa-b/2fadaa.dcgbffg.ddgaeca.gfeaeed.beacfb1.bcdbdg1.4gb1,-0.4061887860298157,-1.0
2/aadaaa-b/2fadaa.dcgbffg.ddgaeca.gfeaeed.beacfb1.bcdbdg1.3bgb1,0.3624159097671509,1.0
1/aadaa-b-b/2fadaa.dcgbffg.ddgaeca.gfeaeed.beacfb1.bcdbdg1.2fbgb1,-0.3522438704967499,-1.0
2/aadaa-ba/2fadaa.dcgbffg.ddgaeca.gfeaeed.beacfbg.bcdbdg1.2fbgb1,0.2983885705471039,1.0
1/aacaa-ba/2fadaa.dcgbffg.ddgaeca.gfeaeed.beacfbg.bcdbdg1.1cfbgb1,-0.16280195116996765,-1.0
2/aacaaaa/2fadaa.dcgbffg.ddgaeca.gfeaeed.beacfbg.bcdbdg1.fcfbgb1,0.06619513779878616,1.0
1/aaaaaaa/1cfadaa.dcgbffg.ddgaeca.gfeaeed.beacfbg.bcdbdgc.fcfbgb1,-0.05790853500366211,-1.0
2/aaaabaa/1cfadaa.dcgbffg.ddgaeca.gfeaeed.beacfbg.bcdbdgc.fcfbgbe,-0.030972160398960114,1.0
1/aaaaaaa/ecfadaa.dcgbffg.ddgaeca.gfeaeed.beacfbg.bcdbdgc.fcfbgbe,0.011293084360659122,-1.0
1/-e-d-db-dfd/7.7.7.3a3.7.7.7,0.9972074627876282,-1.0
2/-e-c-db-dfd/7.7.7.3a3.2b4.7.7,-0.9846017360687256,1.0
1/-e-c-db-ded/7.7.7.2fa3.2b4.7.7,0.9779067039489746,-1.0
2/-d-c-db-ded/7.7.3a3.2fa3.2b4.7.7,-0.9104574918746948,1.0
1/-d-c-da-ded/7.7.3a3.2fad2.2b4.7.7,0.9346029162406921,-1.0
2/-d-c-ca-ded/7.7.2ca3.2fad2.2b4.7.7,-0.8906850218772888,1.0
1/-d-c-ca-dec/7.7.2cag2.2fad2.2b4.7.7,0.8001317977905273,-1.0
2/-d-c-ca-dfc/7.7.2cag2.2fad2.2bf3.7.7,-0.5305536389350891,1.0
1/-d-c-ca-efc/7.1e5.2cag2.2fad2.2bf3.7.7,-0.3556143343448639,-1.0
2/-c-c-ca-efc/7.1e5.2cag2.2fad2.2bfa2.7.7,-0.28572773933410645,1.0
1/-c-c-ca-eec/7.1e5.1fcag2.2fad2.2bfa2.7.7,0.36506888270378113,-1.0
2/-ca-ca-eec/7.1e5.1fcag2.1bfad2.2bfab1.7.7,0.03298861160874367,1.0
1/-ca-da-eec/7.1e5.1fcag2.1bfad2.1cbfab1.7.7,-0.18346785008907318,-1.0
2/aa-da-eec/7.1ea4.1fcag2.1bfad2.1cbfab1.5a1.7,0.346231073141098,1.0
1/a-b-da-eec/7.1eab3.1fcag2.1bfad2.1cbfab1.5a1.7,-0.32667338848114014,-1.0
2/b-b-da-eec/7.1eaba2.1fcag2.1bfad2.1cbfab1.5a1.7,0.2199517786502838,1.0
1/b-b-ea-eec/7.1eaba2.1fcag2.1bfad2.1cbfab1.4ca1.7,0.1327459067106247,-1.0
2/b-b-eb-eec/7.1eaba2.1fcag2.1bfadd1.1cbfab1.4ca1.7,-0.08080632239580154,1.0
1/b-b-e-b-eec/2d4.1eaba2.1fcag2.1bfadd1.1cbfab1.3dca1.7,0.4450785219669342,-1.0
2/b-b-ea-eec/2d4.1eaba2.1fcag2.1bfadd1.1cbfab1.3dca1.3d3,-0.4301440715789795,1.0
1/b-b-e-b-eec/2d4.1eaba2.1fcag2.dbfadd1.1cbfab1.3dca1.3d3,0.33105000853538513,-1.0
2/b-b-c-b-eec/2d4.1eaba2.1fcagc1.dbfadd1.1cbfab1.2cdca1.3d3,-0.20147576928138733,1.0
1/b-b-c-b-eea/2d4.1eaba2.gfcagc1.dbfadd1.gcbfab1.2cdca1.3d3,0.06242566183209419,-1.0
2/bb-c-b-eea/2d4.beaba2.gfcagc1.dbfadd1.gcbfab1.2cdca1.2bd3,0.03921198099851608,1.0
1/bb-c-b-eca/2df3.beaba2.gfcagc1.dbfadd1.gcbfab1.1fcdca1.2bd3,0.4610069990158081,-1.0
2/bb-c-b-ecc/2df3.beabag1.gfcagc1.dbfadd1.gcbfab1.1fcdca1.1gbd3,-0.4571707248687744,1.0
1/bb-c-b-eac/1fdf3.beabagf.gfcagc1.dbfadd1.gcbfab1.1fcdca1.1gbd3,0.3985399305820465,-1.0
2/bb-ca-eac/1fdfd2.beabagf.gfcagc1.dbfadd1.gcbfab1.1fcdca1.1gbd3,-0.28215518593788147,1.0
1/bb-ca-eab/1fdfd2.beabagf.gfcagcg.dbfadd1.gcbfab1.1fcdca1.1gbd3,0.4416745901107788,-1.0
2/bbaa-eab/1fdfdc1.beabagf.gfcagcg.dbfadd1.gcbfab1.1fcdca1.1gbdc2,-0.3538864552974701,1.0
1/abaa-eab/1fdfdc1.beabagf.gfcagcg.dbfadda.gcbfab1.1fcdca1.1gbdc2,0.31749117374420166,-1.0
2/abaa-cab/1fdfdc1.beabagf.gfcagcg.dbfadda.gcbfabe.efcdca1.1gbdc2,0.0011611573863774538,1.0
1/abaa-caa/1fdfdc1.beabagf.gfcagcg.dbfadda.gcbfabe.efcdca1.ggbdc2,0.009599931538105011,-1.0
2/abaaaaa/1fdfdce.beabagf.gfcagcg.dbfadda.gcbfabe.efcdcae.ggbdc2,0.028053754940629005,1.0
1/aaaaaaa/1fdfdce.beabagf.gfcagcg.dbfadda.gcbfabe.efcdcae.ggbdcb1,0.05616733059287071,-1.0
2/aaaabaa/efdfdce.beabagf.gfcagcg.dbfadda.gcbfabe.efcdcae.ggbdcb1,0.08127257227897644,1.0
1/aaaaaaa/efdfdce.beabagf.gfcagcg.dbfadda.gcbfabe.efcdcae.ggbdcbe,-0.08994978666305542,-1.0
2/bb-b-gcf-e/7.7.2b4.2gbd2.2e4.7.7,-0.8189386129379272,1.0
1/-bb-b-gcf-e/7.7.2ba3.2gbda1.2e4.7.7,0.9489700198173523,-1.0
2/-bb-b-ecf-e/7.7.2bad2.2gbda1.2e4.2d4.7,-0.9251418113708496,1.0
1/-bb-b-ece-e/7.7.2bad2.2gbda1.2ef3.2d4.7,0.7636805176734924,-1.0
2/-bb-b-ede-e/7.7.2bad2.1egbda1.2ef3.2d4.7,-0.7529096603393555,1.0
1/-bb-b-edd-e/7.4f2.2bad2.1egbda1.2ef3.2d4.7,0.7293493747711182,-1.0
2/-bb-b-eed-e/7.4f2.2bade1.1egbda1.2ef3.2d4.7,-0.5869507193565369,1.0
1/-cb-b-eed-e/7.4f2.2bade1.1egbda1.2ef3.2da3.7,0.40450742840766907,-1.0
2/-cbc-eed-e/7.3cfc1.2bade1.1egbda1.1cef3.2da3.7,0.18838940560817719,1.0
1/-cbc-eed-f/7.3cfc1.2bade1.gegbda1.1cef3.2da3.7,0.07841992378234863,-1.0
2/-bbc-eed-f/7.3cfc1.2bade1.gegbda1.1cef3.1ada3.7,-0.4005853235721588,1.0
1/-bbc-eeb-f/7.3cfc1.1fbade1.gegbda1.1ceff2.1ada3.7,0.16491226851940155,-1.0
2/-bbc-eeb-d/7.3cfc1.1fbade1.gegbda1.gceffg1.1ada3.7,0.12731888890266418,1.0
1/-bbc-ecb-d/7.3cfc1.1fbadee.gegbdae.gceffg1.1ada3.7,0.034092456102371216,-1.0
2/-bdc-ecb-d/3b3.3cfc1.1fbadee.gegbdae.gceffg1.bada3.7,-0.046433787792921066,1.0
1/-bdc-ebb-d/3b3.2ecfc1.1fbadee.gegbdae.gceffg1.bada3.7,-0.1291181594133377,-1.0
2/-bdc-bbb-d/2db3.2ecfc1.dfbadee.gegbdae.gceffg1.badad2.7,0.11356469243764877,1.0
1/-bdb-bbb-d/2db3.2ecfc1.dfbadee.gegbdae.gceffg1.badad2.1c5,-0.2887999713420868,-1.0
2/-bdc-bbb-d/2db3.2ecfc1.dfbadee.gegbdae.gceffg1.badadc1.1c5,-0.07290230691432953,1.0
1/-bdc-bba-d/2dbf2.2ecfc1.dfbadee.gegbdae.gceffg1.badadc1.1c5,-0.15154723823070526,-1.0
2/-bdc-bbb-d/2dbf2.2ecfc1.dfbadee.gegbdae.gceffg1.badadc1.fc5,0.1195070818066597,1.0
1/-bbc-bbb-d/2dbfb1.2ecfc1.dfbadee.gegbdae.gceffgb.badadc1.fc5,0.07100154459476471,-1.0
2/abc-bbb-d/2dbfb1.2ecfc1.dfbadee.gegbdae.gceffgb.badadc1.fca4,-0.02135036513209343,1.0
1/abc-bba-d/2dbfb1.2ecfcf.dfbadee.gegbdae.gceffgb.badadc1.fca4,0.05053291097283363,-1.0
2/bbc-bba-d/2dbfba.2ecfcf.dfbadee.gegbdae.gceffgb.badadc1.fca4,-0.06219092011451721,1.0
1/bbc-baa-d/2dbfba.1eecfcf.dfbadee.gegbdae.gceffgb.badadc1.fca4,0.011989578604698181,-1.0
2/bbc-baa-b/2dbfba.geecfcf.dfbadee.gegbdae.gceffgb.badadc1.fcag3,0.0957002192735672,1.0
1/abc-baa-b/2dbfba.geecfcf.dfbadee.gegbdae.gceffgb.badadc1.fcaga2,-0.13038845360279083,-1.0
2/abcaaa-b/2dbfba.geecfcf.dfbadee.gegbdae.gceffgb.badadc1.fcagad1,0.04597581550478935,1.0
1/abaaaa-b/1cdbfba.geecfcf.dfbadee.gegbdae.gceffgb.badadcc.fcagad1,-0.05331038311123848,-1.0
2/abaaaaa/1cdbfba.geecfcf.dfbadee.gegbdae.gceffgb.badadcc.fcagadg,-0.07095322757959366,1.0
1/aaaaaaa/bcdbfba.geecfcf.dfbadee.gegbdae.gceffgb.badadcc.fcagadg,0.050242308527231216,-1.0
1/f-d-dfb-eb/7.7.7.7.7.3f3.7,-0.9995468258857727,1.0
2/f-d-cfb-eb/7.7.7.7.7.2cf3.7,0.9912710189819336,-1.0
1/f-d-cfa-eb/7.7.7.7.2e4.2cf3.7,-0.9359809756278992,1.0
2/f-d-cga-eb/7.7.7.7.2ed3.2cf3.7,0.8359615802764893,-1.0
1/f-d-cfa-eb/7.7.7.7.2edd2.2cf3.7,-0.6435590982437134,1.0
2/f-c-cfa-eb/7.7.7.7.2edd2.2cf3.3b3,-0.2758997082710266,-1.0
1/d-c-cfa-eb/7.7.7.4a2.1aedd2.2cf3.3b3,-0.3455584943294525,1.0
2/d-c-cfa-db/7.7.7.4a2.1aeddf1.2cf3.3b3,0.42117300629615784,-1.0
1/d-c-cfa-da/7.7.7.4a2.1aeddf1.1gcf3.3b3,-0.31336215138435364,1.0
2/d-c-cfb-da/7.7.7.4ae1.1aeddf1.1gcf3.3b3,0.5395748019218445,-1.0
1/d-d-cfb-da/7.7.7.3bae1.1aeddf1.1gcf3.3b3,-0.38896167278289795,1.0
2/d-d-bfb-da/7.7.3c3.3bae1.1aeddf1.1gcf3.3b3,0.21262994408607483,-1.0
1/d-d-bfb-d-b/7.7.3c3.3bae1.1aeddf1.1gcf3.2gb3,-0.46140676736831665,1.0
2/d-d-bfb-c-b/7.7.3c3.3bae1.1aeddf1.1gcff2.2gb3,0.3619966208934784,-1.0
1/d-d-bfa-c-b/7.7.3c3.3baee.1aeddf1.1gcff2.2gb3,-0.16735412180423737,1.0
2/d-d-bfa-cb/7.7.3cg2.3baee.1aeddf1.1gcffg1.2gb3,0.3779911994934082,-1.0
1/d-d-bfa-c-b/7.7.3cgg1.3baee.1aeddfg.1gcffg1.2gb3,-0.459818571805954,1.0
2/d-d-bfaa-b/7.7.3cggf.3baee.1aeddfg.1gcffg1.1fgb3,0.2653816044330597,-1.0
1/d-d-bfa-b-b/7.7.3cggf.3baee.1aeddfg.1gcffg1.ffgb3,-0.2678936719894409,1.0
2/d-d-bfc-b-b/7.4e2.3cggf.2ebaee.1aeddfg.1gcffg1.ffgb3,0.3371238112449646,-1.0
1/d-d-bcc-b-b/7.3de2.3cggf.2ebaee.1aeddfg.dgcffg1.ffgbd2,0.056868232786655426,1.0
2/d-b-bcc-b-b/7.3de2.2bcggf.2ebaee.baeddfg.dgcffg1.ffgbd2,0.08815842866897583,-1.0
1/a-b-bcc-b-b/7.2adea1.2bcggf.1aebaee.baeddfg.dgcffg1.ffgbd2,0.000889682793058455,1.0
2/aa-bcc-b-b/7.2adeab.2bcggf.1aebaee.baeddfg.dgcffg1.ffgbd2,-0.061178628355264664,-1.0
1/aa-bbc-b-b/7.2adeab.1dbcggf.1aebaee.baeddfg.dgcffg1.ffgbd2,0.023107077926397324,1.0
2/aabbc-b-b/3c3.2adeab.1dbcggf.1aebaee.baeddfg.dgcffg1.ffgbdc1,0.18798339366912842,-1.0
1/-babbc-b-b/3c3.2adeab.1dbcggf.1aebaee.baeddfg.dgcffga.ffgbdc1,-0.24413089454174042,1.0
2/-bbbbc-b-b/3c3.1badeab.1dbcggf.1aebaee.baeddfg.dgcffga.ffgbdc1,0.09687700867652893,-1.0
1/-babbc-b-b/3cb2.1badeab.1dbcggf.1aebaee.baeddfg.dgcffga.ffgbdc1,-0.22374171018600464,1.0
2/-babbca-b/3cb2.1badeab.1dbcggf.faebaee.baeddfg.dgcffga.ffgbdc1,0.107077956199646,-1.0
1/-babbba-b/3cb2.1badeab.edbcggf.faebaee.baeddfg.dgcffga.ffgbdc1,-0.23458202183246613,1.0
2/-bacbba-b/3cbc1.1badeab.edbcggf.faebaee.baeddfg.dgcffga.ffgbdc1,0.14022162556648254,-1.0
1/-baabba-b/3cbc1.cbadeab.edbcggf.faebaee.baeddfg.dgcffga.ffgbdcc,-0.2315605878829956,1.0
2/-baabbaa/2gcbc1.cbadeab.edbcggf.faebaee.baeddfg.dgcffga.ffgbdcc,-0.0055816899985075,-1.0
1/-baabaaa/2gcbce.cbadeab.edbcggf.faebaee.baeddfg.dgcffga.ffgbdcc,-0.030918218195438385,1.0
2/aaabaaa/1agcbce.cbadeab.edbcggf.faebaee.baeddfg.dgcffga.ffgbdcc,-0.0599011667072773,-1.0
1/aaaaaaa/dagcbce.cbadeab.edbcggf.faebaee.baeddfg.dgcffga.ffgbdcc,0.0458260104060173,1.0
1/-cbdd-d-d-b/7.7.7.7.7.7.4a2,0.9991787075996399,-1.0
2/-cbdd-d-da/7.7.7.7.7.4g2.4a2,-0.9863273501396179,1.0
1/-cbdd-d-ea/7.7.7.7.4f2.4g2.4a2,0.9795699715614319,-1.0
2/-cbde-d-ea/7.7.7.5d1.4f2.4g2.4a2,-0.8604638576507568,1.0
1/-cbde-d-e-b/7.7.5g1.5d1.4f2.4g2.4a2,0.7297570109367371,-1.0
2/-ccde-d-e-b/7.7.5g1.4bd1.4f2.4g2.4a2,-0.6617100834846497,1.0
1/-ccde-d-f-b/7.7.4fg1.4bd1.4f2.4g2.4a2,0.7912616729736328,-1.0
2/-ccde-d-fb/7.4gg1.4fg1.4bd1.4f2.4g2.4a2,-0.5694798827171326,1.0
1/-cbde-d-fb/7.3bgg1.4fg1.4bd1.4f2.4g2.4a2,0.503035306930542,-1.0
2/-cbee-d-fb/7.3bgg1.4fg1.4bd1.4fc1.4g2.4a2,-0.37512433528900146,1.0
1/-dbee-d-fb/7.3bgg1.4fg1.4bd1.4fca.4g2.4a2,0.35196295380592346,-1.0
2/-dbfe-d-fb/7.3bgg1.3cfg1.4bd1.4fca.4g2.4a2,-0.048066236078739166,1.0
1/-dbde-d-fb/3c3.3bgg1.3cfg1.3cbd1.4fca.4g2.4a2,0.08714183419942856,-1.0
2/-dbde-d-cb/3cf2.3bgg1.3cfg1.2fcbdf.4fca.4g2.4a2,0.3677024245262146,1.0
1/-dbde-e-cb/3cf2.3bgg1.3cfg1.1efcbdf.4fca.4g2.4a2,-0.2578235864639282,-1.0
2/-dbdf-e-cb/3cfd1.3bgg1.3cfg1.1efcbdf.4fca.4g2.4a2,0.49089351296424866,1.0
1/-dbde-e-cb/3cfd1.3bgg1.2dcfg1.1efcbdf.4fca.4g2.4a2,-0.3736647367477417,-1.0
2/-dbde-c-cb/3cfd1.2ebgg1.2dcfge.1efcbdf.4fca.4g2.4a2,0.551289975643158,1.0
1/-dbde-c-c-b/3cfd1.2ebggg.2dcfge.gefcbdf.4fca.4g2.4a2,-0.44065162539482117,-1.0
2/-dbdea-c-b/2ecfd1.2ebggg.2dcfge.gefcbdf.3efca.4g2.4a2,0.3392395079135895,1.0
1/-d-bdea-c-b/2ecfdb.2ebggg.2dcfge.gefcbdf.3efca.4gb1.4a2,-0.17290396988391876,-1.0
2/-c-bdea-c-b/2ecfdb.2ebggg.2dcfge.gefcbdf.2aefca.4gb1.4a2,0.15440045297145844,1.0
1/-c-bdca-c-b/2ecfdb.2ebggg.2dcfge.gefcbdf.2aefca.4gbd.4ad1,0.022386500611901283,-1.0
2/-c-bdca-ca/2ecfdb.2ebggg.2dcfge.gefcbdf.1gaefca.4gbd.4ad1,-0.1393224000930786,1.0
1/-d-bdca-ca/2ecfdb.2ebggg.2dcfge.gefcbdf.1gaefca.3agbd.4ad1,0.09015627950429916,-1.0
2/-dbdca-ca/2ecfdb.2ebggg.2dcfge.gefcbdf.bgaefca.2bagbd.4ad1,-0.07535743713378906,1.0
1/-dbbca-ca/2ecfdb.2ebggg.1cdcfge.gefcbdf.bgaefca.1cbagbd.4ad1,0.06319034844636917,-1.0
2/-dbbca-ba/2ecfdb.2ebggg.1cdcfge.gefcbdf.bgaefca.fcbagbd.4ad1,-0.14326797425746918,1.0
1/-dbbaa-ba/2ecfdb.2ebggg.1cdcfge.gefcbdf.bgaefca.fcbagbd.3dadd,0.2900775671005249,-1.0
2/-dbbaaaa/2ecfdb.2ebggg.fcdcfge.gefcbdf.bgaefca.fcbagbd.3dadd,-0.2785242795944214,1.0
1/-dabaaaa/2ecfdb.1bebggg.fcdcfge.gefcbdf.bgaefca.fcbagbd.3dadd,0.26762455701828003,-1.0
2/aabaaaa/1aecfdb.abebggg.fcdcfge.gefcbdf.bgaefca.fcbagbd.2adadd,0.016521062701940536,1.0
1/aaba-baa/1aecfdb.abebggg.fcdcfge.gefcbdf.bgaefca.fcbagbd.1eadadd,-0.059707824140787125,-1.0
2/aabaaaa/eaecfdb.abebggg.fcdcfge.gefcbdf.bgaefca.fcbagbd.1eadadd,-0.003773968666791916,1.0
1/aaaaaaa/eaecfdb.abebggg.fcdcfge.gefcbdf.bgaefca.fcbagbd.ceadadd,0.02955811098217964,-1.0
1/aa-edd/1e3.1c3.1e3.2a2.3b1,-0.8021799921989441,1.0
2/ab-edd/1e3.1c3.1e3.2ab1.3b1,0.8197607398033142,-1.0
1/-bb-edd/1e3.1c3.1e3.1aab1.3b1,-0.6943129897117615,1.0
2/-bb-eed/1e3.1c3.1ed2.1aab1.3b1,0.6994662284851074,-1.0
1/-bb-eec/1e3.1c3.1ede1.1aab1.3b1,-0.6065952181816101,1.0
2/-bb-dec/1e3.1c3.1ede1.1aabc.3b1,0.6179548501968384,-1.0
1/-bb-dea/1e3.1c3.1edee.1aabc.2eb1,-0.06074313074350357,1.0
2/-bb-cea/1e3.1c3.1edee.1aabc.1ceb1,0.2586652338504791,-1.0
1/-bb-cca/1e3.1cd2.dedee.1aabc.1ceb1,-0.2111014723777771,1.0
2/bb-cca/1e3.acd2.dedee.1aabc.1ceba,0.3830059766769409,-1.0
1/b-b-cca/1eb2.acdb1.dedee.1aabc.1ceba,-0.3915516138076782,1.0
2/ba-cca/beb2.acdb1.dedee.1aabc.1ceba,-0.13589823246002197,-1.0
1/ba-caa/bebd1.acdb1.dedee.daabc.1ceba,0.17865708470344543,1.0
2/baaaa/bebd1.acdbc.dedee.daabc.cceba,-0.05642203986644745,-1.0
1/aaaaa/bebda.acdbc.dedee.daabc.cceba,-0.09424111992120743,1.0
2/bab-b-d/5.5.1b3.5.5,-0.9975532293319702,1.0
1/baa-b-d/5.5.1b3.1c3.5,0.982708215713501,-1.0
2/bba-b-d/5.2b2.1b3.1c3.5,-0.8906343579292297,1.0
1/bba-b-e/5.1eb2.1b3.1c3.5,0.9812524914741516,-1.0
2/bca-b-e/5.1ebb1.1b3.1c3.5,-0.9764983057975769,1.0
1/aca-b-e/3a1.1ebb1.1b3.1c3.5,0.9313235878944397,-1.0
2/acb-b-e/3a1.1ebb1.cb3.1c3.5,-0.9421018362045288,1.0
1/acb-c-e/3a1.1ebb1.cb3.dc3.5,0.9386143088340759,-1.0
2/acb-c-c/3a1.eebb1.cbe2.dc3.5,-0.8220123052597046,1.0
1/aca-c-c/2ca1.eebb1.cbe2.dc3.5,0.6101102232933044,-1.0
2/acb-c-c/1cca1.eebb1.cbe2.dc3.5,-0.36763837933540344,1.0
1/aca-c-c/1cca1.eebb1.cbec1.dc3.5,0.3791658282279968,-1.0
2/cca-c-c/1cca1.eebba.cbeca.dc3.5,-0.25214338302612305,1.0
1/caa-c-c/1ccab.eebba.cbeca.dcb2.5,0.30721190571784973,-1.0
2/caab-c/1ccab.eebba.cbeca.dcbd1.1dd2,-0.05625395476818085,1.0
1/aaab-c/1ccab.eebba.cbeca.dcbda.add2,0.20079194009304047,-1.0
2/aaaba/eccab.eebba.cbeca.dcbda.adde1,0.0032208538614213467,1.0
1/aaaaa/eccab.eebba.cbeca.dcbda.added,-0.09007655829191208,-1.0
2/-eebb-c/5.1b3.1cd2.1cea1.1cdc1,-0.8009315729141235,1.0
1/-eeb-b-c/1d3.1b3.1cdd1.1cea1.1cdc1,0.6479727625846863,-1.0
2/-ceb-b-c/1d3.ab3.1cdda.1cea1.1cdc1,-0.026292813941836357,1.0
1/-ceb-b-d/1d3.abe2.1cdda.1cea1.1cdc1,0.3266008794307709,-1.0
2/-ceba-d/1d3.abe2.dcdda.1cea1.1cdc1,-0.35084736347198486,1.0
1/-ceaa-d/1d3.abe2.dcdda.ccea1.1cdc1,0.0269887987524271,-1.0
2/aeaa-d/1d3.abea1.dcdda.ccea1.acdc1,-0.24224865436553955,1.0
1/abaa-d/1db2.abeab.dcdda.cceab.acdc1,0.39184999465942383,-1.0
2/abaaa/edbe1.abeab.dcdda.cceab.acdce,-0.021761557087302208,1.0
1/aaaaa/edbeb.abeab.dcdda.cceab.acdce,-0.21475403010845184,-1.0
2/e-e-b-ca/5.2b2.1ae2.2d2.5,-0.872186541557312,1.0
1/e-e-c-ca/5.2b2.cae2.2d2.5,0.6699502468109131,-1.0
2/e-e-c-cc/2e2.2b2.cae2.1ed2.5,-0.19328229129314423,1.0
1/e-e-c-cb/2e2.2b2.cae2.1ed2.1e3,0.1349421590566635,-1.0
2/e-c-c-cb/2e2.2b2.caeb1.1ed2.1eb2,-0.1663074493408203,1.0
1/c-c-c-cb/2e2.1ab2.caeb1.aed2.1eb2,0.6278228163719177,-1.0
2/c-c-cbb/1de2.dab2.caeb1.aedd1.1eb2,-0.4983237385749817,1.0
1/c-c-dbb/1de2.dab2.caeb1.aedd1.1ebc1,0.3881678879261017,-1.0
2/ca-dbb/1de2.dabb1.caeb1.aedd1.1ebcb,-0.10932280868291855,1.0
1/ca-dab/1de2.dabb1.caeb1.aeddd.1ebcb,-0.22326938807964325,-1.0
2/ca-bab/1de2.dabb1.caebc.aeddd.cebcb,0.31550222635269165,1.0
1/aa-bab/adea1.dabb1.caebc.aeddd.cebcb,-0.18281808495521545,-1.0
2/aaaab/adea1.dabbc.caebc.aeddd.cebcb,0.21912634372711182,1.0
1/aaaaa/adeae.dabbc.caebc.aeddd.cebcb,-0.1348275989294052,-1.0
2/-bb-cb-b/5.5.2c2.5.5,-0.9992883801460266,1.0
1/-bb-db-b/5.5.1cc2.5.5,0.9945617914199829,-1.0
2/-bb-dba/5.5.ecc2.5.5,-0.976089358329773,1.0
1/-cb-dba/5.1a3.ecc2.5.5,0.9324206113815308,-1.0
2/-cb-cba/5.1a3.eccc1.5.5,-0.7879390716552734,1.0
1/-cb-caa/5.1a3.eccc1.2d2.5,0.45560550689697266,-1.0
2/-cb-cca/5.1ad2.ecccd.2d2.5,-0.5717926621437073,1.0
1/-db-cca/5.1ada1.ecccd.2d2.5,0.5887711048126221,-1.0
2/-bb-cca/5.aada1.ecccd.1ad2.5,-0.052553337067365646,1.0
1/-b-b-cca/5.aadab.ecccd.1adb1.5,0.31053218245506287,-1.0
2/-b-baca/5.aadab.ecccd.cadb1.2c2,-0.3792903423309326,1.0
1/-b-baba/2d2.aadab.ecccd.cadb1.2c2,-0.1729595810174942,-1.0
2/-b-babc/2de1.aadab.ecccd.cadbe.2c2,0.24096398055553436,1.0
1/-b-baac/2ded.aadab.ecccd.cadbe.2c2,-0.2547358572483063,-1.0
2/-bbaac/1bded.aadab.ecccd.cadbe.2cb1,0.3843194544315338,1.0
1/-bbaaa/1bded.aadab.ecccd.cadbe.1ecbe,-0.2528035640716553,-1.0
2/abaaa/1bded.aadab.ecccd.cadbe.aecbe,0.2273193895816803,1.0
1/aaaaa/bbded.aadab.ecccd.cadbe.aecbe,-0.14495311677455902,-1.0
2/d-ebbb/5.2c2.2ec1.1eb2.5,-0.9629685878753662,1.0
1/c-ebbb/5.2c2.2ec1.1eba1.5,-0.3968140482902527,-1.0
2/c-ebbc/5.2ce1.2ec1.1eba1.5,0.4809626042842865,1.0
1/c-eabc/3c1.2ce1.2ec1.1eba1.5,-0.46394968032836914,-1.0
2/d-eabc/3c1.2ce1.2ec1.1eba1.1a3,0.6214770078659058,1.0
1/d-eaba/3c1.2ce1.1eec1.1eba1.ea3,-0.7865195274353027,-1.0
2/d-daba/3c1.2ce1.1eec1.1eba1.eab2,0.5580901503562927,1.0
1/c-daba/3c1.1ace1.1eec1.1eba1.eab2,-0.34980085492134094,-1.0
2/c-dbba/3c1.1ace1.1eec1.ceba1.eab2,0.3658929765224457,1.0
1/c-db-ca/3c1.1aced.1eecd.ceba1.eabd1,-0.1440589725971222,-1.0
2/cab-ca/2bc1.1aced.beecd.cebab.eabd1,0.12689122557640076,1.0
1/aab-ca/1abca.1aced.beecd.cebab.eabd1,0.010840734466910362,-1.0
2/aabaa/1abca.daced.beecd.cebab.eabdd,0.23296873271465302,1.0
1/aaaaa/cabca.daced.beecd.cebab.eabdd,-0.14416730403900146,-1.0
2/-bbba-d/5.5.1d3.5.5,-0.9977944493293762,1.0
1/-bbaa-d/5.5.1dc2.5.5,0.9879359602928162,-1.0
2/-bbaa-c/5.3e1.1dc2.5.5,-0.9772219061851501,1.0
1/-baaa-c/5.2be1.1dc2.5.5,0.9268067479133606,-1.0
2/-baca-c/5.1cbe1.1dcc1.5.5,-0.818347156047821,1.0
1/-daca-c/5.1cbe1.1dcc1.aa3.5,0.8093771934509277,-1.0
2/-caca-c/5.1cbe1.1dcc1.aaa2.5,-0.9299674034118652,1.0
1/-cac-b-c/5.1cbe1.1dcc1.aaad1.5,0.822176456451416,-1.0
2/-ccc-b-c/5.1cbe1.1dccb.aaadb.5,-0.8442137837409973,1.0
1/-cca-b-c/2c2.1cbe1.cdccb.aaadb.5,0.7052561640739441,-1.0
2/aca-b-c/2c2.1cbea.cdccb.aaadb.1a3,-0.6147198677062988,1.0
1/aaa-b-c/2c2.bcbea.cdccb.aaadb.1ab2,0.6099836230278015,-1.0
2/aaab-c/2c2.bcbea.cdccb.aaadb.dabd1,-0.391417920589447,1.0
1/aaab-d/2ce1.bcbea.cdccb.aaadb.dabd1,0.3498416543006897,-1.0
2/aaaba/1ecee.bcbea.cdccb.aaadb.dabde,-0.2102675884962082,1.0
1/aaaaa/decee.bcbea.cdccb.aaadb.dabde,-0.1298704743385315,-1.0
2/a-d-bbc/2de1.2cab.1cded.3de.3b1,-0.812610924243927,1.0
1/a-d-bba/2dee.2cab.1cded.2ede.3b1,0.7091193795204163,-1.0
2/a-dbba/2dee.2cab.1cded.1cede.3bc,-0.5181465148925781,1.0
1/a-dbaa/2dee.2cab.1cded.1cede.2dbc,0.29680049419403076,-1.0
2/c-dbaa/2dee.1acab.1cded.acede.2dbc,-0.503254234790802,1.0
1/c-daaa/2dee.1acab.ccded.acede.2dbc,0.2108197659254074,-1.0
2/caaaa/1bdee.bacab.ccded.acede.1bdbc,0.1768718808889389,1.0
1/aaaaa/abdee.bacab.ccded.acede.abdbc,-0.1644449084997177,-1.0
1/-c-dbeb/5.5.1dee1.2a2.5,-0.9684763550758362,1.0
2/-c-dceb/5.5.cdee1.2a2.5,0.9792274236679077,-1.0
1/-c-dccb/5.2d2.cdee1.2ad1.5,-0.7390614151954651,1.0
2/-c-bccb/5.2db1.cdee1.1bad1.5,0.7175807952880859,-1.0
1/-c-bcc-b/5.1edb1.cdee1.ebad1.5,-0.4612962603569031,1.0
2/-cbcc-b/3b1.1edb1.cdee1.ebad1.1b3,0.528039813041687,-1.0
1/-cbca-b/2db1.1edb1.cdee1.ebad1.1bd2,-0.2705509662628174,1.0
2/-cbda-b/2db1.1edb1.cdee1.ebad1.1bdc1,0.3266136348247528,-1.0
1/-dbda-b/2db1.1edb1.cdeea.ebad1.1bdc1,-0.8686151504516602,1.0
2/abda-b/1adb1.1edba.cdeea.ebada.1bdc1,0.675814151763916,-1.0
1/abaa-b/1adb1.cedba.cdeea.ebada.cbdcc,-0.3759615421295166,1.0
2/abaaa/eadb1.cedba.cdeea.ebada.cbdcc,0.09100211411714554,-1.0
1/aaaaa/eadbb.cedba.cdeea.ebada.cbdcc,-0.2818797826766968,1.0
2/d-b-dbc/5.5.3e1.5.5,0.99835205078125,-1.0
1/d-b-d-bc/2d2.2d2.3e1.5.5,-0.9356388449668884,1.0
2/da-d-bc/2d2.2d2.2be1.5.5,0.9572429060935974,-1.0
1/da-e-bc/2d2.2d2.1cbe1.5.5,-0.43898504972457886,1.0
2/dc-e-bc/2d2.1bd2.bcbe1.5.5,-0.15649302303791046,-1.0
1/bc-e-bc/2d2.1bda1.bcbe1.2a2.5,0.4126851558685303,1.0
2/bc-e-bd/2d2.1bda1.bcbe1.2ae1.5,-0.06841904670000076,-1.0
1/bc-e-cd/1dd2.1bda1.bcbe1.2ae1.5,-0.1612669676542282,1.0
2/bca-cd/1ddc1.1bda1.bcbec.1cae1.2c2,0.6433148980140686,-1.0
1/bca-ca/1ddc1.ebda1.bcbec.1cae1.1ece1,-0.5309911370277405,1.0
2/cca-ca/addc1.ebda1.bcbec.1cae1.1ece1,0.3546581566333771,-1.0
1/cba-ca/addc1.ebdab.bcbec.1cae1.1ece1,-0.3974399268627167,1.0
2/cba-ba/addc1.ebdab.bcbec.dcae1.1ece1,0.383294939994812,-1.0
1/aba-ba/addc1.ebdab.bcbec.dcaea.aece1,-0.37385332584381104,1.0
2/abaaa/addc1.ebdab.bcbec.dcaea.aeced,0.15435180068016052,-1.0
1/aaaaa/addcb.ebdab.bcbec.dcaea.aeced,-0.05794909596443176,1.0
2/d-b-ed-b/5.3c1.5.5.5,-0.998543918132782,1.0
1/d-b-ed-c/5.3c1.5.5.1e3,0.9952216148376465,-1.0
2/d-b-dd-c/5.3c1.5.1c3.1e3,-0.9886163473129272,1.0
1/d-b-dc-c/5.2dc1.5.1c3.1e3,0.98002028465271,-1.0
2/e-b-dc-c/5.2dc1.1a3.1c3.1e3,-0.8695176243782043,1.0
1/c-b-dc-c/5.1adc1.1aa2.1c3.1e3,0.8369215726852417,-1.0
2/c-b-dd-c/5.1adc1.1aad1.1c3.1e3,-0.5918850898742676,1.0
1/c-c-dd-c/5.1adc1.1aadb.1c3.1e3,0.6010303497314453,-1.0
2/c-c-cd-c/1c3.1adc1.1aadb.1c3.1e3,-0.47745564579963684,1.0
1/c-c-cd-d/1c3.1adc1.1aadb.1ce2.1e3,0.7140328884124756,-1.0
2/c-c-cda/1c3.1adc1.1aadb.1cee1.eee2,-0.25484710931777954,1.0
1/b-c-cda/1c3.1adc1.1aadb.1cee1.eeea1,-0.39762213826179504,-1.0
2/ba-cda/1c3.1adcb.1aadb.1ceeb.eeea1,0.44349655508995056,1.0
1/ba-cba/1cd2.1adcb.1aadb.dceeb.eeea1,-0.2900157868862152,-1.0
2/ba-bba/1cdc1.1adcb.1aadb.dceeb.eeea1,0.06048032268881798,1.0
1/b-b-bba/1cdcb.1adcb.1aadb.dceeb.eeea1,-0.09839911013841629,-1.0
2/b-baba/1cdcb.1adcb.1aadb.dceeb.eeeac,0.1484280824661255,1.0
1/b-baaa/1cdcb.1adcb.daadb.dceeb.eeeac,-0.13289672136306763,-1.0
2/baaaa/1cdcb.badcb.daadb.dceeb.eeeac,0.1517372578382492,1.0
1/aaaaa/acdcb.badcb.daadb.dceeb.eeeac,-0.13190709054470062,-1.0
1/-c-dccc/5.1dd2.1aaed.1ebba.2ce1,-0.7547840476036072,1.0
2/-c-ddcc/2c2.1dd2.1aaed.1ebba.2ce1,0.5456393957138062,-1.0
1/-c-ddca/2c2.1dde1.1aaed.1ebba.1ece1,-0.604391872882843,1.0
2/-b-ddca/1ac2.1dde1.1aaed.1ebba.1ece1,0.55402672290802,-1.0
1/-b-dbca/1acc1.1ddec.1aaed.1ebba.1ece1,-0.16768933832645416,1.0
2/-babca/1accb.1ddec.baaed.bebba.1ece1,0.3158714175224304,-1.0
1/-babaa/1accb.dddec.baaed.bebba.1eced,-0.2024345099925995,1.0
2/aabaa/aaccb.dddec.baaed.bebba.1eced,0.15230780839920044,-1.0
1/aaaaa/aaccb.dddec.baaed.bebba.ceced,-0.05680345371365547,1.0
1/-dea-cc/5.1ecb1.3d1.5.5,-0.9865772128105164,1.0
2/-cea-cc/5.1ecb1.2ad1.5.5,0.9198648929595947,-1.0
1/-ce-c-cc/5.1ecbc.2ad1.2c2.5,-0.7529814839363098,1.0
2/-be-c-cc/5.1ecbc.2ad1.2c2.2a2,0.7224918007850647,-1.0
1/-bd-c-cc/5.becbc.2ad1.2c2.2a2,-0.4887697696685791,1.0
2/-bd-c-cd/5.becbc.2ad1.2ce1.2a2,0.42519494891166687,-1.0
1/-bd-c-dd/5.becbc.1dad1.2ce1.2a2,0.013248598203063011,1.0
2/-bd-c-cd/5.becbc.1dad1.1dce1.2a2,0.03871029615402222,-1.0
1/-bd-c-cb/1e3.becbc.edad1.1dce1.2a2,0.18541449308395386,1.0
2/-bd-b-cb/1e3.becbc.edad1.1dce1.2ac1,0.025534380227327347,-1.0
1/-bc-b-cb/1e3.becbc.edad1.bdce1.2ac1,0.17115084826946259,1.0
2/-bca-cb/1e3.becbc.edad1.bdce1.1cac1,-0.1876891851425171,-1.0
1/-baa-cb/1e3.becbc.edadb.bdce1.bcac1,0.14691130816936493,1.0
2/-baaab/1ed2.becbc.edadb.bdced.bcac1,-0.2109994888305664,-1.0
1/-baaaa/1ede1.becbc.edadb.bdced.bcac1,0.11354946345090866,1.0
2/baaaa/aedea.becbc.edadb.bdced.bcac1,0.19614113867282867,-1.0
1/aaaaa/aedea.becbc.edadb.bdced.bcaca,-0.3390384614467621,1.0
1/acd-d-b/5.2bb1.aced1.aaecb.2aad,-0.6110471487045288,1.0
2/acd-db/5.1ebb1.acede.aaecb.2aad,0.45240017771720886,-1.0
1/aca-db/5.cebbc.acede.aaecb.1caad,-0.20658425986766815,1.0
2/aca-cb/1d3.cebbc.acede.aaecb.1caad,0.14590640366077423,-1.0
1/aaa-cb/1db2.cebbc.acede.aaecb.bcaad,0.07122564315795898,1.0
2/aaaab/ddbd1.cebbc.acede.aaecb.bcaad,0.03466394543647766,-1.0
1/aaaaa/ddbde.cebbc.acede.aaecb.bcaad,-0.20957063138484955,1.0
1/ac-ee-c/5.bac2.2de1.5.5,-0.8183913230895996,1.0
2/ac-ce-c/5.bacc1.2dec.5.5,0.7404721975326538,-1.0
1/ac-ce-d/5.bacc1.2dec.2e2.5,-0.4842367172241211,1.0
2/ac-be-d/5.baccc.2dec.2e2.5,0.4910741448402405,-1.0
1/-cc-be-d/5.baccc.1adec.2ea1.5,-0.21260905265808105,1.0
2/-ccae-d/5.baccc.1adec.2eac.5,-0.0937773808836937,-1.0
1/-ccad-d/2d2.baccc.1adec.2eac.5,-0.02033570408821106,1.0
2/-cdad-d/2db1.baccc.1adec.2eac.5,0.2602088451385498,-1.0
1/-cdaa-d/1ddbd.baccc.dadec.2eac.5,-0.05369330942630768,1.0
2/-cdaaa/1ddbd.baccc.dadec.1eeac.2ee1,0.38514944911003113,-1.0
1/-cbaaa/bddbd.baccc.dadec.1eeac.1bee1,0.015903813764452934,1.0
2/abaaa/bddbd.baccc.dadec.aeeac.1beea,0.12605580687522888,-1.0
1/aaaaa/bddbd.baccc.dadec.aeeac.bbeea,-0.2605850100517273,1.0
2/db-d-c-b/5.3d1.5.5.5,-0.9990355968475342,1.0
1/da-d-c-b/5.3d1.3b1.5.5,0.9953577518463135,-1.0
2/db-d-c-b/5.3d1.3bb.5.5,-0.9838172197341919,1.0
1/cb-d-c-b/5.2ad1.3bb.5.5,0.951039731502533,-1.0
2/cb-da-b/5.2add.3bb.4d.5,-0.7220564484596252,1.0
1/cb-ea-b/5.2add.2cbb.4d.5,0.15492746233940125,-1.0
2/cb-da-b/4c.2add.2cbb.4d.5,-0.874168872833252,1.0
1/cb-da-c/4c.2add.1ecbb.4d.5,0.5142802000045776,-1.0
2/cc-da-c/4c.2add.1ecbb.4d.4b,-0.3804190456867218,1.0
1/bc-da-c/3ac.2add.1ecbb.4d.4b,0.28606918454170227,-1.0
2/bc-da-b/2eac.2add.1ecbb.4d.4b,-0.449371337890625,1.0
1/ac-da-b/2eac.2add.1ecbb.3ad.4b,0.5565561652183533,-1.0
2/ac-db-b/2eac.2add.decbb.3ad.4b,-0.41453441977500916,1.0
1/-bc-db-b/2eac.2add.decbb.2aad.4b,0.45273882150650024,-1.0
2/-bc-dbb/2eac.1eadd.decbb.2aad.3eb,-0.2075127810239792,1.0
1/-bb-dbb/2eac.1eadd.decbb.1baad.3eb,0.12153997272253036,-1.0
2/-bb-bbb/1ceac.ceadd.decbb.1baad.3eb,0.25736552476882935,1.0
1/-bb-bba/eceac.ceadd.decbb.1baad.3eb,-0.19628851115703583,-1.0
2/ab-bba/eceac.ceadd.decbb.1baad.2aeb,-0.046719104051589966,1.0
1/ab-baa/eceac.ceadd.decbb.dbaad.2aeb,-0.13113440573215485,-1.0
2/abaaa/eceac.ceadd.decbb.dbaad.1caeb,0.15789377689361572,1.0
1/aaaaa/eceac.ceadd.decbb.dbaad.bcaeb,-0.18980109691619873,-1.0
2/-bbab-d/5.5.1c3.5.5,-0.9985764026641846,1.0
1/-bbaa-d/5.5.1cd2.5.5,0.9957127571105957,-1.0
2/-bbab-d/5.5.1cdd1.5.5,-0.9875479936599731,1.0
1/-baab-d/5.5.1cdd1.3b1.5,0.955535352230072,-1.0
2/-babb-d/5.5.1cddc.3b1.5,-0.8558948040008545,1.0
1/-baba-d/5.5.1cddc.2db1.5,0.7366297841072083,-1.0
2/-bbba-d/5.5.1cddc.2db1.3b1,-0.8011083602905273,1.0
1/-bbba-e/5.4e.1cddc.2db1.3b1,0.8807510733604431,-1.0
2/-bbbb-e/5.4e.1cddc.1ddb1.3b1,-0.9019123315811157,1.0
1/-bbba-e/5.4e.1cddc.1ddb1.2db1,0.8064436912536621,-1.0
2/-bbba-d/5.4e.1cddc.eddb1.2db1,-0.9061450958251953,1.0
1/-cbba-d/5.4e.1cddc.eddba.2db1,0.7174105048179626,-1.0
2/-cbca-d/5.4e.1cddc.eddba.1cdb1,-0.838267982006073,1.0
1/-cbba-d/5.4e.1cddc.eddba.ccdb1,0.8029456734657288,-1.0
2/-cbbaa/4e.3ee.ecddc.eddba.ccdb1,-0.3903885781764984,1.0
1/-cbaaa/4e.2cee.ecddc.eddba.ccdb1,-0.0010779874864965677,-1.0
2/bbaaa/3ae.1acee.ecddc.eddba.ccdba,0.25603535771369934,1.0
1/b-baaa/2bae.bacee.ecddc.eddba.ccdba,-0.1253802478313446,-1.0
2/baaaa/1bbae.bacee.ecddc.eddba.ccdba,0.15379512310028076,1.0
1/aaaaa/abbae.bacee.ecddc.eddba.ccdba,-0.16354507207870483,-1.0
2/d-b-eda/1d3.1abb1.abeb1.2dc1.5,-0.6182543039321899,1.0
1/d-b-ed-c/1d3.1abb1.abeb1.1edc1.3e1,0.23236361145973206,-1.0
2/d-bad-c/1d3.cabb1.abebc.cedcc.3e1,0.2410106658935547,1.0
1/a-bad-c/ada2.cabb1.abebc.cedcc.2ae1,-0.08025148510932922,-1.0
2/a-bada/ada2.cabb1.abebc.cedcc.1eaee,0.33998218178749084,1.0
1/a-baba/adad1.cabbd.abebc.cedcc.1eaee,-0.2995365262031555,-1.0
2/aaaba/adadb.cabbd.abebc.cedcc.1eaee,0.053907666355371475,1.0
1/aaaaa/adadb.cabbd.abebc.cedcc.deaee,-0.11659617722034454,-1.0
1/c-ba-dd/a4.1a3.1eda1.1dce1.5,-0.7963977456092834,1.0
2/caa-dd/a4.ba3.1eda1.1dce1.5,0.7442348003387451,-1.0
1/ca-c-dd/a4.bac2.ceda1.1dce1.5,-0.26120638847351074,1.0
2/cb-c-dd/a4.bacb1.ceda1.1dce1.5,0.1798231154680252,-1.0
1/ca-c-dd/ab3.bacb1.ceda1.1dce1.5,-0.09411570429801941,1.0
2/caa-dd/abc2.bacb1.ceda1.1dcec.5,0.2630457878112793,-1.0
1/caa-da/abc2.bacb1.cedae.1dcec.2ee1,0.10337817668914795,1.0
2/caa-ba/abc2.bacbd.cedae.ddcec.2ee1,0.1508258432149887,-1.0
1/c-ba-ba/abcb1.bacbd.cedae.ddcec.2ee1,-0.3610197603702545,1.0
2/caa-ba/abcb1.bacbd.cedae.ddcec.2eeb,0.09764590114355087,-1.0
1/baa-ba/abcba.bacbd.cedae.ddcec.2eeb,-0.16589443385601044,1.0
2/baaaa/abcba.bacbd.cedae.ddcec.1deeb,-0.060711901634931564,-1.0
1/aaaaa/abcba.bacbd.cedae.ddcec.adeeb,-0.20283712446689606,1.0
2/bba-b-b/5.3c1.5.5.5,-0.9984182715415955,1.0
1/bba-b-d/5.3ce.2e2.5.5,0.9217040538787842,-1.0
2/bbaa-d/5.2dce.2e2.5.5,-0.750973105430603,1.0
1/abaa-d/5.2dce.2ea1.5.5,0.9296325445175171,-1.0
2/abba-d/5.2dce.2eac.5.5,-0.8362974524497986,1.0
1/aaba-d/5.2dce.2eac.2b2.5,0.9156655669212341,-1.0
2/caba-d/5.1adce.1aeac.2b2.5,-0.6495236158370972,1.0
1/c-cba-d/3b1.1adce.1aeac.2bb1.5,0.49773991107940674,-1.0
2/c-cbaa/3be.1adce.1aeac.1ebb1.2e2,-0.08963974565267563,1.0
1/c-cb-ba/2dbe.1adce.1aeac.1ebb1.2e2,-0.1694396734237671,-1.0
2/c-cbba/1ddbe.1adce.1aeac.1ebb1.1de2,0.34837666153907776,1.0
1/a-cbba/1ddbe.1adce.aaeac.1ebba.1de2,-0.28269875049591064,-1.0
2/a-ccba/1ddbe.1adce.aaeac.1ebba.1dec1,0.2079179883003235,1.0
1/a-caba/1ddbe.cadce.aaeac.1ebba.1decc,-0.11861354112625122,-1.0
2/aaaba/bddbe.cadce.aaeac.bebba.1decc,0.12218883633613586,1.0
1/aaaaa/bddbe.cadce.aaeac.bebba.ddecc,-0.16318351030349731,-1.0
2/d-cbd-b/5.2dc1.1bee1.1eada.becb1,-0.06084662675857544,1.0
1/b-cbd-b/5.1adc1.1bee1.1eada.becba,-0.41696226596832275,-1.0
2/babd-b/5.1adc1.1beeb.beada.becba,0.5365985631942749,1.0
1/baba-b/2d2.1adcd.dbeeb.beada.becba,-0.4616939127445221,-1.0
2/baca-b/1cd2.1adcd.dbeeb.beada.becba,0.35035964846611023,1.0
1/baaa-b/1cdc1.cadcd.dbeeb.beada.becba,-0.3501446843147278,-1.0
2/baaaa/ecdc1.cadcd.dbeeb.beada.becba,0.20838628709316254,1.0
1/aaaaa/ecdca.cadcd.dbeeb.beada.becba,-0.2091442346572876,-1.0
1/-bb-cbb/5.5.1c3.5.5,-0.99942547082901,1.0
2/ab-cbb/5.5.1ca2.5.5,0.9983917474746704,-1.0
1/-bb-cbb/5.5.1caa1.5.5,-0.9934538006782532,1.0
2/-bb-cbc/5.5.1caae.5.5,0.9840176701545715,-1.0
1/-ba-cbc/5.5.1caae.3b1.5,-0.6963850855827332,1.0
2/-ba-cdc/5.2d2.1caae.2db1.5,0.7595794796943665,-1.0
1/-ba-cda/5.2de1.1caae.2db1.2e2,-0.6060054898262024,1.0
2/-ba-bda/5.2dec.1caae.2db1.2e2,0.4356611371040344,-1.0
1/-ca-bda/5.1adec.1caae.2db1.2e2,-0.24341824650764465,1.0
2/-ca-bdb/5.1adec.1caae.2dbe.2e2,0.2720086872577667,-1.0
1/-c-c-bdb/5.1adec.bcaae.1bdbe.2e2,-0.08654935657978058,1.0
2/-b-c-bdb/2a2.1adec.bcaae.1bdbe.2e2,-0.11492472141981125,-1.0
1/-b-c-bbb/2a2.1adec.bcaae.dbdbe.2ed1,0.36113956570625305,1.0
2/-ba-bbb/2a2.badec.bcaae.dbdbe.2edb,-0.32030540704727173,-1.0
1/-ba-cbb/1ca2.badec.bcaae.dbdbe.2edb,0.11489012837409973,1.0
2/aa-cbb/1caa1.badec.bcaae.dbdbe.2edb,-0.06941092014312744,-1.0
1/aa-cab/1caad.badec.bcaae.dbdbe.2edb,0.1808168888092041,1.0
2/aaaab/ccaad.badec.bcaae.dbdbe.1cedb,0.037949446588754654,-1.0
1/aaaaa/ccaad.badec.bcaae.dbdbe.ecedb,-0.12348785251379013,1.0
2/cd-d-bb/5.5.4a.5.5,0.9989331960678101,-1.0
1/cd-e-bb/5.5.3ca.5.5,-0.878783643245697,1.0
2/ce-e-bb/5.5.2bca.5.5,0.8146626949310303,-1.0
1/ce-e-cb/5.5.2bca.2d2.5,-0.9025059342384338,1.0
2/de-e-cb/5.5.2bca.1ad2.5,0.8152562975883484,-1.0
1/ce-e-cb/5.5.1abca.1ad2.5,-0.7132826447486877,1.0
2/ce-e-bb/5.5.1abca.dad2.5,0.7167462110519409,-1.0
1/cd-e-bb/5.5.1abca.dadb1.5,-0.36782383918762207,1.0
2/cd-e-bc/5.5.1abca.dadb1.1e3,0.5434322357177734,-1.0
1/ad-e-bc/5.1a3.aabca.dadb1.1e3,-0.4739914834499359,1.0
2/ad-ebc/5.1a3.aabca.dadbd.1ed2,0.3892320394515991,-1.0
1/aa-ebc/5.bab2.aabca.dadbd.bed2,-0.1523582637310028,1.0
2/aa-ebd/5.babe1.aabca.dadbd.bed2,0.1607530117034912,-1.0
1/aa-ebb/2e2.babee.aabca.dadbd.bed2,0.3428240418434143,1.0
2/aa-cbb/2ec1.babee.aabca.dadbd.bedc1,-0.36774328351020813,-1.0
1/aa-cba/2ece.babee.aabca.dadbd.bedc1,-0.028513744473457336,1.0
2/aaaba/1cece.babee.aabca.dadbd.bedcc,0.011876803822815418,-1.0
1/aaaaa/dcece.babee.aabca.dadbd.bedcc,-0.0921764150261879,1.0
1/e-baa-d/5.2d2.2ca1.1ebe1.1b3,-0.7790859937667847,1.0
2/e-bac-d/5.2d2.1dca1.1ebe1.1bd2,0.76485675573349,-1.0
1/e-b-cc-d/5.1cdc1.1dca1.1ebe1.1bd2,-0.43178901076316833,1.0
2/e-b-cc-c/5.ecdc1.1dca1.1ebe1.1bd2,0.046568337827920914,-1.0
1/e-b-ca-c/2d2.ecdc1.1dca1.1ebe1.1bdd1,0.06461836397647858,1.0
2/e-baa-c/1cdc1.ecdc1.1dca1.1ebe1.1bdd1,0.041711222380399704,-1.0
1/c-baa-c/1cdc1.ecdc1.1dcaa.1ebea.1bdd1,0.19543153047561646,1.0
2/cbaa-c/bcdc1.ecdc1.bdcaa.1ebea.1bdd1,-0.2561318576335907,-1.0
1/abaa-c/bcdc1.ecdc1.bdcaa.aebea.1bdda,0.06691477447748184,1.0
2/abaaa/bcdc1.ecdce.bdcaa.aebea.ebdda,0.11828389018774033,-1.0
1/aaaaa/bcdcb.ecdce.bdcaa.aebea.ebdda,-0.10101889818906784,1.0
1/db-b-cb/5.ac3.1d3.1cbba.5,-0.9562323689460754,1.0
2/db-b-cd/5.ac3.ede2.1cbba.5,0.9624086022377014,-1.0
1/db-b-cc/5.ace2.ede2.1cbba.5,-0.9700265526771545,1.0
2/db-b-bc/1d3.ace2.ede2.1cbba.5,0.8899945020675659,-1.0
1/d-b-b-bc/bd3.ace2.edeb1.1cbba.5,-0.7193130850791931,1.0
2/d-b-bbc/bd3.ace2.edebd.dcbba.5,0.6681477427482605,-1.0
1/a-b-bbc/bda2.acea1.edebd.dcbba.4a,-0.5947637557983398,1.0
2/a-babc/bda2.acea1.edebd.dcbba.3ca,0.3553999364376068,-1.0
1/a-baba/bda2.aceae.edebd.dcbba.2eca,-0.2938290536403656,1.0
2/a-bbba/bdac1.aceae.edebd.dcbba.2eca,0.08857662230730057,-1.0
1/a-baba/bdacc.aceae.edebd.dcbba.2eca,-0.09058383852243423,1.0
2/aaaba/bdacc.aceae.edebd.dcbba.1beca,0.11873623728752136,-1.0
1/aaaaa/bdacc.aceae.edebd.dcbba.dbeca,-0.1331932097673416,1.0
2/d-d-cb-b/5.5.c4.5.5,-0.9986426830291748,1.0
1/d-e-cb-b/5.5.cb3.5.5,0.9960049390792847,-1.0
2/d-e-cba/5.5.cbe2.5.5,-0.8349884748458862,1.0
1/c-e-cba/5.5.cbea1.5.5,0.9200065732002258,-1.0
2/c-d-cba/5.1b3.cbea1.5.5,-0.7516876459121704,1.0
1/c-d-c-ba/5.1bd2.cbea1.2d2.5,0.70501309633255,-1.0
2/c-d-b-ba/5.1bdc1.cbea1.2d2.5,-0.9507091045379639,1.0
1/c-d-b-b-b/2e2.1bdc1.cbea1.2d2.5,0.9578899145126343,-1.0
2/d-d-b-b-b/2e2.1bdc1.cbea1.1ad2.5,-0.9233705997467041,1.0
1/d-d-c-b-b/2e2.1bdc1.cbea1.1adc1.5,0.8825139403343201,-1.0
2/d-d-ca-b/2e2.1bdc1.cbea1.1adcd.5,-0.910446286201477,1.0
1/c-d-ca-b/2e2.1bdc1.cbeaa.1adcd.5,0.8445641398429871,-1.0
2/c-d-cb-b/2ed1.1bdc1.cbeaa.1adcd.5,-0.763078510761261,1.0
1/b-d-cb-b/2ed1.1bdc1.cbeaa.1adcd.3a1,0.6869179010391235,-1.0
2/b-d-cbb/1eed1.1bdce.cbeaa.1adcd.3a1,-0.4312424957752228,1.0
1/a-d-cbb/1eeda.1bdce.cbeaa.1adcd.3a1,0.20492196083068848,-1.0
2/aa-cbb/1eeda.bbdce.cbeaa.1adcd.2bab,-0.01877300813794136,1.0
1/aa-cba/eeeda.bbdce.cbeaa.1adcd.2bab,0.009977741166949272,-1.0
2/aaaba/eeeda.bbdce.cbeaa.cadcd.1cbab,0.08301283419132233,1.0
1/aaaaa/eeeda.bbdce.cbeaa.cadcd.dcbab,-0.045893240720033646,-1.0
2/e-b-d-b-d/2b2.2b2.dadc1.2cd1.3d1,-0.6987918615341187,1.0
1/d-b-d-b-d/2b2.2ba1.dadc1.2cd1.3d1,0.873805820941925,-1.0
2/db-d-b-d/2b2.2bab.dadc1.2cd1.2bd1,-0.8365030288696289,1.0
1/db-d-b-e/2b2.1ebab.dadc1.2cd1.2bd1,0.722250759601593,-1.0
2/db-d-ba/1eb2.eebab.dadce.1ecd1.2bd1,-0.07385532557964325,1.0
1/da-d-ba/1eb2.eebab.dadce.1ecdb.2bd1,0.01788310892879963,-1.0
2/daa-ba/cebc1.eebab.dadce.1ecdb.2bdc,0.5229102969169617,1.0
1/caa-ba/cebc1.eebab.dadce.aecdb.2bdc,-0.452090322971344,-1.0
2/caaaa/cebc1.eebab.dadce.aecdb.1dbdc,0.14920464158058167,1.0
1/aaaaa/cebca.eebab.dadce.aecdb.adbdc,-0.1835421770811081,-1.0
2/-b-cbdb/5.5.2b2.5.5,0.9968212842941284,-1.0
1/-b-cbcb/5.5.2b2.5.3d1,-0.9020165205001831,1.0
2/-b-cbdb/5.2d2.2b2.5.3d1,0.989989161491394,-1.0
1/-b-cbda/5.2d2.1eb2.5.3d1,-0.8931375741958618,1.0
2/a-cbda/5.2d2.1eb2.1a3.3d1,0.8838346004486084,-1.0
1/a-cada/2c2.2d2.1eb2.1a3.3d1,-0.7251936793327332,1.0
2/a-ccda/2c2.2d2.ceb2.1ac2.3d1,0.8314754962921143,-1.0
1/a-ccd-c/2c2.2d2.ceb2.eace1.3d1,-0.5591620802879333,1.0
2/b-ccd-c/2c2.2d2.ceb2.eace1.2ad1,0.6166018843650818,-1.0
1/b-dcd-c/2c2.1bd2.ceb2.eace1.2ad1,-0.3906848430633545,1.0
2/b-ccd-c/2c2.bbd2.ceb2.eace1.2ad1,0.47343266010284424,-1.0
1/b-ccc-c/2c2.bbd2.ceb2.eace1.1dad1,-0.46499502658843994,1.0
2/b-ccca/2c2.bbd2.cebe1.eace1.edad1,0.5954283475875854,-1.0
1/b-cbca/2c2.bbd2.cebe1.eacec.edad1,-0.6343075037002563,1.0
2/b-bbca/2c2.bbdb1.cebe1.eacec.edad1,0.5626365542411804,-1.0
1/b-bbaa/1dc2.bbdb1.cebe1.eacec.edadd,-0.411738783121109,1.0
2/babaa/1dcb1.bbdb1.cebe1.eacec.edadd,0.3342212736606598,-1.0
1/baaaa/1dcb1.bbdb1.cebec.eacec.edadd,-0.2865862250328064,1.0
2/caaaa/1dcb1.bbdba.cebec.eacec.edadd,0.37152960896492004,-1.0
1/aaaaa/adcba.bbdba.cebec.eacec.edadd,-0.22530488669872284,1.0
1/-bb-cbb/5.5.2c2.5.5,-0.9992045164108276,1.0
2/-bb-bbb/5.5.1cc2.5.5,0.9926712512969971,-1.0
1/-ba-bbb/5.5.bcc2.5.5,-0.9832108020782471,1.0
2/-bb-bbb/5.5.bccb1.5.5,0.9568791389465332,-1.0
1/-bb-bba/5.5.bccb1.e4.5,-0.5820447206497192,1.0
2/-bb-bda/5.dd3.bccb1.e4.5,0.4331732988357544,-1.0
1/-db-bda/5.dda2.bccb1.ea3.5,-0.12699037790298462,1.0
2/-dbada/5.ddac1.bccb1.ea3.5,0.17592845857143402,-1.0
1/-dbad-b/1e3.ddac1.bccb1.ea3.5,-0.1670672744512558,1.0
2/abad-b/1ea2.ddac1.bccb1.ea3.aa3,0.7077935338020325,-1.0
1/abad-c/1ea2.ddac1.bccb1.eae2.aa3,-0.6175826191902161,1.0
2/abbd-c/1ea2.ddac1.bccb1.eae2.aac2,0.46135470271110535,-1.0
1/abba-c/dea2.ddac1.bccbd.eaed1.aac2,-0.38322779536247253,1.0
2/abbaa/deae1.ddac1.bccbd.eaed1.aace1,0.3909399211406708,-1.0
1/a-bbaa/deae1.ddacb.bccbd.eaedb.aace1,-0.15464338660240173,1.0
2/aabaa/deae1.ddacb.bccbd.eaedb.aaceb,0.014626016840338707,-1.0
1/aaaaa/deaec.ddacb.bccbd.eaedb.aaceb,-0.1792541891336441,1.0
1/a-de-bb/5.2bd1.2de1.1bea1.2c2,-0.8220875263214111,1.0
2/aae-bb/3b1.2bd1.1bde1.1bea1.1bc2,0.22218728065490723,-1.0
1/aae-b-b/3b1.1ebd1.1bde1.1beae.1bc2,-0.8727834224700928,1.0
2/aaea-b/3b1.1ebd1.1bded.1beae.1bc2,0.7680580019950867,-1.0
1/-baea-b/3b1.aebd1.1bded.1beae.1bc2,-0.8448163270950317,1.0
2/-baeaa/2eb1.aebd1.1bded.1beae.1bc2,0.6817035675048828,-1.0
1/-badaa/2eb1.aebd1.1bded.1beae.1bcc1,-0.6420947909355164,1.0
2/aadaa/2eb1.aebd1.abded.1beae.1bcc1,0.6520711183547974,-1.0
1/aaaaa/1ceb1.aebd1.abded.cbeae.1bccc,-0.46335679292678833,1.0
2/baaaa/aceb1.aebd1.abded.cbeae.1bccc,0.1510280966758728,-1.0
1/aaaaa/aceb1.aebda.abded.cbeae.1bccc,-0.10655300319194794,1.0
2/aaaba/acebd.aebda.abded.cbeae.1bccc,0.12943722307682037,-1.0
1/aaaaa/acebd.aebda.abded.cbeae.dbccc,-0.257110059261322,1.0
2/-dc-ce-c/5.2e2.1ec2.2edb.5,-0.7254960536956787,1.0
1/-dc-cc-c/5.2e2.decd1.2edb.5,0.6259735822677612,-1.0
2/-dd-cc-c/5.2eb1.decd1.2edb.5,-0.12420383095741272,1.0
1/-dd-dc-c/3c1.2eb1.decd1.2edb.5,0.16348159313201904,-1.0
2/-ddac-c/2cc1.2eb1.decdc.2edb.3c1,-0.034957416355609894,1.0
1/-dbac-c/2cc1.2ebb.decdc.1bedb.3c1,0.036174315959215164,-1.0
2/-dbaca/2cc1.1eebb.decdc.ebedb.3c1,0.04901201277971268,1.0
1/-ebaca/2cc1.1eebb.decdc.ebedb.2ac1,0.16510175168514252,-1.0
2/-bbaca/1acc1.aeebb.decdc.ebedb.1aac1,0.3865441083908081,1.0
1/-bbaaa/dacc1.aeebb.decdc.ebedb.daac1,-0.19613921642303467,-1.0
2/abaaa/dacca.aeebb.decdc.ebedb.daac1,0.2062169909477234,1.0
1/aaaaa/dacca.aeebb.decdc.ebedb.daacb,-0.12508812546730042,-1.0
2/-b-dcdb/5.5.1c3.5.5,0.9984338879585266,-1.0
1/-b-dcd-b/5.2e2.1ce2.5.5,-0.9459875226020813,1.0
2/-b-dce-b/5.2e2.1ced1.5.5,0.8231955766677856,-1.0
1/-b-dcd-b/5.2ed1.1ced1.5.5,-0.611862063407898,1.0
2/b-dcd-b/3a1.2ed1.1ced1.3a1.5,0.936687707901001,-1.0
1/a-dcd-b/3a1.2ed1.1ced1.2aa1.5,-0.9676916003227234,1.0
2/a-ccd-b/3a1.2ed1.1ced1.1baa1.5,0.6198124289512634,-1.0
1/a-ccc-b/2da1.2ed1.1ced1.1baa1.5,-0.4114726483821869,1.0
2/a-ccca/2da1.2ed1.1ced1.1baa1.3e1,0.5506740808486938,-1.0
1/a-dcca/2da1.2ed1.1ced1.bbaa1.3e1,-0.412442684173584,1.0
2/a-dccb/2da1.2ed1.1cede.bbaa1.3e1,0.3327467739582062,-1.0
1/a-dacb/2da1.1ced1.ccede.bbaa1.3e1,-0.3789501488208771,1.0
2/a-bacb/1bda1.bced1.ccede.bbaa1.3e1,0.002144172787666321,-1.0
1/-b-bacb/1bda1.bced1.ccede.bbaa1.2ae1,-0.48606768250465393,1.0
2/-baacb/bbda1.bced1.ccede.bbaa1.2ae1,0.39539065957069397,-1.0
1/-baaab/bbda1.bced1.ccede.bbaad.1dae1,-0.3290556073188782,1.0
2/aaaab/bbda1.bceda.ccede.bbaad.1dae1,-0.05272338539361954,-1.0
1/aaaaa/bbda1.bceda.ccede.bbaad.1daee,-0.2102290242910385,1.0
2/aabaa/bbda1.bceda.ccede.bbaad.cdaee,0.15971432626247406,-1.0
1/aaaaa/bbdac.bceda.ccede.bbaad.cdaee,-0.13375674188137054,1.0
1/cbc-d-d/1a3.cebeb.1ddba.1ba2.5,-0.6292034387588501,1.0
2/cbc-da/1a3.cebeb.eddba.1bae1.1e3,-0.280012309551239,-1.0
1/cbb-da/1ac2.cebeb.eddba.1bae1.1e3,-0.5742892026901245,1.0
2/cbb-ba/1acd1.cebeb.eddba.dbae1.1e3,0.6345004439353943,-1.0
1/cb-b-ba/1acd1.cebeb.eddba.dbaec.1ec2,-0.31242895126342773,1.0
2/cb-baa/1acd1.cebeb.eddba.dbaec.1ecd1,0.2810782194137573,-1.0
1/ab-baa/aacda.cebeb.eddba.dbaec.1ecd1,-0.15593619644641876,1.0
2/abaaa/aacda.cebeb.eddba.dbaec.1ecdc,0.03873884677886963,-1.0
1/aaaaa/aacda.cebeb.eddba.dbaec.becdc,-0.19699548184871674,1.0
1/dada-d/5.1ada1.3b1.5.5,-0.985109806060791,1.0
2/dada-c/5.1ada1.2eb1.5.5,0.9825035333633423,-1.0
1/daca-c/5.1adac.2eb1.5.5,-0.9722277522087097,1.0
2/dada-c/5.1adac.1ceb1.5.5,0.9696388840675354,-1.0
1/dada-d/5.1adac.1ceb1.1e3.5,-0.8589840531349182,1.0
2/dadc-d/3d1.1adac.1ceb1.1ed2.5,0.870372474193573,-1.0
1/cadc-d/3d1.1adac.1ceba.1ed2.5,-0.8428016901016235,1.0
2/cadc-c/3de.1adac.1ceba.1ed2.5,0.8711804151535034,-1.0
1/c-cdc-c/2bde.1adac.1ceba.1edb1.5,-0.7959810495376587,1.0
2/c-bdc-c/2bde.1adac.1ceba.1edb1.3b1,0.7625392079353333,-1.0
1/c-bac-c/2bde.cadac.1ceba.1edbc.2cb1,-0.4875442683696747,1.0
2/caac-c/2bde.cadac.1ceba.1edbc.2cbb,0.17260901629924774,-1.0
1/caaa-c/1dbde.cadac.dceba.1edbc.2cbb,-0.004923637490719557,1.0
2/caaaa/1dbde.cadac.dceba.eedbc.1ecbb,0.11458223313093185,-1.0
1/aaaaa/adbde.cadac.dceba.eedbc.aecbb,-0.14661453664302826,1.0
1/-dd-edc/5.1d3.ebeb1.1cd2.1e3,-0.7233483195304871,1.0
2/-dd-ddc/5.cd3.ebeb1.1cd2.1e3,0.6708992123603821,-1.0
1/-ed-ddc/5.cda2.ebeb1.1cd2.1e3,-0.38984596729278564,1.0
2/-ed-bdc/5.cdac1.ebeb1.ccd2.1e3,0.49892836809158325,-1.0
1/-ed-bda/3e1.cdac1.ebeb1.ccde1.1e3,-0.22234249114990234,1.0
2/-cd-bda/2ae1.cdaca.ebeb1.ccde1.1e3,0.4671930968761444,-1.0
1/-ca-bda/1baeb.cdaca.ebebb.ccde1.1e3,-0.07518064975738525,1.0
2/aa-bda/1baeb.cdaca.ebebb.ccde1.aea2,0.4922493100166321,-1.0
1/aa-bca/1baeb.cdaca.ebebb.ccde1.aead1,-0.40147528052330017,1.0
2/aaaca/1baeb.cdaca.ebebb.ccdec.aead1,0.35199394822120667,-1.0
1/aaaaa/dbaeb.cdaca.ebebb.ccdec.aeadd,-0.21140459179878235,1.0
2/aabb-d/bc3.badde.aacac.ebbbd.1cda1,-0.8056839108467102,1.0
1/aaab-d/bcc2.badde.aacac.ebbbd.1cda1,0.47993963956832886,-1.0
2/aaaba/bcce1.badde.aacac.ebbbd.ecdae,-0.3421347141265869,1.0
1/aaaaa/bcced.badde.aacac.ebbbd.ecdae,-0.2951659858226776,-1.0
1/bb-bd-c/5.5.1e3.5.5,-0.9988863468170166,1.0
2/bb-bd-b/5.5.1ee2.5.5,0.9807619452476501,-1.0
1/bb-bb-b/5.2d2.1ee2.2d2.5,-0.9516640901565552,1.0
2/bd-bb-b/5.1bd2.1ee2.2db1.5,0.8598210215568542,-1.0
1/bd-bb-c/5.1bd2.1ee2.1edb1.5,-0.9394915699958801,1.0
2/bd-bc-c/5.1bd2.1ee2.1edbd.5,0.7914449572563171,-1.0
1/ba-bc-c/2b2.bbd2.1eeb1.1edbd.5,-0.5082630515098572,1.0
2/bacc-c/2b2.bbd2.1eebc.1edbd.3cc,0.6661064624786377,-1.0
1/baca-c/2b2.bbdd1.deebc.1edbd.3cc,-0.6317603588104248,1.0
2/caca-c/2b2.bbdd1.deebc.1edbd.2acc,0.5342634320259094,-1.0
1/caaa-c/1cbc1.bbdd1.deebc.1edbd.2acc,-0.7175285220146179,1.0
2/daaa-c/1cbc1.bbdda.deebc.1edbd.2acc,0.6836836338043213,-1.0
1/baaa-c/1cbca.bbdda.deebc.1edbd.1aacc,-0.18300709128379822,1.0
2/baaaa/ecbca.bbdda.deebc.eedbd.1aacc,0.11907561868429184,-1.0
1/aaaaa/ecbca.bbdda.deebc.eedbd.aaacc,-0.2116096466779709,1.0
1/da-d-b-b/5.3b1.5.5.5,0.9975098371505737,-1.0
2/db-d-b-b/5.2bb1.5.5.5,-0.9968786239624023,1.0
1/db-d-b-c/5.2bbe.5.5.5,0.986678421497345,-1.0
2/db-c-b-c/5.2bbe.2c2.5.5,-0.9681503176689148,1.0
1/cb-c-b-c/5.2bbe.2ca1.5.5,0.9454857110977173,-1.0
2/cb-b-b-c/5.1cbbe.2ca1.5.5,-0.8807265162467957,1.0
1/cb-b-b-d/5.1cbbe.2ca1.2e2.5,0.8725782632827759,-1.0
2/cb-bb-d/5.1cbbe.1dca1.2e2.2d2,-0.6568726301193237,1.0
1/c-b-bb-d/5.1cbbe.1dcab.2eb1.2d2,0.7179080247879028,-1.0
2/c-bbb-d/3c1.ccbbe.1dcab.2eb1.2d2,-0.5977404713630676,1.0
1/c-bb-b-d/3c1.ccbbe.1dcab.1deb1.2dd1,0.5247594118118286,-1.0
2/c-bb-ba/2ece.ccbbe.1dcab.1debe.2dd1,-0.13047534227371216,1.0
1/b-bb-ba/2ece.ccbbe.1dcab.1debe.2dda,-0.20290173590183258,-1.0
2/b-bbaa/2ece.ccbbe.1dcab.1debe.1ddda,0.08191930502653122,1.0
1/a-bbaa/2ece.ccbbe.adcab.1debe.1ddda,-0.10147111862897873,-1.0
2/b-bbaa/2ece.ccbbe.adcab.adebe.1ddda,0.11193963885307312,1.0
1/a-bbaa/1aece.ccbbe.adcab.adebe.1ddda,-0.25914639234542847,-1.0
2/aabaa/baece.ccbbe.adcab.adebe.1ddda,0.0999724492430687,1.0
1/aaaaa/baece.ccbbe.adcab.adebe.cddda,-0.09581562131643295,-1.0
1/ea-b-b-c/5.1ccdc.1adec.2dbb.3bd,-0.9779102206230164,1.0
2/eb-b-b-c/5.1ccdc.1adec.1bdbb.3bd,0.5040277242660522,-1.0
1/ea-b-b-c/5.1ccdc.1adec.1bdbb.2bbd,-0.54085373878479,1.0
2/ea-ba-c/5.1ccdc.1adec.dbdbb.2bbd,0.5192972421646118,-1.0
1/ca-ba-c/2a2.1ccdc.aadec.dbdbb.2bbd,-0.1730128675699234,1.0
2/caaa-c/1ca2.1ccdc.aadec.dbdbb.2bbd,-0.060762692242860794,-1.0
1/caaa-d/1ca2.1ccdc.aadec.dbdbb.1ebbd,0.14285849034786224,1.0
2/caaaa/1cae1.eccdc.aadec.dbdbb.eebbd,0.12505598366260529,-1.0
1/aaaaa/acaea.eccdc.aadec.dbdbb.eebbd,-0.09834428876638412,1.0
2/abdb-d/5.1a3.5.5.5,0.9973517656326294,-1.0
1/abda-d/5.1a3.1d3.5.5,-0.9880285859107971,1.0
2/abda-c/5.1a3.1d3.1e3.5,0.9824236631393433,-1.0
1/abd-b-c/5.1a3.1dd2.1e3.5,-0.8614324331283569,1.0
2/cbd-b-c/5.1aa2.1dd2.1ea2.5,0.5270595550537109,-1.0
1/cbb-b-c/5.1aa2.cdd2.1ea2.1c3,-0.9115893244743347,1.0
2/cbc-b-c/5.1aa2.cddc1.1ea2.1c3,0.7128023505210876,-1.0
1/c-cc-b-c/5.baab1.cddc1.bea2.1c3,-0.040478967130184174,1.0
2/c-cc-ba/3e1.baab1.cddc1.beae1.1c3,-0.10397730022668839,-1.0
1/c-ca-ba/3e1.baab1.cddc1.beae1.ccc2,0.40026748180389404,1.0
2/c-caaa/3e1.baab1.cddcd.beae1.ccc2,-0.3825378119945526,-1.0
1/b-caaa/2ae1.baab1.cddcd.beae1.ccc2,0.2036835253238678,1.0
2/baaaa/1bae1.baab1.cddcd.beaeb.ccc2,-0.14397452771663666,-1.0
1/aaaaa/1bae1.baab1.cddcd.beaeb.ccca1,-0.34654679894447327,1.0
2/aaaba/1bae1.baab1.cddcd.beaeb.cccad,0.15145227313041687,-1.0
1/aaaaa/dbae1.baab1.cddcd.beaeb.cccad,-0.266112744808197,1.0
2/aaaab/dbae1.baabe.cddcd.beaeb.cccad,0.03741255775094032,-1.0
1/aaaaa/dbaee.baabe.cddcd.beaeb.cccad,-0.17310981452465057,1.0
2/-c-bdb-b/5.5.5.5.1a3,-0.9994361400604248,1.0
1/-c-bcb-b/5.5.5.1c3.1a3,0.9982781410217285,-1.0
2/-cacb-b/5.5.5.1cb2.1a3,-0.9620132446289062,1.0
1/-caca-b/5.5.5.1cb2.1ad2,0.8284978866577148,-1.0
2/-baca-b/5.5.5.acb2.1ad2,-0.7199636101722717,1.0
1/-baba-b/5.5.2c2.acb2.1ad2,0.8125409483909607,-1.0
2/-bcba-b/5.2b2.2c2.acb2.1adb1,-0.4463445544242859,1.0
1/-bcba-d/5.2b2.1ec2.acbe1.1adb1,0.4447455406188965,-1.0
2/-bcba-b/5.1eb2.1ece1.acbe1.1adb1,-0.18269675970077515,1.0
1/-bcb-c-b/2d2.1ebd1.1ece1.acbe1.1adb1,0.2770581841468811,-1.0
2/-bcb-ca/2d2.1ebde.1ece1.acbe1.1adb1,-0.14027957618236542,1.0
1/-bab-ca/1bdb1.1ebde.1ece1.acbe1.1adb1,0.3411693572998047,-1.0
2/-babaa/1bdbd.1ebde.1eced.acbe1.1adb1,-0.021022992208600044,1.0
1/-baaaa/1bdbd.1ebde.ceced.acbe1.1adb1,0.13473084568977356,-1.0
2/-babaa/1bdbd.cebde.ceced.acbe1.1adb1,-0.2585372030735016,1.0
1/-baaaa/1bdbd.cebde.ceced.acbe1.cadb1,0.06341136246919632,-1.0
2/baaaa/abdbd.cebde.ceced.acbea.cadb1,0.12620757520198822,1.0
1/aaaaa/abdbd.cebde.ceced.acbea.cadba,-0.34169718623161316,-1.0
2/d-db-cd/5.3ce.daabd.dceb1.5,-0.6681068539619446,1.0
1/d-d-b-cd/5.2cce.daabd.dcebc.5,0.09049487859010696,-1.0
2/d-da-cd/5.1ccce.daabd.dcebc.5,-0.21390461921691895,1.0
1/b-da-cd/5.1ccce.daabd.dcebc.2aa1,-0.04349502921104431,-1.0
2/b-ba-cd/1bb2.1ccce.daabd.dcebc.2aa1,0.12508051097393036,1.0
1/b-ba-cb/1bb2.eccce.daabd.dcebc.1eaa1,0.07614048570394516,-1.0
2/baa-cb/bbb2.eccce.daabd.dcebc.1eaa1,-0.4567052721977234,1.0
1/aaa-cb/bbb2.eccce.daabd.dcebc.1eaaa,0.0473431833088398,-1.0
2/aaaab/bbbd1.eccce.daabd.dcebc.deaaa,0.1329309642314911,1.0
1/aaaaa/bbbde.eccce.daabd.dcebc.deaaa,-0.19053678214550018,-1.0
2/-d-d-dec/1bc2.1dee1.1ba2.1ca2.2e2,-0.7544347643852234,1.0
1/-d-d-deb/1bce1.1dee1.1ba2.1ca2.2e2,0.540774405002594,-1.0
2/-d-daeb/1bce1.cdee1.cba2.1ca2.1ce2,-0.11568088829517365,1.0
1/-d-dacb/1bce1.cdeed.cbad1.1ca2.1ce2,0.2851160168647766,-1.0
2/-daacb/bbceb.cdeed.cbad1.1cab1.1ce2,0.1502157747745514,1.0
1/-daaab/bbceb.cdeed.cbadd.dcab1.1ce2,0.0887831524014473,-1.0
2/aaaab/bbceb.cdeed.cbadd.dcaba.acea1,0.0626290962100029,1.0
1/aaaaa/bbceb.cdeed.cbadd.dcaba.aceae,-0.2329094260931015,-1.0
1/-d-cdbb/5.5.b4.5.5,-0.999614953994751,1.0
2/-d-bdbb/5.5.b4.2b2.5,0.9977856278419495,-1.0
1/-e-bdbb/5.5.ba3.2b2.5,-0.8809512257575989,1.0
2/-d-bdbb/5.5.baa2.2b2.5,0.8980764150619507,-1.0
1/-d-bdba/5.5.baa2.2be1.5,-0.6511889696121216,1.0
2/-d-bdda/5.5.baad1.2bed.5,0.6042585968971252,-1.0
1/-d-bdaa/5.2d2.baadd.2bed.4d,-0.07997120171785355,1.0
2/-d-beaa/5.2d2.baadd.2bed.3cd,-0.16668647527694702,-1.0
1/-d-bcaa/5.1cd2.baadd.2bed.2ccd,-0.3430382311344147,1.0
2/a-bcaa/5.acda1.baadd.1abed.2ccd,0.11966954171657562,-1.0
1/a-bca-c/2e2.acda1.baadd.1abed.1eccd,0.24550680816173553,1.0
2/abca-c/1be2.acdab.baadd.1abed.1eccd,-0.1707848608493805,-1.0
1/abaa-c/cbe2.acdab.baadd.cabed.1eccd,0.23907527327537537,1.0
2/abaaa/cbee1.acdab.baadd.cabed.eeccd,-0.01642991229891777,-1.0
1/aaaaa/cbeeb.acdab.baadd.cabed.eeccd,-0.2000742107629776,1.0
1/-deb-bb/5.3b1.1dad1.3a1.5,-0.9562064409255981,1.0
2/-ded-bb/5.2cb1.1dad1.2ca1.5,0.974407970905304,-1.0
1/-ded-cb/5.2cb1.1dad1.1dca1.5,-0.8585677742958069,1.0
2/-ded-cc/5.2cb1.1dad1.edca1.5,0.8453794121742249,-1.0
1/-ddd-cc/5.2cbb.1dad1.edca1.5,-0.8600603342056274,1.0
2/-cdd-cc/5.1acbb.1dad1.edca1.5,0.8903061151504517,-1.0
1/-cda-cc/5.1acbb.cdadc.edca1.2c2,-0.4495289921760559,1.0
2/-cdaac/2d2.1acbb.cdadc.edcad.2c2,0.7317434549331665,-1.0
1/-cdaab/2de1.1acbb.cdadc.edcad.2c2,-0.6401832103729248,1.0
2/-cdaac/2dee.1acbb.cdadc.edcad.2c2,0.5365201234817505,-1.0
1/-caaac/1bdee.bacbb.cdadc.edcad.1bc2,-0.30309051275253296,1.0
2/aaaac/abdee.bacbb.cdadc.edcad.1bca1,0.36308518052101135,-1.0
1/aaaaa/abdee.bacbb.cdadc.edcad.ebcae,-0.33572131395339966,1.0
1/-c-caeb/3a1.1aeb1.1a3.de3.1c3,-0.8572209477424622,1.0
2/-c-caec/3a1.1aeb1.ea3.de3.1c3,0.6377462148666382,-1.0
1/-c-caea/3a1.eaebe.ea3.de3.1c3,-0.8062053322792053,1.0
2/a-caea/2aaa.eaebe.ea3.de3.1c3,0.359871506690979,-1.0
1/a-daea/2aaa.eaebe.eab2.de3.1c3,-0.8570263385772705,1.0
2/a-dcea/2aaa.eaebe.eabc1.dec2.1c3,0.7376018762588501,-1.0
1/a-dcaa/2aaa.eaebe.eabcd.decd1.dcd2,-0.16023269295692444,1.0
2/aacaa/1baaa.eaebe.eabcd.decdb.dcdb1,0.368653804063797,-1.0
1/aaaaa/cbaaa.eaebe.eabcd.decdb.dcdbc,-0.21174655854701996,1.0
2/c-eb-bd/5.5.5.2ba1.5,-0.9852460622787476,1.0
1/c-eb-bc/5.5.5.1eba1.5,0.9751873016357422,-1.0
2/c-ebac/5.5.5.1eba1.3d1,-0.9207762479782104,1.0
1/b-ebac/5.5.3a1.1eba1.3d1,0.571955144405365,-1.0
2/b-ecac/5.5.3ac.1eba1.3d1,-0.5764005184173584,1.0
1/b-ecab/5.5.2eac.1eba1.3d1,0.16484376788139343,-1.0
2/b-ecbb/5.5.2eac.1ebad.3d1,-0.3801577091217041,1.0
1/a-ecbb/5.5.2eac.1ebad.2ad1,0.10164941847324371,-1.0
2/a-ccbb/5.3bb.2eac.1ebad.2ad1,0.23771020770072937,1.0
1/a-cabb/5.2cbb.2eac.1ebad.2adc,-0.4490029215812683,-1.0
2/aaabb/4b.2cbb.1beac.1ebad.2adc,0.497549444437027,1.0
1/aaaba/4b.1ecbb.1beac.1ebad.2adc,-0.5733921527862549,-1.0
2/aaabb/4b.1ecbb.1beac.1ebad.1eadc,0.5008412003517151,1.0
1/aaa-bb/3db.decbb.1beac.1ebad.1eadc,-0.30515986680984497,-1.0
2/aab-bb/2cdb.decbb.1beac.1ebad.1eadc,0.15682359039783478,1.0
1/aab-ba/1ecdb.decbb.1beac.1ebad.1eadc,-0.2863524258136749,-1.0
2/bab-ba/aecdb.decbb.1beac.1ebad.1eadc,0.21103574335575104,1.0
1/aab-ba/aecdb.decbb.abeac.1ebad.1eadc,-0.2116667926311493,-1.0
2/aabaa/aecdb.decbb.abeac.debad.1eadc,0.16310329735279083,1.0
1/aaaaa/aecdb.decbb.abeac.debad.ceadc,-0.1928037852048874,-1.0
2/bcd-e-d/5.2b2.2d2.5.5,-0.9858608245849609,1.0
1/bcc-e-d/5.2b2.2d2.2c2.5,0.9767544269561768,-1.0
2/bcc-e-c/5.2b2.2d2.1ec2.5,-0.7667574286460876,1.0
1/acc-e-c/5.2b2.2da1.1ec2.5,0.21925261616706848,-1.0
2/acc-d-c/5.2bd1.2da1.1ec2.5,-0.7944308519363403,1.0
1/aca-d-c/5.2bdc.2da1.1ecc1.5,0.8023425936698914,-1.0
2/acaa-c/5.2bdc.1ddad.1ecc1.3d1,-0.6500376462936401,1.0
1/aaaa-c/5.1bbdc.1ddad.becc1.3d1,0.4457762539386749,-1.0
2/aaaa-b/5.1bbdc.1ddad.becce.3d1,-0.5395730137825012,1.0
1/a-baa-b/1b3.1bbdc.1ddad.becce.3d1,0.48498597741127014,-1.0
2/aaaa-b/1b3.1bbdc.1ddad.becce.3db,-0.5107482671737671,1.0
1/aaaa-c/1be2.1bbdc.1ddad.becce.3db,0.3249432444572449,-1.0
2/aaba-c/1be2.1bbdc.1ddad.becce.2cdb,-0.6330982446670532,1.0
1/aaaa-c/1bec1.1bbdc.1ddad.becce.2cdb,0.40643683075904846,-1.0
2/aaaaa/1bece.1bbdc.eddad.becce.2cdb,-0.2366051971912384,1.0
1/-baaaa/1bece.abbdc.eddad.becce.2cdb,0.32254186272621155,-1.0
2/baaaa/abece.abbdc.eddad.becce.1acdb,0.15909183025360107,1.0
1/aaaaa/abece.abbdc.eddad.becce.aacdb,-0.26106661558151245,-1.0
1/-dbbab/5.2d2.5.5.5,-0.9990559816360474,1.0
2/-dcbab/2b2.2d2.5.5.5,0.9956363439559937,-1.0
1/-dcb-bb/2b2.2d2.1d3.5.5,-0.9853770136833191,1.0
2/-dcb-bc/2b2.1ed2.1d3.5.5,0.9713935852050781,-1.0
1/-ecb-bc/2b2.1ed2.1da2.5.5,-0.8376146554946899,1.0
2/-dcb-bc/2b2.1ed2.1daa1.5.5,0.730518102645874,-1.0
1/-dbb-bc/2b2.1ed2.1daa1.2b2.5,-0.4327593445777893,1.0
2/-dbd-bc/2b2.1edc1.1daac.2b2.5,0.684920608997345,-1.0
1/-dbd-b-b/1eb2.1edce.1daac.1eb2.5,-0.5906969904899597,1.0
2/-dbd-ba/1eb2.1edce.1daac.1eb2.1e3,0.20365728437900543,-1.0
1/-dbc-ba/1eb2.cedce.1daac.1eb2.1e3,-0.4554952383041382,1.0
2/-dbcba/1eb2.cedce.1daac.1ebd1.1ed2,0.2527967393398285,-1.0
1/-d-bcba/1eb2.cedce.bdaac.1ebd1.1edb1,-0.3076079785823822,1.0
2/a-bcba/aeba1.cedce.bdaac.aebd1.1edb1,0.4770638644695282,-1.0
1/a-baba/aeba1.cedce.bdaac.aebdc.cedb1,-0.14275461435317993,1.0
2/aaaba/aeba1.cedce.bdaac.aebdc.cedbb,0.06762868911027908,-1.0
1/aaaaa/aebad.cedce.bdaac.aebdc.cedbb,-0.10783252865076065,1.0
2/d-cb-bb/5.5.5.1b3.5,0.9993545413017273,-1.0
1/d-ca-bb/5.5.5.1b3.1c3,-0.9876631498336792,1.0
2/d-caab/5.5.d4.1b3.1c3,0.981805682182312,-1.0
1/d-caa-b/5.5.de3.eb3.1c3,-0.9096366763114929,1.0
2/e-caa-b/5.5.de3.eba2.1c3,0.8747196793556213,-1.0
1/e-ca-c-b/5.d4.de3.ebad1.1c3,-0.14963854849338531,1.0
2/e-ba-c-b/5.d4.de3.ebadb.1c3,0.04417859762907028,-1.0
1/e-b-c-c-b/5.d4.de3.ebadb.ccc2,0.1657886952161789,1.0
2/eb-c-c-b/b4.d4.deb2.ebadb.ccc2,-0.13450004160404205,-1.0
1/db-c-c-b/b4.d4.deba1.ebadb.ccc2,0.20823465287685394,1.0
2/db-c-ca/b4.de3.deba1.ebadb.ccc2,-0.16065843403339386,-1.0
1/bb-c-ca/b4.dea2.debaa.ebadb.ccc2,0.16089563071727753,1.0
2/bb-c-cb/b4.deae1.debaa.ebadb.ccc2,-0.49519869685173035,-1.0
1/bb-c-ca/b4.deaee.debaa.ebadb.ccc2,0.3508897125720978,1.0
2/bb-caa/bd3.deaee.debaa.ebadb.cccd1,-0.20882810652256012,-1.0
1/ab-caa/bda2.deaee.debaa.ebadb.cccd1,0.16923199594020844,1.0
2/abaaa/bdac1.deaee.debaa.ebadb.cccdc,-0.20017237961292267,-1.0
1/aaaaa/bdacb.deaee.debaa.ebadb.cccdc,-0.17869341373443604,1.0
1/c-cadb/4d.2ad1.1eac1.1abe1.5,-0.958728551864624,1.0
2/c-badb/4d.1bad1.1eac1.1abe1.5,0.9524068832397461,-1.0
1/c-b-cdb/3cd.1badc.1eac1.1abe1.5,-0.716254711151123,1.0
2/ca-cdb/3cd.1badc.beac1.1abe1.5,0.6936852335929871,-1.0
1/ca-cbb/2dcd.1badc.beac1.1abe1.2d2,-0.5704475045204163,1.0
2/ca-bbb/2dcd.1badc.beac1.cabe1.2d2,0.6515896320343018,-1.0
1/aa-bbb/1adcd.abadc.beac1.cabe1.2d2,-0.44751110672950745,1.0
2/aa-bbc/1adcd.abadc.beace.cabe1.2d2,0.4477415680885315,-1.0
1/a-b-bbc/1adcd.abadc.beace.cabe1.1bd2,-0.4891333281993866,1.0
2/aa-bbc/1adcd.abadc.beace.cabeb.1bd2,0.44580328464508057,-1.0
1/aa-bba/1adcd.abadc.beace.cabeb.ebde1,-0.21460196375846863,1.0
2/aaaba/cadcd.abadc.beace.cabeb.ebde1,0.1373814195394516,-1.0
1/aaaaa/cadcd.abadc.beace.cabeb.ebded,-0.0910724475979805,1.0
2/bd-b-e-b/5.5.1d3.5.5,-0.9986775517463684,1.0
1/ad-b-e-b/5.1a3.1d3.5.5,0.9964278340339661,-1.0
2/ad-b-c-b/1d3.1a3.1d3.1d3.5,-0.991468608379364,1.0
1/ad-b-c-c/1d3.1a3.1d3.1de2.5,0.9601802825927734,-1.0
2/bd-b-c-c/1d3.1a3.1d3.1dea1.5,-0.9525661468505859,1.0
1/bd-b-c-d/1d3.1a3.ed3.1dea1.5,0.9085333943367004,-1.0
2/be-b-c-d/1d3.1a3.edb2.1dea1.5,-0.5521843433380127,1.0
1/be-c-c-d/1d3.1a3.edbc1.1dea1.5,0.6292091608047485,-1.0
2/be-ca-d/1d3.1ad2.edbc1.1dea1.1d3,-0.285846084356308,1.0
1/-be-ca-d/1d3.aad2.edbc1.adea1.1d3,0.4407880902290344,-1.0
2/-be-caa/1de2.aade1.edbc1.adea1.ed3,0.10924544930458069,1.0
1/-be-daa/1de2.aade1.edbc1.adea1.edc2,0.15617221593856812,-1.0
2/-be-caa/1de2.aade1.edbc1.adea1.edcc1,0.2248006910085678,1.0
1/-bd-caa/1de2.aadeb.edbc1.adea1.edcc1,-0.08567608892917633,-1.0
2/ad-caa/1de2.aadeb.edbca.adea1.edcc1,0.2577356994152069,1.0
1/ab-caa/1deb1.aadeb.edbca.adeab.edcc1,-0.10437561571598053,-1.0
2/abaaa/1debc.aadeb.edbca.adeab.edccc,0.06422446668148041,1.0
1/aaaaa/bdebc.aadeb.edbca.adeab.edccc,-0.1066073626279831,-1.0
2/b-d-b-bc/5.5.2e2.5.5,-0.9994344711303711,1.0
1/b-d-b-cc/5.5.2e2.2d2.5,0.9982563257217407,-1.0
2/b-da-cc/5.3c1.2e2.2d2.5,-0.9938690662384033,1.0
1/b-da-dc/5.2dc1.2e2.2d2.5,0.9787832498550415,-1.0
2/b-da-dd/5.1edc1.2e2.2d2.5,-0.8502073884010315,1.0
1/a-da-dd/5.1edc1.2ea1.2d2.5,0.7170224189758301,-1.0
2/a-db-dd/5.1edc1.2eac.2d2.5,-0.7776500582695007,1.0
1/-b-db-dd/5.1edc1.2eac.2da1.5,0.665464460849762,-1.0
2/-b-db-cd/5.1edc1.2eac.2dad.5,-0.46010950207710266,1.0
1/-c-db-cd/5.1edc1.2eac.2dad.2a2,0.2286631315946579,-1.0
2/-c-bb-cd/5.1edcb.1beac.2dad.2a2,-0.13506628572940826,1.0
1/-c-ba-cd/5.1edcb.1beac.1cdad.2a2,0.289908766746521,-1.0
2/-c-baad/5.1edcb.1beac.dcdad.1da2,-0.1245846301317215,1.0
1/-c-b-bad/4c.1edcb.1beac.dcdad.1da2,0.3574916422367096,-1.0
2/-c-baad/4c.1edcb.cbeac.dcdad.1da2,-0.09680666029453278,1.0
1/-c-baac/3ec.1edcb.cbeac.dcdad.1da2,0.2729382812976837,-1.0
2/-cbaac/2bec.bedcb.cbeac.dcdad.1da2,0.277400940656662,1.0
1/-caaac/1bbec.bedcb.cbeac.dcdad.1da2,-0.1765529215335846,-1.0
2/aaaac/1bbec.bedcb.cbeac.dcdad.adaa1,0.30832865834236145,1.0
1/aaaaa/ebbec.bedcb.cbeac.dcdad.adaae,-0.16544955968856812,-1.0
2/-bbcbb/5.5.3c1.5.5,0.9976274967193604,-1.0
1/-bacbb/5.2b2.3c1.5.5,-0.9911097884178162,1.0
2/-bacbc/5.1eb2.3c1.5.5,0.9821141362190247,-1.0
1/-bacac/5.1ebd1.3c1.5.5,-0.9363778829574585,1.0
2/aacac/5.1ebd1.2ac1.5.5,0.9794468283653259,-1.0
1/aacaa/5.1ebde.2ace.5.5,-0.9268215298652649,1.0
2/abcaa/5.bebde.2ace.5.5,0.7594453692436218,-1.0
1/-cbcaa/1a3.bebde.2ace.2a2.5,-0.7779106497764587,1.0
2/-cbdaa/1a3.bebde.2ace.2a2.2c2,0.5930143594741821,-1.0
1/-cadaa/1a3.bebde.1bace.2a2.2c2,-0.6351349949836731,1.0
2/-badaa/1a3.bebde.abace.2a2.2c2,0.4410455822944641,-1.0
1/-babaa/1a3.bebde.abace.1cac1.2c2,-0.34355321526527405,1.0
2/-babca/1a3.bebde.abace.dcac1.2cd1,0.5113034844398499,-1.0
1/-babc-b/1a3.bebde.abace.dcace.2cd1,-0.5192891955375671,1.0
2/aabc-b/1aa2.bebde.abace.dcace.2cd1,0.5088958144187927,-1.0
1/aaac-b/1aa2.bebde.abace.dcace.2cdc,-0.528264582157135,1.0
2/abac-b/1aab1.bebde.abace.dcace.2cdc,0.4516460597515106,-1.0
1/aaac-b/1aabb.bebde.abace.dcace.2cdc,-0.4579905867576599,1.0
2/aaaca/1aabb.bebde.abace.dcace.1ecdc,0.44816869497299194,-1.0
1/aaaaa/daabb.bebde.abace.dcace.decdc,-0.2811942398548126,1.0
1/-ebb-cd/3b1.1bca1.1bdce.2ceb.3c1,-0.5906804800033569,1.0
2/-cbb-cd/3b1.1bca1.1bdce.1aceb.2ac1,0.2033437341451645,-1.0
1/-cbb-dd/2db1.1bca1.1bdce.1aceb.2ac1,-0.2092146873474121,1.0
2/-cbb-bd/2db1.dbcad.1bdce.1aceb.2ac1,0.36489278078079224,-1.0
1/-cbb-ba/1edbe.dbcad.ebdce.1aceb.2ac1,-0.13302461802959442,1.0
2/abb-ba/aedbe.dbcad.ebdce.aaceb.2ac1,-0.007796540856361389,-1.0
1/aba-ba/aedbe.dbcad.ebdce.aaceb.1cac1,-0.08957062661647797,1.0
2/abaaa/aedbe.dbcad.ebdce.aaceb.dcac1,0.12274753302335739,-1.0
1/aaaaa/aedbe.dbcad.ebdce.aaceb.dcacb,-0.14979217946529388,1.0
2/-bd-dd-c/5.5.e4.5.5,-0.9993735551834106,1.0
1/-cd-dd-c/5.3a1.e4.5.5,0.9966882467269897,-1.0
2/-cd-de-c/5.3a1.ed3.5.5,-0.9354756474494934,1.0
1/-cd-dd-c/5.3a1.edd2.5.5,0.8342806696891785,-1.0
2/-cd-bd-c/5.2ca1.edd2.2c2.5,-0.8766844272613525,1.0
1/-cb-bd-c/5.2ca1.eddb1.2c2.2b2,0.4940699338912964,-1.0
2/-cb-bd-b/5.2ca1.eddb1.1ec2.2b2,-0.29298046231269836,1.0
1/-cb-bb-b/2d2.2ca1.eddb1.dec2.2b2,0.6241368651390076,-1.0
2/-cb-bba/2d2.2ca1.eddb1.dece1.2b2,-0.6779894232749939,1.0
1/-cb-cba/2dc1.2ca1.eddb1.dece1.2b2,0.1917732059955597,-1.0
2/bb-cba/2dc1.2ca1.eddba.dece1.1aba1,0.031465981155633926,1.0
1/b-b-cba/2dc1.1bca1.eddba.dece1.baba1,-0.197867751121521,-1.0
2/b-baba/1cdc1.1bca1.eddba.decec.baba1,0.008463461883366108,1.0
1/b-bab-b/1cdc1.ebca1.eddba.decec.baba1,-0.31378620862960815,-1.0
2/baab-b/bcdc1.ebca1.eddba.decec.baba1,0.14064207673072815,1.0
1/aaab-b/bcdc1.ebca1.eddba.decec.babaa,-0.20811091363430023,-1.0
2/aaaba/bcdc1.ebcae.eddba.decec.babaa,0.01854313537478447,1.0
1/aaaaa/bcdcd.ebcae.eddba.decec.babaa,-0.14880141615867615,-1.0
1/-bbaca/5.1ebad.dacbb.daee1.2ba1,-0.76840740442276,1.0
2/abaca/4a.1ebad.dacbb.daee1.2ba1,0.6455931067466736,-1.0
1/abac-b/4a.eebad.dacbb.daee1.2ba1,-0.570280134677887,1.0
2/abbc-b/3ca.eebad.dacbb.daee1.2ba1,0.604147732257843,-1.0
1/ab-bc-b/2cca.eebad.dacbb.daee1.1cba1,-0.5672694444656372,1.0
2/abac-b/2cca.eebad.dacbb.daee1.ccba1,0.4223127067089081,-1.0
1/aaac-b/1bcca.eebad.dacbb.daee1.ccba1,-0.4488068222999573,1.0
2/aaaca/1bcca.eebad.dacbb.daeee.ccba1,0.4104766845703125,-1.0
1/aaaaa/dbcca.eebad.dacbb.daeee.ccbad,-0.23914092779159546,1.0
1/-de-c-bc/5.2ca1.1aded.2b2.5,-0.7834365367889404,1.0
2/-de-c-bd/5.2cae.1aded.2b2.5,-0.21785800158977509,-1.0
1/-dc-c-bd/5.2cae.1aded.1bbb1.5,0.17866556346416473,1.0
2/ac-c-bd/5.2cae.aaded.1bbb1.1aa2,0.12435758858919144,-1.0
1/ac-c-ba/3ee.2cae.aaded.1bbb1.1aae1,0.04473857209086418,1.0
2/ac-cba/2dee.1dcae.aaded.1bbb1.1aae1,0.18403445184230804,-1.0
1/ac-dba/2dee.1dcae.aaded.1bbbc.1aae1,0.08396951109170914,1.0
2/ac-cba/2dee.1dcae.aaded.cbbbc.1aae1,-0.1008564680814743,-1.0
1/aa-cba/1bdee.1dcae.aaded.cbbbc.baae1,0.0611967071890831,1.0
2/aaaba/1bdee.cdcae.aaded.cbbbc.baaec,0.08070075511932373,-1.0
1/aaaaa/dbdee.cdcae.aaded.cbbbc.baaec,-0.07490073889493942,1.0
1/-babd-b/5.2d2.2db1.5.5,-0.8726359009742737,1.0
2/-badd-b/5.2d2.1cdb1.1c3.5,0.8381537199020386,-1.0
1/-bacd-b/5.1cd2.1cdb1.1c3.5,-0.8647508025169373,1.0
2/aacd-b/5.1cda1.1cdb1.1c3.5,0.8653809428215027,-1.0
1/aaca-b/2d2.dcda1.1cdb1.1cd2.5,-0.5406909584999084,1.0
2/acca-b/2d2.dcda1.1cdbb.1cdb1.5,0.6208648085594177,-1.0
1/acca-d/1ed2.dcdae.1cdbb.1cdb1.5,-0.26927846670150757,1.0
2/ccca-d/aed2.dcdae.1cdbb.1cdba.5,0.2751484811306,-1.0
1/ccaa-d/aed2.dcdae.1cdbb.1cdba.1cc2,-0.13200515508651733,1.0
2/ccaa-b/aed2.dcdae.ecdbb.1cdba.1cce1,0.41185688972473145,-1.0
1/acaa-b/aed2.dcdae.ecdbb.acdba.1ccea,-0.5718080997467041,1.0
2/acaaa/aede1.dcdae.ecdbb.acdba.1ccea,0.3049011826515198,-1.0
1/aaaaa/aedeb.dcdae.ecdbb.acdba.bccea,-0.2737389802932739,1.0
1/d-deb-e/5.1aa2.1bdbd.1ced1.1d3,-0.8152979016304016,1.0
2/d-deb-c/2e2.1aae1.1bdbd.1ced1.1d3,0.46853068470954895,-1.0
1/d-dcb-c/2ec1.1aae1.1bdbd.1ced1.1dc2,-0.2557846009731293,1.0
2/d-dcb-b/2ec1.1aae1.1bdbd.1ced1.1dce1,0.377912312746048,-1.0
1/c-dcb-b/1aec1.1aae1.1bdbd.1ced1.1dce1,-0.14498776197433472,1.0
2/c-bcb-b/1aec1.1aae1.1bdbd.bcedb.1dce1,0.47653666138648987,-1.0
1/a-bcb-b/1aec1.1aae1.abdbd.bcedb.1dcea,-0.437041699886322,1.0
2/aacb-b/1aec1.baae1.abdbd.bcedb.1dcea,0.4891238808631897,-1.0
1/aaca-b/1aec1.baae1.abdbd.bcedb.ddcea,-0.3457011282444,1.0
2/aacaa/1aec1.baaee.abdbd.bcedb.ddcea,0.4209117591381073,-1.0
1/aaaaa/caecc.baaee.abdbd.bcedb.ddcea,-0.26820915937423706,1.0
1/bcb-b-b/2e2.1bdb1.eeccb.aacde.2cdd,-0.6560190320014954,1.0
2/bcba-b/2ed1.1bdb1.eeccb.aacde.2cdd,0.6491481065750122,-1.0
1/-bcba-b/2ed1.abdba.eeccb.aacde.2cdd,-0.44097664952278137,1.0
2/-bcbaa/2ede.abdba.eeccb.aacde.2cdd,0.3881645202636719,-1.0
1/-babaa/1bede.abdba.eeccb.aacde.1bcdd,-0.14736296236515045,1.0
2/aabaa/1bede.abdba.eeccb.aacde.abcdd,0.0901193916797638,-1.0
1/aaaaa/cbede.abdba.eeccb.aacde.abcdd,-0.10667102038860321,1.0
2/-db-cac/2c2.2b2.ebec1.babec.1da2,-0.7686587572097778,1.0
1/-db-c-bc/2c2.2bd1.ebec1.babec.1da2,0.6835113763809204,-1.0
2/-db-cbc/2c2.1dbd1.ebec1.babec.dda2,-0.6036654114723206,1.0
1/-db-cba/2c2.1dbd1.ebece.babec.ddae1,0.40048736333847046,-1.0
2/ab-cba/1ac2.1dbda.ebece.babec.ddaea,-0.3696306645870209,1.0
1/ab-caa/1acd1.1dbda.ebece.babec.ddaea,0.012141508981585503,-1.0
2/abaaa/1acdc.cdbda.ebece.babec.ddaea,0.13699398934841156,1.0
1/aaaaa/bacdc.cdbda.ebece.babec.ddaea,-0.08968088030815125,-1.0
2/-bbcd-d/5.2c2.5.5.5,0.9993617534637451,-1.0
1/-bbcd-e/5.2c2.2e2.5.5,-0.9140814542770386,1.0
2/-bbcd-d/5.2c2.2e2.2e2.5,0.9201817512512207,-1.0
1/-bacd-d/5.2c2.1be2.2e2.5,-0.8926650881767273,1.0
2/-bace-d/5.1dc2.1be2.2e2.5,0.8369349837303162,-1.0
1/-bacc-d/5.ddc2.1be2.2e2.4d,-0.7331056594848633,1.0
2/-badc-d/5.ddc2.1be2.2ec1.4d,0.6696692705154419,-1.0
1/-b-cdc-d/2b2.ddc2.1beb1.2ec1.4d,-0.32844221591949463,1.0
2/-badc-d/2b2.ddcb1.bbeb1.2ec1.4d,0.4843680262565613,-1.0
1/-dadc-d/1ab2.ddcb1.bbeb1.2eca.4d,0.22637757658958435,1.0
2/-dadca/1ab2.ddcb1.bbebe.1eeca.3ed,0.342209130525589,-1.0
1/-daaca/1ab2.ddcbc.bbebe.ceeca.2ced,-0.11536956578493118,1.0
2/-caaca/1ab2.ddcbc.bbebe.ceeca.1aced,-0.3450392186641693,-1.0
1/-caaba/dab2.ddcbc.bbebe.ceeca.1aced,0.25030893087387085,1.0
2/aaaba/daba1.ddcbc.bbebe.ceeca.aaced,0.06578166037797928,-1.0
1/aaaaa/dabad.ddcbc.bbebe.ceeca.aaced,-0.1360483318567276,1.0
1/dd-b-c-e/5.2a2.bde2.1ab2.5,-0.7244132161140442,1.0
2/dd-b-c-b/5.1eae1.bde2.1ab2.1e3,0.7452784776687622,-1.0
1/ad-b-c-b/5.aeae1.bdea1.aab2.1e3,-0.005698700901120901,1.0
2/ad-ba-b/5.aeae1.bdead.aabd1.1e3,0.07615132629871368,-1.0
1/ad-da-b/1cc2.aeae1.bdead.aabd1.1e3,0.38968974351882935,1.0
2/ad-db-b/dcc2.aeae1.bdead.aabd1.1e3,-0.3361932933330536,-1.0
1/ab-db-b/dcc2.aeae1.bdead.aabdb.1eb2,0.4364376962184906,1.0
2/abab-b/dccc1.aeaec.bdead.aabdb.ceb2,-0.21226289868354797,-1.0
1/abaa-b/dcccd.aeaec.bdead.aabdb.ceb2,-0.020853178575634956,1.0
2/abaaa/dcccd.aeaec.bdead.aabdb.cebe1,0.2387317419052124,-1.0
1/aaaaa/dcccd.aeaec.bdead.aabdb.cebeb,-0.13083359599113464,1.0
2/d-caab/1b3.1ca2.1dab1.dddd1.1b3,-0.5873646140098572,1.0
1/a-caab/1ba2.1caa1.adab1.dddd1.1b3,0.2572425305843353,-1.0
2/a-caad/1ba2.1caae.adab1.dddd1.1be2,0.32606711983680725,1.0
1/a-caab/1ba2.ecaae.adab1.dddd1.1bee1,-0.22247594594955444,-1.0
2/aaaab/bbab1.ecaae.adab1.dddd1.1bee1,0.2122981995344162,1.0
1/aa-cab/bbabc.ecaae.adabc.dddd1.1bee1,0.14925067126750946,-1.0
2/aaaab/bbabc.ecaae.adabc.ddddc.cbee1,0.05659523233771324,1.0
1/aaaaa/bbabc.ecaae.adabc.ddddc.cbeee,-0.2514875829219818,-1.0
1/d-c-dbb/5.5.5.2b2.5,-0.9992902874946594,1.0
2/d-c-cbb/5.5.2c2.2b2.5,0.993678092956543,-1.0
1/c-c-cbb/5.2a2.2c2.2b2.5,-0.9926514029502869,1.0
2/c-b-cbb/5.2a2.2c2.1bb2.5,0.9811197519302368,-1.0
1/c-b-cab/5.2a2.2c2.dbb2.5,-0.8367844223976135,1.0
2/d-b-cab/5.2a2.1ac2.dbb2.5,0.6840900182723999,-1.0
1/d-c-cab/5.1ba2.1ac2.dbb2.5,-0.7452754378318787,1.0
2/d-c-ccb/5.1bad1.1ac2.dbb2.1d3,0.731332540512085,-1.0
1/a-c-ccb/5.1bad1.aaca1.dbb2.ad3,-0.14787672460079193,1.0
2/a-c-ccd/3e1.1bad1.aacae.dbb2.ad3,0.4251636862754822,-1.0
1/a-c-dcd/3e1.1badc.aacae.dbb2.ad3,-0.723766028881073,1.0
2/a-c-ccd/3ec.1badc.aacae.dbb2.ad3,0.5171055197715759,-1.0
1/a-c-cbd/2dec.1badc.aacae.dbb2.ad3,-0.40726813673973083,1.0
2/a-cabd/1cdec.1badc.aacae.dbbc1.ad3,0.622835099697113,-1.0
1/a-cabc/1cdec.1badc.aacae.dbbce.ad3,-0.48904481530189514,1.0
2/a-babc/1cdec.bbadc.aacae.dbbce.ad3,0.4519437253475189,-1.0
1/a-baba/ecdec.bbadc.aacae.dbbce.ade2,-0.4024677276611328,1.0
2/aaaba/ecdec.bbadc.aacae.dbbce.adeb1,0.06844156235456467,-1.0
1/aaaaa/ecdec.bbadc.aacae.dbbce.adebd,-0.06414394080638885,1.0
1/b-b-bdc/1c3.1bce1.dbeca.dceb1.1ba2,-0.8636006712913513,1.0
2/b-badc/1c3.1bcec.dbeca.dceb1.1ba2,0.7564864754676819,-1.0
1/b-bada/1c3.ebcec.dbeca.dceb1.1bae1,-0.68874192237854,1.0
2/baada/1c3.ebcec.dbeca.dceb1.bbae1,0.5923500061035156,-1.0
1/baaaa/dcd2.ebcec.dbeca.dcebd.bbae1,-0.40408602356910706,1.0
2/caaaa/dcda1.ebcec.dbeca.dcebd.bbae1,0.3872734606266022,-1.0
1/aaaaa/dcdaa.ebcec.dbeca.dcebd.bbaea,-0.2570819556713104,1.0
1/c-b-b-cd/2b2.2ca1.1abe1.adec1.1dd2,-0.5598331689834595,1.0
2/ca-b-cd/2b2.1bca1.1abe1.adec1.1dd2,0.21733632683753967,-1.0
1/ca-b-ca/2be1.1bca1.1abe1.adece.edd2,0.08948203921318054,1.0
2/cab-ca/2be1.1bca1.1abec.adece.eddc1,0.10680774599313736,-1.0
1/c-bb-ca/2be1.1bca1.babec.adece.eddc1,-0.47098398208618164,1.0
2/c-bbaa/1dbe1.1bcad.babec.adece.eddc1,0.2398705780506134,-1.0
1/a-bbaa/1dbea.abcad.babec.adece.eddc1,-0.06500846892595291,1.0
2/aabaa/bdbea.abcad.babec.adece.eddc1,0.07187189161777496,-1.0
1/aaaaa/bdbea.abcad.babec.adece.eddcc,-0.07952430844306946,1.0
1/-dcd-d-b/5.2bc1.3c1.5.5,-0.740764856338501,1.0
2/-dcd-da/5.2bc1.2ec1.5.5,0.5712076425552368,-1.0
1/-dcc-da/5.1cbc1.2ec1.5.5,-0.7971259951591492,1.0
2/-dcc-ba/5.1cbcd.2ec1.2d2.5,0.5007563233375549,-1.0
1/-ecc-ba/5.1cbcd.1aec1.2d2.5,-0.07096128910779953,1.0
2/-ecc-bc/5.1cbcd.1aec1.1ed2.2e2,0.24473263323307037,-1.0
1/-eca-bc/4c.1cbcd.1aec1.1edc1.2e2,0.22717200219631195,1.0
2/-ecabc/4c.dcbcd.1aecd.1edc1.2e2,0.1522190123796463,-1.0
1/-ecabb/4c.dcbcd.eaecd.1edc1.2e2,-0.05116383358836174,1.0
2/-ccabb/4c.dcbcd.eaecd.1edc1.1aea1,0.21560846269130707,-1.0
1/-caabb/4c.dcbcd.eaecd.bedcb.1aea1,-0.18510133028030396,1.0
2/-baabb/4c.dcbcd.eaecd.bedcb.aaea1,0.11443684250116348,-1.0
1/-baaab/3dc.dcbcd.eaecd.bedcb.aaea1,-0.12532365322113037,1.0
2/-bbaab/2bdc.dcbcd.eaecd.bedcb.aaea1,0.11823275685310364,-1.0
1/-bbaaa/1ebdc.dcbcd.eaecd.bedcb.aaea1,-0.11303622275590897,1.0
2/abaaa/1ebdc.dcbcd.eaecd.bedcb.aaeaa,-0.064559705555439,-1.0
1/aaaaa/bebdc.dcbcd.eaecd.bedcb.aaeaa,-0.07035087049007416,1.0
2/-ccb-de/5.1a3.1ccd1.1dbe1.5,-0.3626701831817627,1.0
1/-cab-de/5.1a3.1ccd1.bdbeb.5,-0.12279054522514343,-1.0
2/aab-de/5.1a3.1ccda.bdbeb.3a1,0.5030990242958069,1.0
1/a-bb-de/5.1ab2.1ccda.bdbeb.3a1,-0.34350326657295227,-1.0
2/a-bbae/1d3.1abd1.dccda.bdbeb.3a1,0.7042995691299438,1.0
1/a-b-bae/1dc2.1abdc.dccda.bdbeb.3a1,-0.6718559265136719,-1.0
2/aa-bae/1dcb1.1abdc.dccda.bdbeb.3a1,0.40958020091056824,1.0
1/aa-bab/1dcb1.eabdc.dccda.bdbeb.2eae,-0.3848404884338379,-1.0
2/aaaab/cdcb1.eabdc.dccda.bdbeb.2eae,0.13830961287021637,1.0
1/-baaab/cdcba.eabdc.dccda.bdbeb.2eae,-0.25877663493156433,-1.0
2/aaaab/cdcba.eabdc.dccda.bdbeb.1aeae,0.12634149193763733,1.0
1/aaaaa/cdcba.eabdc.dccda.bdbeb.eaeae,-0.10598642379045486,-1.0
2/b-be-db/5.5.2c2.5.5,0.9985364675521851,-1.0
1/b-ce-db/5.5.2cb1.5.5,-0.9986196160316467,1.0
2/b-ce-cb/5.5.2cbd.5.5,0.9910938143730164,-1.0
1/a-ce-cb/5.5.2cbd.2a2.5,-0.9535439014434814,1.0
2/a-ce-bb/5.5.2cbd.2ad1.5,0.9037055969238281,-1.0
1/-b-ce-bb/5.2a2.2cbd.2ad1.5,-0.9632747173309326,1.0
2/-b-ce-bc/5.2a2.2cbd.1ead1.5,0.9239873290061951,-1.0
1/-b-de-bc/5.2ab1.2cbd.1ead1.5,-0.6559791564941406,1.0
2/b-de-bc/5.2aba.2cbd.1ead1.3a1,0.7082527875900269,-1.0
1/b-dc-bc/3c1.2aba.2cbd.cead1.3a1,-0.42657536268234253,1.0
2/b-dcac/3cd.2aba.2cbd.cead1.3a1,0.32558542490005493,-1.0
1/a-dcac/2acd.2aba.2cbd.cead1.3a1,-0.42409613728523254,1.0
2/a-dcad/2acd.2aba.2cbd.cead1.2ea1,0.6014593839645386,-1.0
1/a-dcab/2acd.2aba.1ecbd.cead1.1eea1,-0.2996983826160431,1.0
2/a-bcab/2acd.1baba.becbd.cead1.1eea1,0.6295199394226074,-1.0
1/a-bc-bb/2acd.1baba.becbd.ceadd.1eea1,-0.5106950998306274,1.0
2/aac-bb/2acd.1baba.becbd.ceadd.beea1,0.24055713415145874,-1.0
1/aaa-bb/2acd.cbaba.becbd.ceadd.beeac,-0.12553353607654572,1.0
2/aaaab/1dacd.cbaba.becbd.ceadd.beeac,0.20545707643032074,-1.0
1/aaaaa/edacd.cbaba.becbd.ceadd.beeac,-0.16680236160755157,1.0
1/-b-babb/3c1.5.5.5.5,-0.9984021186828613,1.0
2/-baabb/3c1.3b1.5.5.5,0.9946520328521729,-1.0
1/-b-cabb/3c1.3b1.3b1.1b3.5,-0.8271457552909851,1.0
2/a-cabb/3c1.3b1.2ab1.1b3.5,0.711668074131012,-1.0
1/a-caab/3c1.3b1.2abd.1b3.5,-0.5401963591575623,1.0
2/a-caad/3c1.2eb1.1eabd.1b3.5,0.33216437697410583,-1.0
1/a-caac/3c1.1eeb1.1eabd.1b3.5,-0.3555479049682617,1.0
2/aaaac/3c1.beeb1.1eabd.1b3.1b3,0.4084876775741577,-1.0
1/aaaaa/3c1.beebe.1eabd.1be2.1b3,-0.22107064723968506,1.0
2/aaaca/2dc1.beebe.deabd.1be2.1b3,0.5066550970077515,-1.0
1/-caaca/2dca.beebe.deabd.1bea1.1b3,-0.8612350225448608,1.0
2/-cacca/2dca.beebe.deabd.cbea1.1bc2,0.6089896559715271,-1.0
1/-cacaa/1ddca.beebe.deabd.cbead.1bc2,-0.23535428941249847,1.0
2/aacaa/addca.beebe.deabd.cbead.1bca1,0.3969782292842865,-1.0
1/aaaaa/addca.beebe.deabd.cbead.cbcac,-0.24167519807815552,1.0
1/e-d-da-b/5.5.2da1.5.5,-0.9773598909378052,1.0
2/e-d-daa/5.5.2dae.5.5,0.9985762238502502,-1.0
1/e-d-d-ba/5.5.2dae.2d2.5,-0.8482980728149414,1.0
2/e-d-c-ba/5.3c1.2dae.2d2.5,0.891359269618988,-1.0
1/c-d-c-ba/5.3c1.1adae.2da1.5,0.18420995771884918,1.0
2/c-d-caa/5.3c1.1adae.2da1.3d1,-0.6293801665306091,-1.0
1/b-d-caa/5.2ac1.1adae.2da1.3d1,0.6628615856170654,1.0
2/b-d-cba/5.2ac1.1adae.2da1.2dd1,-0.7000749111175537,-1.0
1/b-e-cba/5.2ac1.1adae.1bda1.2dd1,0.9000592231750488,1.0
2/b-c-cba/2b2.2acb.1adae.1bda1.2dd1,-0.8290516138076782,-1.0
1/b-c-dba/2b2.2acb.1adae.1bda1.1cdd1,0.7941715121269226,1.0
2/b-c-dbc/2b2.2acb.1adae.ebdae.1cdd1,-0.4811038374900818,-1.0
1/b-c-dac/2b2.2acb.1adae.ebdae.1cddd,0.5485496520996094,1.0
2/b-caac/2bc1.1cacb.1adae.ebdae.ccddd,-0.2396237999200821,-1.0
1/b-caaa/1ebc1.1cacb.eadae.ebdae.ccddd,0.15738750994205475,1.0
2/baaaa/1ebcb.bcacb.eadae.ebdae.ccddd,0.10486200451850891,-1.0
1/aaaaa/aebcb.bcacb.eadae.ebdae.ccddd,-0.11040033400058746,1.0
2/c-cad-b/2b2.bdae1.deab1.1ca2.5,-0.20050299167633057,1.0
1/c-c-bd-b/2b2.bdae1.deab1.1cac1.5,-0.5435647964477539,-1.0
2/c-c-bda/2b2.bdae1.deab1.ecac1.5,0.5727404356002808,1.0
1/c-c-baa/2b2.bdae1.deabd.ecacd.1d3,0.3490511476993561,-1.0
2/c-c-bab/2b2.bdaee.deabd.ecacd.1d3,-0.364597350358963,1.0
1/a-c-bab/2b2.bdaee.deabd.ecacd.ada2,0.41995567083358765,-1.0
2/a-cbab/1cbc1.bdaee.deabd.ecacd.ada2,-0.14773429930210114,1.0
1/a-caab/1cbcc.bdaee.deabd.ecacd.ada2,-0.011876998469233513,-1.0
2/aaaab/bcbcc.bdaee.deabd.ecacd.adab1,0.04255606606602669,1.0
1/aaaaa/bcbcc.bdaee.deabd.ecacd.adabe,-0.12385444343090057,-1.0
2/-dcdb-b/5.2b2.5.5.5,0.9993056058883667,-1.0
1/-ecdb-b/5.1ab2.5.5.5,-0.9037564396858215,1.0
2/-ecdba/5.eab2.5.5.5,0.8728510141372681,-1.0
1/-ecdaa/5.eabd1.5.5.5,-0.7548003196716309,1.0
2/-eceaa/5.eabd1.2c2.5.5,0.6985217928886414,-1.0
1/-ebeaa/5.eabd1.2c2.2b2.5,-0.5570855140686035,1.0
2/-eceaa/5.eabd1.1bc2.2b2.5,-0.512054979801178,-1.0
1/-ecdaa/2c2.eabd1.1bc2.2b2.5,-0.3439556360244751,1.0
2/-ecdca/1dc2.eabd1.1bc2.1db2.5,0.2740728259086609,-1.0
1/-ecdc-b/1dce1.eabd1.1bc2.1db2.5,-0.7087690830230713,1.0
2/-ccdc-b/adce1.eabd1.1bca1.1db2.5,0.5344476699829102,-1.0
1/-ccdc-c/adce1.eabd1.ebca1.1db2.5,-0.4914071559906006,1.0
2/-bcdc-c/adce1.eabd1.ebcaa.1db2.5,0.5402738451957703,-1.0
1/-bcac-c/adce1.eabd1.ebcaa.cdbc1.2c2,-0.26637959480285645,1.0
2/-bcaca/adce1.eabde.ebcaa.cdbc1.2ce1,0.40368640422821045,-1.0
1/-bcaaa/adced.eabde.ebcaa.cdbc1.1dce1,-0.2978493869304657,1.0
2/acaaa/adced.eabde.ebcaa.cdbca.1dce1,0.2974337041378021,-1.0
1/aaaaa/adced.eabde.ebcaa.cdbca.bdceb,-0.17904365062713623,1.0
1/-bad-ba/1bc2.bdba1.baedc.aabe1.1eee1,-0.7648730278015137,1.0
2/-badba/dbc2.bdba1.baedc.aabed.1eee1,0.6154856085777283,-1.0
1/-baaba/dbcc1.bdbac.baedc.aabed.1eeec,-0.46402427554130554,1.0
2/aaaba/dbcca.bdbac.baedc.aabed.1eeec,0.07394081354141235,-1.0
1/aaaaa/dbcca.bdbac.baedc.aabed.deeec,-0.17264966666698456,1.0
2/-d-bcbb/5.5.1c3.5.5,0.998045802116394,-1.0
1/-d-bcab/5.5.1c3.1d3.5,-0.8619487285614014,1.0
2/-dbcab/5.1b3.1cb2.1d3.5,0.9149608016014099,-1.0
1/-dbcaa/5.1b3.1cbe1.1d3.5,-0.8201996684074402,1.0
2/-bbcaa/5.1ba2.1cbe1.ad3.5,0.7729610800743103,-1.0
1/-bbaaa/5.1ba2.ccbe1.ad3.c4,-0.5974050760269165,1.0
2/-bbbaa/5.cba2.ccbe1.ad3.c4,0.16971302032470703,-1.0
1/-bbb-ca/5.cbad1.ccbe1.add2.c4,0.028373364359140396,1.0
2/-bcb-ca/5.cbad1.ccbe1.addb1.c4,-0.2790866792201996,-1.0
1/-bcb-c-b/5.cbad1.ccbe1.addb1.ce3,0.2855624258518219,1.0
2/bcb-c-b/5.cbada.ccbe1.addb1.cea2,-0.1111401841044426,-1.0
1/bab-c-b/5.cbada.ccbeb.addb1.ceab1,0.1598181128501892,1.0
2/bab-b-b/3d1.cbada.ccbeb.addb1.ceab1,-0.11259882897138596,-1.0
1/bab-b-c/2ed1.cbada.ccbeb.addb1.ceab1,0.09697803109884262,1.0
2/baba-c/2ed1.cbada.ccbeb.addbd.ceab1,-0.39497247338294983,-1.0
1/aaba-c/1aed1.cbada.ccbeb.addbd.ceab1,0.07885441184043884,1.0
2/aabaa/eaede.cbada.ccbeb.addbd.ceab1,0.08573922514915466,-1.0
1/aaaaa/eaede.cbada.ccbeb.addbd.ceabc,-0.14252124726772308,1.0
2/c-ed-bb/5.5.5.2b2.2a2,-0.9921388626098633,1.0
1/c-ed-cb/5.5.2d2.2b2.2a2,0.9836837649345398,-1.0
2/c-ed-bb/5.5.2dd1.2b2.2a2,-0.7771890163421631,1.0
1/c-ec-bb/5.5.1cdd1.2b2.2a2,0.8114959001541138,-1.0
2/c-ec-bc/5.5.1cdd1.1eb2.2a2,-0.4642752408981323,1.0
1/c-ec-cc/5.5.1cddd.1eb2.2a2,0.30128225684165955,-1.0
2/c-cc-cc/5.5.bcddd.1ebb1.2a2,0.39289963245391846,1.0
1/c-cc-cb/5.1e3.bcddd.1ebb1.2a2,-0.6548570394515991,-1.0
2/d-cc-cb/5.1ea2.bcddd.1ebb1.2a2,0.7359930872917175,1.0
1/d-cc-ca/5.1eae1.bcddd.1ebb1.2a2,-0.7483200430870056,-1.0
2/d-cd-ca/5.1eae1.bcddd.1ebb1.1ca2,0.5640922784805298,1.0
1/b-cd-ca/5.1eaea.bcddd.1ebb1.1caa1,-0.19011889398097992,-1.0
2/b-bd-ca/5.1eaea.bcddd.1ebbb.1caa1,0.12176340073347092,1.0
1/b-bc-ca/1c3.1eaea.bcddd.1ebbb.1caa1,-0.32659927010536194,-1.0
2/b-bcaa/1cd2.deaea.bcddd.1ebbb.1caa1,0.49315309524536133,1.0
1/b-bca-b/1cd2.deaea.bcddd.eebbb.1caa1,-0.4341243803501129,-1.0
2/baca-b/1cdb1.deaea.bcddd.eebbb.1caa1,0.5368548035621643,1.0
1/aaca-b/1cdb1.deaea.bcddd.eebbb.acaa1,-0.43333443999290466,-1.0
2/aacaa/1cdb1.deaea.bcddd.eebbb.acaae,0.38843557238578796,1.0
1/aaaaa/ccdbc.deaea.bcddd.eebbb.acaae,-0.22852672636508942,-1.0
2/bda-bd/5.2c2.5.5.5,0.9971234798431396,-1.0
1/bda-cd/5.2c2.1d3.5.5,-0.9821864366531372,1.0
2/bda-ce/5.2c2.1de2.5.5,0.9779633283615112,-1.0
1/bba-ce/5.1bc2.1de2.2b2.5,-0.9721658229827881,1.0
2/cba-ce/5.1bc2.1de2.1ab2.5,0.9789066910743713,-1.0
1/cba-de/5.1bcd1.1de2.1ab2.5,-0.8008990287780762,1.0
2/cca-de/5.1bcdb.1de2.1ab2.5,0.7936282753944397,-1.0
1/cc-c-de/1c3.1bcdb.1de2.1ab2.2c2,-0.6779831647872925,1.0
2/dc-c-de/1c3.1bcdb.ade2.1ab2.2c2,0.5470988154411316,-1.0
1/da-c-de/1c3.1bcdb.ade2.bab2.1bc2,-0.15196473896503448,1.0
2/daa-de/1cc2.1bcdb.adec1.bab2.1bc2,0.2551523745059967,-1.0
1/caa-de/1cc2.1bcdb.adec1.baba1.1bc2,-0.4686760902404785,1.0
2/caa-be/1cc2.1bcdb.adecd.baba1.1bcd1,0.7735229134559631,-1.0
1/caa-ba/1cce1.ebcdb.adecd.babae.ebcd1,-0.4989904761314392,1.0
2/caaaa/1cced.ebcdb.adecd.babae.ebcd1,0.22230024635791779,-1.0
1/aaaaa/acced.ebcdb.adecd.babae.ebcda,-0.12568345665931702,1.0
1/-ccde-d/5.5.1abd1.5.5,-0.9967002272605896,1.0
2/-bcde-d/5.1a3.1abd1.5.5,0.9824323058128357,-1.0
1/-bcce-d/5.1a3.1abd1.3c1.5,-0.9933649897575378,1.0
2/acce-d/5.1aa2.1abd1.3c1.5,0.9983286261558533,-1.0
1/-bcce-d/5.1aaa1.1abd1.3c1.5,-0.9742838740348816,1.0
2/acce-d/1a3.1aaa1.1abd1.3c1.5,0.9679750800132751,-1.0
1/acbe-d/1a3.1aaa1.cabd1.3c1.5,-0.900261640548706,1.0
2/acce-d/1a3.1aaa1.cabd1.2cc1.5,0.9367537498474121,-1.0
1/accd-d/1a3.1aaa1.cabd1.1dcc1.5,-0.910664439201355,1.0
2/accd-c/1ae2.1aaa1.cabd1.1dcc1.5,0.8463387489318848,-1.0
1/a-bcd-c/1ae2.1aaa1.cabdb.1dcc1.2bb1,-0.7951125502586365,1.0
2/a-bcd-b/1ae2.1aaa1.cabdb.1dcce.2bb1,0.4485016465187073,-1.0
1/a-bca-b/1aed1.1aaa1.cabdb.1dcce.1dbbd,-0.14142300188541412,1.0
2/a-bcab/1aed1.1aaae.cabdb.edcce.1dbbd,0.25113755464553833,-1.0
1/a-bcaa/1aed1.1aaae.cabdb.edcce.edbbd,-0.30266115069389343,1.0
2/aacaa/1aed1.baaae.cabdb.edcce.edbbd,0.294599711894989,-1.0
1/aaaaa/caedc.baaae.cabdb.edcce.edbbd,-0.17370034754276276,1.0
