1/-bef-d-d-db/7.4b2.7.7.7.7.7,0.9990660548210144,-1.0
2/-bef-d-d-cb/7.4bf1.7.7.7.7.7,-0.9978776574134827,1.0
1/-bef-e-d-cb/7.3dbf1.7.7.7.7.7,0.9967207908630371,-1.0
2/-bff-e-d-cb/7.3dbf1.2b4.7.7.7.7,-0.9523035883903503,1.0
1/-cff-e-d-cb/7.3dbf1.2b4.2a4.7.7.7,0.8318121433258057,-1.0
2/-cff-e-d-bb/7.3dbf1.1fb4.2a4.7.7.7,-0.151497945189476,1.0
1/-cff-e-d-cb/7.3dbf1.1fbf3.2a4.7.7.7,-0.7498209476470947,-1.0
2/-cff-e-d-cd/7.3dbf1.1fbfg2.2ag3.7.7.7,0.21834641695022583,1.0
1/-cff-e-e-cd/7.3dbf1.1fbfge1.2ag3.7.7.7,0.13635101914405823,-1.0
2/-cfg-e-e-cd/7.3dbf1.1fbfge1.2agc2.7.7.7,0.17165201902389526,1.0
1/-cdg-e-e-cd/7.3dbf1.1fbfge1.1bagcb1.7.7.7,-0.2017683982849121,-1.0
2/-bdg-e-e-cd/4a2.3dbf1.1fbfge1.1bagcb1.7.7.7,0.27208253741264343,1.0
1/-bdg-f-e-cd/4a2.2ddbf1.1fbfge1.1bagcb1.7.7.7,0.22678087651729584,-1.0
2/-bdg-f-e-ce/4a2.1gddbf1.1fbfge1.1bagcb1.7.7.7,-0.2836305797100067,1.0
1/-bdg-f-e-cd/4a2.1gddbf1.1fbfge1.1bagcb1.5g1.7.7,0.26022806763648987,-1.0
2/-bdg-f-c-cd/4a2.1gddbf1.1fbfge1.1bagcb1.4eg1.5e1.7,-0.20253583788871765,1.0
1/-bdg-f-c-cc/4a2.1gddbf1.1fbfge1.1bagcb1.3geg1.5e1.7,0.07913492619991302,-1.0
2/-bdg-e-c-cc/4a2.1gddbf1.1fbfge1.1bagcb1.3geg1.5ed.7,-0.16700631380081177,1.0
1/-bde-e-c-cc/4a2.1gddbf1.1fbfge1.1bagcb1.3gegc.4ced.7,-0.04168502986431122,-1.0
2/-bde-e-c-bc/4a2.1gddbf1.1fbfge1.1bagcb1.3gegc.3fced.7,0.06559742242097855,1.0
1/-bde-e-c-cc/4af1.1gddbf1.1fbfge1.1bagcb1.3gegc.3fced.7,-0.028817104175686836,-1.0
2/ade-e-c-cc/4af1.1gddbf1.1fbfge1.1bagcb1.2agegc.3fced.7,-0.018720660358667374,1.0
1/adb-e-c-cc/4af1.1gddbf1.1fbfge1.1bagcbc.2agegc.2cfced.5c1,0.25571224093437195,-1.0
2/adb-eb-cc/3eaf1.1gddbf1.1fbfgee.1bagcbc.2agegc.2cfced.4ec1,0.1550285965204239,1.0
1/ada-eb-cc/3eaf1.1gddbf1.1fbfgee.1bagcbc.1cagegc.2cfced.4ec1,-0.10334715992212296,-1.0
2/ada-bb-cc/3eaf1.1gddbfd.dfbfgee.1bagcbc.1cagegc.2cfced.3dec1,0.5442009568214417,1.0
1/aaa-bb-cc/3eaf1.bgddbfd.dfbfgee.bbagcbc.1cagegc.1bcfced.3dec1,-0.2985253930091858,-1.0
2/aaa-bb-bc/3eaff.bgddbfd.dfbfgee.bbagcbc.1cagegc.1bcfced.3dec1,0.1560736745595932,1.0
1/aaa-ba-bc/3eaff.bgddbfd.dfbfgee.bbagcbc.1cagegc.1bcfced.2edec1,-0.07528431713581085,-1.0
2/aaaaa-bc/3eaff.bgddbfd.dfbfgee.bbagcbc.1cagegc.1bcfced.1dedec1,-0.033856093883514404,1.0
1/aaaaa-ba/3eaff.bgddbfd.dfbfgee.bbagcbc.gcagegc.1bcfced.1dedecg,0.04951174184679985,-1.0
2/caaaa-ba/2aeaff.bgddbfd.dfbfgee.bbagcbc.gcagegc.abcfced.1dedecg,0.011748649179935455,1.0
1/baaaa-ba/1aaeaff.bgddbfd.dfbfgee.bbagcbc.gcagegc.abcfced.1dedecg,-0.07749912887811661,-1.0
2/baaaaaa/faaeaff.bgddbfd.dfbfgee.bbagcbc.gcagegc.abcfced.1dedecg,0.047573212534189224,1.0
1/aaaaaaa/faaeaff.bgddbfd.dfbfgee.bbagcbc.gcagegc.abcfced.adedecg,-0.1129179373383522,-1.0
1/d-f-bbcb-d/7.7.7.2e4.7.7.7,-0.9994380474090576,1.0
2/d-e-bbcb-d/7.7.7.1be4.7.7.7,0.994680643081665,-1.0
1/d-e-bbcb-e/7.7.7.1beg3.7.7.7,-0.9853276610374451,1.0
2/d-ebbcb-e/7.7.3c3.1begc2.7.7.7,0.9656352996826172,-1.0
1/d-ebbcb-f/7.7.2gc3.1begc2.7.7.7,-0.7313405871391296,1.0
2/d-cbbcb-f/7.7.1bgc3.1begc2.3b3.7.7,0.5844007730484009,-1.0
1/d-cbbca-f/7.7.1bgc3.1begc2.3b3.3f3.7,-0.08624003827571869,1.0
2/d-cbbda-f/7.1e5.1bgc3.1begc2.3b3.3f3.7,0.26147255301475525,-1.0
1/d-cbada-f/7.1e5.1bgc3.1begc2.2db3.3f3.7,-0.13343797624111176,1.0
2/f-cbada-f/7.1e5.1bgc3.1begc2.1adba2.3f3.7,0.5522996187210083,-1.0
1/f-dbada-f/7.1e5.1bgcb2.1begc2.1adba2.3f3.7,-0.8470947742462158,1.0
2/f-dbbda-f/7.1e5.1bgcb2.1begc2.1adbad1.3f3.7,0.6297441124916077,-1.0
1/f-dabda-f/7.1e5.1bgcb2.1begc2.1adbad1.2cf3.7,-0.7075059413909912,1.0
2/f-dabda-d/7.1e5.1bgcb2.1begcg1.1adbad1.2cf3.2g4,0.5598661303520203,-1.0
1/e-dabda-d/7.1e5.1bgcb2.1begcg1.1adbad1.2cf3.2ga3,-0.7460939288139343,1.0
2/e-dabda-b/7.1eg4.1bgcb2.gbegcg1.1adbad1.2cf3.2ga3,0.756619930267334,-1.0
1/e-dabd-c-b/7.1egf3.1bgcbf1.gbegcg1.1adbad1.2cf3.2ga3,-0.7545427083969116,1.0
2/e-dabe-c-b/7.1egf3.1bgcbf1.gbegcg1.1adbad1.1ecf3.2ga3,0.7135075330734253,-1.0
1/d-dabe-c-b/7.1egf3.1bgcbf1.gbegcg1.1adbad1.1ecf3.1aga3,-0.6955512166023254,1.0
2/d-cabe-c-b/7.1egf3.1bgcbf1.gbegcg1.1adbad1.1ecfb2.1aga3,0.6805378198623657,-1.0
1/d-ca-be-c-b/7.1egfd2.1bgcbf1.gbegcg1.dadbad1.1ecfb2.1aga3,-0.4593660831451416,1.0
2/daa-be-c-b/7.1egfd2.1bgcbf1.gbegcgb.dadbad1.1ecfbb1.1aga3,0.553023636341095,-1.0
1/da-c-be-c-b/7.1egfd2.1bgcbf1.gbegcgb.dadbad1.cecfbb1.1agac2,-0.28700941801071167,1.0
2/da-c-be-ca/7.1egfd2.1bgcbf1.gbegcgb.dadbad1.cecfbb1.1agacg1,0.24083079397678375,-1.0
1/da-c-bc-ca/1e5.1egfde1.1bgcbf1.gbegcgb.dadbad1.cecfbb1.1agacg1,-0.1128237247467041,1.0
2/da-cbc-ca/1ed4.1egfde1.1bgcbf1.gbegcgb.dadbad1.cecfbb1.dagacg1,0.21841678023338318,-1.0
1/da-cac-ca/1edd3.1egfde1.1bgcbf1.gbegcgb.dadbad1.cecfbb1.dagacg1,-0.3024402856826782,1.0
2/da-cacaa/1eddf2.1egfde1.1bgcbff.gbegcgb.dadbad1.cecfbb1.dagacg1,0.34849125146865845,-1.0
1/aa-cacaa/1eddfa1.1egfdea.1bgcbff.gbegcgb.dadbada.cecfbb1.dagacg1,-0.10943661630153656,1.0
2/aa-cacba/1eddfa1.1egfdea.1bgcbff.gbegcgb.dadbada.cecfbbf.dagacg1,0.0199323408305645,-1.0
1/aa-cacaa/1eddfa1.1egfdea.fbgcbff.gbegcgb.dadbada.cecfbbf.dagacg1,-0.11711166799068451,1.0
2/aaaacaa/1eddfa1.cegfdea.fbgcbff.gbegcgb.dadbada.cecfbbf.dagacgc,0.1483161300420761,-1.0
1/aaaaaaa/eeddfae.cegfdea.fbgcbff.gbegcgb.dadbada.cecfbbf.dagacgc,-0.07373873144388199,1.0
1/-cd-d-bd-df/7.7.7.7.3a3.7.7,0.9983461499214172,-1.0
2/-cd-c-bd-df/7.7.7.4c2.3a3.7.7,-0.996067464351654,1.0
1/-cd-c-bc-df/7.7.4e2.4c2.3a3.7.7,0.9944666624069214,-1.0
2/-cd-c-bc-dg/7.7.4e2.4c2.3a3.3g3.7,-0.9379043579101562,1.0
1/-cd-c-bc-eg/7.7.4e2.4c2.3a3.3g3.3f3,0.8305298686027527,-1.0
2/-cd-c-bc-dg/7.7.4e2.3fc2.3a3.3g3.3f3,-0.5406007766723633,1.0
1/-dd-c-bc-dg/7.7.3ae2.3fc2.3a3.3g3.3f3,0.3479048013687134,-1.0
2/-dd-cbc-dg/7.7.3ae2.2dfc2.3ad2.3g3.3f3,0.6085801720619202,1.0
1/-dd-cbc-de/7.4g2.3ae2.2dfc2.3ad2.3gg2.3f3,-0.878189206123352,-1.0
2/-dd-ccc-de/7.4g2.3ae2.1ddfc2.3ad2.3gg2.3f3,0.7903245687484741,1.0
1/-dc-ccc-de/4b2.4g2.3ae2.1ddfc2.3ad2.3gg2.3f3,-0.8077359795570374,-1.0
2/-dd-ccc-de/4b2.4g2.3aeb1.1ddfc2.3ad2.3gg2.3f3,0.8464255332946777,1.0
1/-ed-ccc-de/4b2.4g2.3aeb1.1ddfca1.3ad2.3gg2.3f3,-0.7211966514587402,-1.0
2/-edacc-de/4b2.4g2.3aeb1.1ddfca1.2cadc1.3gg2.3f3,0.7665635347366333,1.0
1/-ed-bcc-de/4b2.4g2.2caeb1.1ddfca1.2cadc1.3gg2.3f3,-0.8259708285331726,-1.0
2/-edacc-de/4b2.4g2.1ccaeb1.1ddfca1.2cadc1.3gg2.3f3,0.8245872855186462,1.0
1/-ecacc-de/4b2.4g2.1ccaeb1.1ddfca1.1bcadc1.3gg2.3f3,-0.8193971514701843,-1.0
2/-ecacc-ce/4b2.4g2.1ccaeb1.1ddfca1.1bcadc1.2fgg2.3f3,0.6301916837692261,1.0
1/-ecaac-ce/4b2.4g2.1ccaeb1.1ddfca1.1bcadc1.2fggd1.2df3,-0.4440929591655731,-1.0
2/-ecaad-ce/4b2.4g2.1ccaeb1.1ddfcae.1bcadc1.2fggd1.2df3,0.18985570967197418,1.0
1/-ecaad-cc/4b2.4g2.1ccaebg.1ddfcae.1bcadc1.2fggd1.2dfg2,-0.23286916315555573,-1.0
2/-ccaad-cc/4b2.4g2.1ccaebg.1ddfcae.abcadc1.1afggd1.2dfg2,0.41767027974128723,1.0
1/-cc-bad-cc/4b2.4g2.1ccaebg.1ddfcae.abcadc1.1afggd1.2dfgc1,-0.382417231798172,-1.0
2/-cc-badac/4b2.3fgf1.1ccaebg.1ddfcae.abcadc1.1afggd1.2dfgc1,0.4026510715484619,1.0
1/-cc-badaa/4b2.3fgfg.1ccaebg.1ddfcae.abcadc1.1afggd1.1gdfgc1,-0.3710628151893616,-1.0
2/-cc-baeaa/4b2.3fgfg.1ccaebg.1ddfcae.abcadce.1afggd1.1gdfgc1,0.33719462156295776,1.0
1/-cc-babaa/4be1.2efgfg.1ccaebg.1ddfcae.abcadce.1afggde.1gdfgc1,-0.04585438594222069,-1.0
2/ac-babaa/3abe1.2efgfg.1ccaebg.1ddfcae.abcadce.aafggde.1gdfgc1,0.32865092158317566,1.0
1/aa-babaa/3abeb.2efgfg.1ccaebg.bddfcae.abcadce.aafggde.1gdfgc1,-0.02164171263575554,-1.0
2/aa-bbbaa/3abeb.2efgfg.dccaebg.bddfcae.abcadce.aafggde.1gdfgc1,0.12452995032072067,1.0
1/aa-bbaaa/3abeb.2efgfg.dccaebg.bddfcae.abcadce.aafggde.egdfgc1,-0.11836028099060059,-1.0
2/aa-bbaba/3abeb.1fefgfg.dccaebg.bddfcae.abcadce.aafggde.egdfgc1,0.13435043394565582,1.0
1/aa-bbaaa/3abeb.ffefgfg.dccaebg.bddfcae.abcadce.aafggde.egdfgc1,-0.09416265785694122,-1.0
2/aaabaaa/3abeb.ffefgfg.dccaebg.bddfcae.abcadce.aafggde.egdfgcc,0.11436330527067184,1.0
1/aaaaaaa/2dabeb.ffefgfg.dccaebg.bddfcae.abcadce.aafggde.egdfgcc,-0.031184421852231026,-1.0
2/abaaaaa/1bdabeb.ffefgfg.dccaebg.bddfcae.abcadce.aafggde.egdfgcc,0.03599010780453682,1.0
1/aaaaaaa/bbdabeb.ffefgfg.dccaebg.bddfcae.abcadce.aafggde.egdfgcc,-0.08679106086492538,-1.0
2/bf-b-c-d-b-d/7.7.7.7.4d2.7.7,-0.9992844462394714,1.0
1/bf-b-c-d-c-d/7.7.7.4f2.4d2.7.7,0.9974868893623352,-1.0
2/bf-b-c-c-c-d/7.7.5e1.4f2.4d2.7.7,-0.9891923666000366,1.0
1/be-b-c-c-c-d/7.7.5e1.4f2.4d2.3b3.7,0.9523481726646423,-1.0
2/de-b-c-c-c-d/7.7.4ae1.4f2.3ad2.3b3.7,-0.9924002289772034,1.0
1/dd-b-c-c-c-d/7.7.4ae1.4fb1.3ad2.3b3.7,0.9996128678321838,-1.0
2/dd-b-c-c-c-c/7.2g4.4ae1.4fb1.3ad2.3b3.7,-0.9982454776763916,1.0
1/dc-b-c-c-c-c/7.2g4.4ae1.4fb1.3adb1.3b3.7,0.9994522929191589,-1.0
2/ec-b-c-c-c-c/7.2g4.4ae1.3afb1.3adb1.3b3.7,-0.9972308278083801,1.0
1/eb-b-c-c-c-c/7.2g4.3bae1.3afb1.3adb1.3b3.7,0.8456627130508423,-1.0
2/eb-ba-c-c-c/7.2gd3.2dbae1.3afb1.3adb1.3b3.7,-0.8317061066627502,1.0
1/eb-b-b-c-c-c/7.2gd3.2dbae1.2dafb1.3adb1.3b3.7,0.8013011813163757,-1.0
2/ebb-b-c-c-c/7.2gdc2.2dbae1.2dafb1.2cadb1.3b3.7,-0.5233811736106873,1.0
1/ebb-c-c-c-c/7.2gdcd1.2dbae1.2dafb1.2cadb1.3b3.7,0.43335476517677307,-1.0
2/ebb-c-c-ca/7.2gdcd1.2dbae1.2dafb1.1gcadb1.2gb3.7,0.2121170163154602,1.0
1/ebb-c-d-ca/7.2gdcd1.2dbae1.2dafb1.1gcadb1.2gbe2.7,0.13921236991882324,-1.0
2/ebb-c-d-ba/7.2gdcd1.2dbae1.2dafb1.1gcadb1.2gbef1.7,-0.062394436448812485,1.0
1/eab-c-d-ba/7.2gdcd1.2dbae1.2dafb1.bgcadb1.2gbef1.7,-0.31991955637931824,-1.0
2/eab-c-daa/7.2gdcd1.2dbae1.2dafb1.bgcadb1.1fgbef1.7,-0.11654794961214066,1.0
1/eaa-c-daa/7.2gdcd1.2dbae1.1cdafb1.bgcadb1.1fgbef1.7,-0.20549102127552032,-1.0
2/eaa-c-baa/7.2gdcd1.1edbae1.1cdafb1.bgcadb1.1fgbef1.2e4,-0.013922237791121006,1.0
1/ea-b-c-baa/7.2gdcd1.1edbae1.ccdafb1.bgcadb1.1fgbef1.2e4,-0.07797012478113174,-1.0
2/ea-b-b-baa/2d4.2gdcd1.1edbae1.ccdafb1.bgcadb1.1fgbef1.2e4,0.14368443191051483,1.0
1/e-b-b-b-baa/2db3.2gdcd1.1edbae1.ccdafb1.bgcadb1.1fgbef1.2e4,0.024758338928222656,-1.0
2/e-bb-b-baa/2db3.2gdcd1.1edbae1.ccdafbc.bgcadb1.1fgbef1.2ec3,0.35153767466545105,1.0
1/c-bb-b-baa/2db3.1agdcd1.1edbae1.ccdafbc.bgcadb1.1fgbef1.1aec3,-0.1169191524386406,-1.0
2/c-bb-b-bca/2db3.1agdcd1.1edbae1.ccdafbc.bgcadbf.1fgbef1.1aecf2,0.1854575127363205,1.0
1/c-bb-b-bc-c/1gdb3.1agdcd1.gedbae1.ccdafbc.bgcadbf.1fgbef1.1aecf2,-0.07191222906112671,-1.0
2/c-bb-bbc-c/1gdb3.1agdcd1.gedbae1.ccdafbc.bgcadbf.1fgbefe.1aecfe1,0.23458708822727203,1.0
1/c-bb-bba-c/1gdbf2.1agdcd1.gedbae1.ccdafbc.bgcadbf.ffgbefe.1aecfe1,0.10087425261735916,-1.0
2/c-bb-bba-b/1gdbf2.1agdcd1.gedbaeg.ccdafbc.bgcadbf.ffgbefe.1aecfe1,0.02894185297191143,1.0
1/c-ba-bba-b/1gdbf2.cagdcd1.gedbaeg.ccdafbc.bgcadbf.ffgbefe.1aecfe1,-0.039248187094926834,-1.0
2/caa-bba-b/bgdbf2.cagdcd1.gedbaeg.ccdafbc.bgcadbf.ffgbefe.1aecfe1,-0.1120704859495163,1.0
1/caa-baa-b/bgdbfe1.cagdcd1.gedbaeg.ccdafbc.bgcadbf.ffgbefe.1aecfe1,0.042773451656103134,-1.0
2/caaaaa-b/bgdbfe1.cagdcd1.gedbaeg.ccdafbc.bgcadbf.ffgbefe.1aecfed,0.01110412459820509,1.0
1/baaaaa-b/bgdbfe1.cagdcd1.gedbaeg.ccdafbc.bgcadbf.ffgbefe.aaecfed,-0.03889264538884163,-1.0
2/baaaaaa/bgdbfe1.cagdcdg.gedbaeg.ccdafbc.bgcadbf.ffgbefe.aaecfed,0.05969863012433052,1.0
1/aaaaaaa/bgdbfea.cagdcdg.gedbaeg.ccdafbc.bgcadbf.ffgbefe.aaecfed,-0.10798674821853638,-1.0
2/-bb-b-b-bd-c/7.7.7.3g3.7.7.7,-0.9995484352111816,1.0
1/-cb-b-b-bd-c/7.7.7.2ag3.7.7.7,0.9991389513015747,-1.0
2/-cb-b-b-be-c/7.7.7.1fag3.7.7.7,-0.9983274340629578,1.0
1/-ca-b-b-be-c/7.7.7.1fag3.2b4.7.7,0.9953951835632324,-1.0
2/-cb-b-b-be-c/7.7.7.1fagb2.2b4.7.7,-0.9837034344673157,1.0
1/-cb-b-c-be-c/7.7.7.1fagb2.2b4.2d4.7,0.9718073010444641,-1.0
2/-bb-b-c-be-c/7.7.7.afagb2.2b4.2d4.7,-0.9463590979576111,1.0
1/-bb-b-c-bd-c/7.7.7.afagb2.2bf3.2d4.7,0.9633809328079224,-1.0
2/-bb-b-c-bd-b/7.7.7.afagbg1.2bf3.2d4.7,-0.8492586612701416,1.0
1/-bb-b-c-cd-b/7.7.3e3.afagbg1.2bf3.2d4.7,0.8101703524589539,-1.0
2/-bb-b-c-ce-b/7.7.3e3.afagbg1.2bff2.2d4.7,-0.6706996560096741,1.0
1/-ba-b-c-ce-b/7.7.3e3.afagbg1.2bff2.2db3.7,0.6554589867591858,-1.0
2/-bc-b-c-ce-b/7.7.3e3.afagbg1.2bffb1.2dbb2.7,-0.5809199810028076,1.0
1/-bc-d-c-ce-b/7.7.2ce3.afagbg1.2bffb1.2dbbc1.7,0.6682302951812744,-1.0
2/ac-d-c-ce-b/7.2a4.2ce3.afagbg1.2bffb1.2dbbc1.7,-0.661807119846344,1.0
1/ac-d-c-ce-c/7.2a4.2ceg2.afagbg1.2bffb1.2dbbc1.7,0.671852171421051,-1.0
2/ac-d-b-ce-c/7.2a4.2cegd1.afagbg1.2bffb1.2dbbc1.7,-0.7084245085716248,1.0
1/ac-d-c-ce-c/7.2a4.2cegd1.afagbg1.1dbffb1.2dbbc1.7,0.4294412136077881,-1.0
2/ac-d-b-ce-c/7.2a4.1dcegd1.afagbg1.1dbffb1.2dbbc1.7,-0.7719677686691284,1.0
1/-cc-d-b-ce-c/2a4.2aa3.1dcegd1.afagbg1.1dbffb1.2dbbc1.7,0.5383286476135254,-1.0
2/-cc-d-b-ceb/2ag3.1gaa3.gdcegd1.afagbg1.1dbffb1.2dbbc1.7,-0.4835194945335388,1.0
1/-cc-d-b-ccb/2ag3.1gaa3.gdcegd1.afagbgf.fdbffb1.2dbbc1.7,0.5481976270675659,-1.0
2/ac-d-b-ccb/2ag3.1gaaa2.gdcegd1.afagbgf.fdbffb1.2dbbc1.5a1,-0.49676835536956787,1.0
1/aa-d-b-ccb/1bag3.1gaaa2.gdcegd1.afagbgf.fdbffb1.1bdbbc1.5a1,0.2913649380207062,-1.0
2/aa-da-ccb/1bag3.1gaaa2.gdcegd1.afagbgf.fdbffbd.1bdbbc1.5a1,-0.2631775736808777,1.0
1/aa-ea-ccb/1bag3.1gaaa2.gdcegd1.afagbgf.fdbffbd.1bdbbc1.4ca1,0.36485588550567627,-1.0
2/aa-ca-ccb/1bagc2.1gaaa2.gdcegd1.afagbgf.fdbffbd.1bdbbc1.3cca1,-0.07156594097614288,1.0
1/aa-c-b-ccb/1bagc2.1gaaa2.gdcegdd.afagbgf.fdbffbd.1bdbbc1.3cca1,0.16149446368217468,-1.0
2/aa-c-bacb/1bagc2.1gaaae1.gdcegdd.afagbgf.fdbffbd.1bdbbc1.2ecca1,0.15181668102741241,1.0
1/aa-c-b-bcb/1bagc2.1gaaae1.gdcegdd.afagbgf.fdbffbd.ebdbbc1.2ecca1,0.0747867301106453,-1.0
2/aa-b-b-bcb/1bagc2.1gaaae1.gdcegdd.afagbgf.fdbffbd.ebdbbc1.1cecca1,-0.09308797866106033,1.0
1/aa-b-b-bbb/1bagc2.1gaaae1.gdcegdd.afagbgf.fdbffbd.ebdbbc1.fcecca1,0.0700528547167778,-1.0
2/aaa-b-bbb/1bagcc1.1gaaae1.gdcegdd.afagbgf.fdbffbd.ebdbbc1.fcecca1,-0.13416427373886108,1.0
1/aaa-b-bab/1bagcc1.1gaaaef.gdcegdd.afagbgf.fdbffbd.ebdbbc1.fcecca1,0.12468720972537994,-1.0
2/aaaa-bab/1bagccd.1gaaaef.gdcegdd.afagbgf.fdbffbd.ebdbbc1.fcecca1,-0.0613643117249012,1.0
1/aaaa-cab/1bagccd.egaaaef.gdcegdd.afagbgf.fdbffbd.ebdbbc1.fcecca1,-0.05654454603791237,-1.0
2/aaaaaab/ebagccd.egaaaef.gdcegdd.afagbgf.fdbffbd.ebdbbce.fcecca1,0.11329962313175201,1.0
1/aaaaaaa/ebagccd.egaaaef.gdcegdd.afagbgf.fdbffbd.ebdbbce.fceccag,-0.0914110466837883,-1.0
2/f-cb-b-bdd/7.7.7.7.3b3.7.7,0.9990535974502563,-1.0
1/f-cb-c-bdd/7.7.7.7.3b3.3d3.7,-0.9983344674110413,1.0
2/f-cb-c-bed/7.7.7.3f3.3b3.3d3.7,0.9968993663787842,-1.0
1/f-cb-c-bec/7.7.7.3f3.3b3.3d3.3g3,-0.9939064979553223,1.0
2/g-cb-c-bec/7.7.7.3fa2.3b3.3d3.3g3,0.980997622013092,-1.0
1/g-cb-d-bec/7.7.7.2dfa2.3b3.3d3.3g3,-0.9701085090637207,1.0
2/g-bb-d-bec/7.7.3b3.2dfa2.3b3.3d3.3g3,0.9181236624717712,-1.0
1/g-bb-d-beb/7.7.3b3.2dfa2.2gb3.3d3.3g3,-0.9633578658103943,1.0
2/g-bb-c-beb/7.7.2db3.2dfa2.2gb3.3d3.3g3,0.9750195145606995,-1.0
1/g-bb-c-be-b/7.7.2db3.2dfa2.1ggb3.2gd3.3g3,-0.9523048996925354,1.0
2/g-bb-b-be-b/7.7.2db3.2dfa2.1ggbd2.2gd3.3g3,0.9355772733688354,-1.0
1/g-bb-b-bb-b/7.7.2dbf2.1fdfa2.1ggbd2.1fgd3.3g3,-0.8840554356575012,1.0
2/g-bb-bab-b/7.7.1edbf2.1fdfa2.1ggbd2.1fgd3.3g3,0.8846202492713928,-1.0
1/g-ba-bab-b/7.4c2.1edbf2.1fdfa2.1ggbd2.1fgd3.3g3,-0.7635883092880249,1.0
2/g-baaab-b/7.4c2.1edbf2.1fdfa2.1ggbd2.1fgdd2.3g3,0.7650754451751709,-1.0
1/e-baaab-b/7.3ac2.1edbf2.1fdfa2.1ggbd2.afgdd2.3g3,-0.6908092498779297,1.0
2/ebaaab-b/7.2bac2.1edbf2.1fdfa2.1ggbd2.afgdd2.2bg3,0.6507185101509094,-1.0
1/eba-bab-b/7.1dbac2.1edbf2.1fdfa2.1ggbd2.afgdd2.2bg3,-0.6347213983535767,1.0
2/ebc-bab-b/7.1dbac2.1edbf2.1fdfa2.cggbd2.afgdd2.1cbg3,0.6553667783737183,-1.0
1/ebc-ba-b-b/7.1dbac2.1edbf2.1fdfaf1.cggbd2.afgdd2.fcbg3,-0.6029185652732849,1.0
2/ebc-bc-b-b/3e3.1dbac2.1edbf2.efdfaf1.cggbd2.afgdd2.fcbg3,0.5718262791633606,-1.0
1/ebc-bc-b-c/3e3.1dbac2.1edbf2.efdfaf1.cggbdg1.afgdd2.fcbg3,-0.6937859654426575,1.0
2/ebd-bc-b-c/3e3.1dbac2.1edbf2.efdfafc.cggbdg1.afgdd2.fcbg3,0.6062439680099487,-1.0
1/ead-bc-b-c/3eb2.1dbac2.1edbf2.efdfafc.cggbdg1.afgdd2.fcbg3,-0.6192082166671753,1.0
2/eadac-b-c/3eb2.1dbac2.1edbf2.efdfafc.cggbdg1.afgdd2.fcbgd2,0.4874773621559143,-1.0
1/e-bdac-b-c/3eb2.1dbac2.1edbf2.efdfafc.cggbdg1.afgddb1.fcbgd2,-0.5899892449378967,1.0
2/e-bdad-b-c/2eeb2.1dbac2.1edbf2.efdfafc.cggbdg1.afgddb1.fcbgd2,0.5550366044044495,-1.0
1/e-baad-b-c/2eeb2.1dbac2.cedbfc1.efdfafc.cggbdgc.afgddb1.fcbgd2,-0.43918076157569885,1.0
2/e-baada-c/2eeb2.1dbacf1.cedbfc1.efdfafc.cggbdgc.afgddb1.fcbgd2,0.5214229226112366,-1.0
1/b-baada-c/2eeb2.adbacf1.cedbfca.efdfafc.cggbdgc.afgddb1.fcbgda1,-0.3164609670639038,1.0
2/b-baadaa/2eebg1.adbacfg.cedbfca.efdfafc.cggbdgc.afgddb1.fcbgda1,0.267045259475708,-1.0
1/b-baaaaa/1eeebge.adbacfg.cedbfca.efdfafc.cggbdgc.afgddbe.fcbgda1,-0.0845409706234932,1.0
2/baaaaaa/1eeebge.adbacfg.cedbfca.efdfafc.cggbdgc.afgddbe.fcbgdab,0.03116641566157341,-1.0
1/aaaaaaa/aeeebge.adbacfg.cedbfca.efdfafc.cggbdgc.afgddbe.fcbgdab,-0.040668267756700516,1.0
1/-db-dcfb-b/7.7.7.7.3d3.7.7,-0.9993893504142761,1.0
2/-dc-dcfb-b/7.7.7.3b3.3d3.7.7,0.9985408782958984,-1.0
1/-dc-ecfb-b/7.7.2c4.3b3.3d3.7.7,-0.9793366193771362,1.0
2/-cc-ecfb-b/7.7.2c4.2ab3.3d3.7.7,0.984878420829773,-1.0
1/-cc-ecfa-b/7.7.2cf3.2ab3.3d3.7.7,-0.9604668617248535,1.0
2/-cc-ecga-b/7.7.2cf3.2ab3.2ed3.7.7,0.9132122993469238,-1.0
1/-cb-ecga-b/7.7.2cf3.2ab3.1bed3.7.7,-0.6871902346611023,1.0
2/-bb-ecga-b/7.7.2cf3.1aab3.1bed3.7.7,0.6935989260673523,-1.0
1/-cb-ecga-b/7.7.1acf3.1aab3.1bed3.7.7,-0.8327382206916809,1.0
2/-cb-ecgaa/7.7.1acf3.1aab3.1bed3.2g4.7,0.743091344833374,-1.0
1/-ca-ecgaa/7.1b5.1acf3.1aab3.1bed3.2g4.7,-0.8468512296676636,1.0
2/-ca-ccgaa/7.1bc4.1acfc2.1aab3.1bed3.2g4.7,0.7157438397407532,-1.0
1/-ca-ccfaa/7.1bce3.1acfc2.1aab3.1bed3.2g4.7,-0.8338623046875,1.0
2/-ca-bcfaa/1c5.1bce3.1acfc2.1aab3.1bed3.2g4.7,0.8266454339027405,-1.0
1/-c-b-bcfaa/1c5.1bce3.1acfc2.1aab3.bbed3.2g4.7,-0.8007544279098511,1.0
2/-b-b-bcfaa/1c5.1bce3.1acfca1.1aab3.bbed3.2g4.7,0.7286497950553894,-1.0
1/-b-b-bcfa-c/1c5.1bce3.1acfca1.1aab3.bbed3.2gg3.2g4,-0.5542247295379639,1.0
2/-b-b-bdfa-c/1c5.1bce3.1acfca1.1aab3.bbed3.1dgg3.2g4,0.4007454514503479,-1.0
1/-b-b-bdf-c-c/1c5.1bcef2.1acfca1.1aab3.bbed3.1dgg3.2gf3,-0.32165125012397766,1.0
2/-b-b-bef-c-c/1c5.1bcef2.1acfca1.1aabd2.bbed3.1dgg3.2gf3,0.23814861476421356,-1.0
1/-b-b-bef-c-d/1cg4.1bcef2.1acfca1.1aabd2.bbed3.1dgg3.2gf3,-0.21526649594306946,1.0
2/-b-bbef-c-d/1cg4.1bcef2.1acfca1.caabd2.bbed3.cdgg3.2gf3,0.3818448483943939,-1.0
1/-b-bbbf-c-d/1cgd3.1bcef2.dacfca1.caabd2.bbed3.cdgg3.1dgf3,-0.40867096185684204,1.0
2/a-bbbf-c-d/1cgda2.1bcef2.dacfca1.caabd2.bbed3.cdgg3.1dgf3,0.0964224711060524,-1.0
1/-b-bbbf-c-d/1cgda2.1bcef2.dacfca1.caabd2.bbeda2.cdgg3.1dgf3,-0.3216908574104309,1.0
2/-babbf-c-d/1cgda2.1bcef2.dacfca1.caabdb1.bbeda2.cdgg3.1dgf3,0.0805998295545578,-1.0
1/-babbd-c-d/1cgda2.1bcefe1.dacfca1.caabdb1.bbedae1.cdgg3.1dgf3,-0.13032783567905426,1.0
2/-bbbbd-c-d/1cgda2.1bcefe1.dacfca1.caabdb1.bbedae1.cdgg3.bdgf3,0.16110184788703918,-1.0
1/-bbbbd-d-d/1cgda2.1bcefe1.dacfca1.caabdb1.bbedae1.cdggf2.bdgf3,-0.2764478623867035,1.0
2/abbbd-d-d/1cgda2.1bcefe1.dacfca1.caabdb1.bbedae1.cdggf2.bdgfa2,0.3102952837944031,-1.0
1/ababd-d-d/1cgda2.1bcefe1.dacfca1.caabdb1.bbedae1.cdggfc1.bdgfa2,-0.26011571288108826,1.0
2/ababd-b-d/1cgdaf1.1bcefe1.dacfca1.caabdbf.bbedae1.cdggfc1.bdgfa2,0.24295330047607422,-1.0
1/aaabd-b-d/1cgdaf1.bbcefe1.dacfca1.caabdbf.bbedae1.cdggfc1.bdgfa2,-0.2645454406738281,1.0
2/aaabd-b-b/1cgdaf1.bbcefe1.dacfca1.caabdbf.bbedaeg.cdggfc1.bdgfag1,0.2663956880569458,-1.0
1/aaaad-b-b/1cgdaf1.bbcefe1.dacfcad.caabdbf.bbedaeg.cdggfc1.bdgfag1,-0.3289947807788849,1.0
2/aaaada-b/fcgdaf1.bbcefe1.dacfcad.caabdbf.bbedaeg.cdggfc1.bdgfag1,0.2452193796634674,-1.0
1/aaaaca-b/fcgdaf1.bbcefe1.dacfcad.caabdbf.bbedaeg.cdggfce.bdgfag1,-0.24320854246616364,1.0
2/aaaacaa/fcgdaf1.bbcefeg.dacfcad.caabdbf.bbedaeg.cdggfce.bdgfag1,0.20895995199680328,-1.0
1/aaaaaaa/fcgdafe.bbcefeg.dacfcad.caabdbf.bbedaeg.cdggfce.bdgfage,-0.12061110138893127,1.0
1/da-dd-b-b-d/7.7.7.7.2b4.7.7,0.9981904029846191,-1.0
2/ea-dd-b-b-d/7.7.7.7.2b4.1a5.7,-0.9936622977256775,1.0
1/ea-ed-b-b-d/7.7.4c2.7.2b4.1a5.7,0.9868801236152649,-1.0
2/ea-ee-b-b-d/7.7.4c2.7.1db4.1a5.7,-0.9333457946777344,1.0
1/ea-ee-d-b-d/7.7.4c2.4e2.1dbe3.1a5.7,0.9489794969558716,-1.0
2/ea-ee-da-d/7.4f2.4c2.4e2.1dbe3.1a5.7,-0.8418933749198914,1.0
1/ea-fe-da-d/7.4f2.4c2.3ce2.1dbe3.1a5.7,0.8542956113815308,-1.0
2/ea-fe-dc-d/7.4f2.3fc2.2fce2.1dbe3.1a5.7,-0.8092557191848755,1.0
1/da-fe-dc-d/7.3af2.3fc2.2fce2.1dbe3.1a5.7,0.6002967357635498,-1.0
2/da-de-dc-d/7.3af2.2cfc2.1cfce2.1dbe3.1a5.7,-0.5680196285247803,1.0
1/da-de-da-d/7.3af2.2cfcf1.1cfce2.1dbe3.fa5.7,0.4786391854286194,-1.0
2/da-de-db-d/7.3af2.2cfcf1.1cfce2.fdbe3.fa5.7,-0.7368394732475281,1.0
1/d-d-de-db-d/7.3afb1.2cfcfb.bcfce2.fdbe3.fa5.7,0.7582136392593384,-1.0
2/d-d-df-db-d/7.3afb1.2cfcfb.bcfce2.fdbed2.fa5.7,-0.5693670511245728,1.0
1/a-d-df-db-d/7.3afb1.2cfcfb.bcfce2.fdbed2.faa4.aa5,-0.025787243619561195,-1.0
2/a-daf-db-d/7.3afbc.2cfcfb.bcfcec1.fdbed2.faac3.aa5,-0.10359414666891098,1.0
1/a-daf-eb-d/7.2eafbc.2cfcfb.bcfcec1.fdbed2.faac3.aa5,0.261940062046051,-1.0
2/a-daf-eba/2g4.2eafbc.1gcfcfb.bcfcec1.fdbed2.faacg2.aa5,-0.2934948801994324,1.0
1/-b-daf-eba/2g4.1aeafbc.1gcfcfb.bcfcec1.fdbed2.faacg2.aa5,0.16501176357269287,-1.0
2/-b-daf-cba/1eg4.1aeafbc.1gcfcfb.bcfcec1.fdbed2.faacg2.aae4,-0.1116957888007164,1.0
1/-b-dae-cba/1eg4.1aeafbc.dgcfcfb.bcfcec1.fdbed2.faacg2.aae4,-0.12813685834407806,-1.0
2/a-dae-cba/1eg4.1aeafbc.dgcfcfb.bcfcec1.fdbed2.faacg2.aaea3,0.06887863576412201,1.0
1/a-dab-cba/1egd3.daeafbc.dgcfcfb.bcfcecd.fdbed2.faacg2.aaea3,0.08614655584096909,-1.0
2/aaab-cba/begd3.daeafbc.dgcfcfb.bcfcecd.fdbedb1.faacg2.aaeab2,-0.04650067538022995,1.0
1/aaab-cb-b/begd3.daeafbc.dgcfcfb.bcfcecd.fdbedb1.faacgg1.aaeab2,0.06958498805761337,-1.0
2/aaab-cba/begd3.daeafbc.dgcfcfb.bcfcecd.fdbedbg.faacgg1.aaeab2,-0.02814994752407074,1.0
1/aaaa-cba/begd3.daeafbc.dgcfcfb.bcfcecd.fdbedbg.faacggd.aaeab2,0.024790870025753975,-1.0
2/aaaa-cbb/begdg2.daeafbc.dgcfcfb.bcfcecd.fdbedbg.faacggd.aaeab2,-0.025460809469223022,1.0
1/aaaa-cab/begdgf1.daeafbc.dgcfcfb.bcfcecd.fdbedbg.faacggd.aaeab2,0.04804987087845802,-1.0
2/aaaaaab/begdgfe.daeafbc.dgcfcfb.bcfcecd.fdbedbg.faacggd.aaeabe1,0.09683610498905182,1.0
1/aaaaaaa/begdgfe.daeafbc.dgcfcfb.bcfcecd.fdbedbg.faacggd.aaeabeg,-0.09337888658046722,-1.0
1/f-b-b-bdcb/7.7.3f3.7.7.7.7,-0.9991688132286072,1.0
2/f-b-b-bdcc/7.7.3f3.3g3.7.7.7,0.9968523383140564,-1.0
1/e-b-b-bdcc/7.7.3f3.3ga2.7.7.7,-0.9896188974380493,1.0
2/e-b-badcc/7.7.3f3.3gad1.7.7.7,0.9823638796806335,-1.0
1/e-b-baccc/7.7.3f3.2egad1.7.7.7,-0.978513240814209,1.0
2/ea-baccc/7.7.3f3.2egad1.4b2.7.7,0.9669761657714844,-1.0
1/da-baccc/7.7.3f3.2egad1.3ab2.7.7,-0.9872798919677734,1.0
2/db-baccc/7.7.3f3.2egad1.3abb1.7.7,0.9983927607536316,-1.0
1/db-b-bccc/7.7.3fd2.2egad1.3abb1.7.7,-0.9952720403671265,1.0
2/db-baccc/7.7.3fd2.2egad1.2dabb1.7.7,0.989667534828186,-1.0
1/db-daccc/7.4c2.3fdc1.2egad1.2dabb1.7.7,-0.926402747631073,1.0
2/db-caccc/7.4c2.2cfdc1.2egad1.2dabb1.7.7,0.9350171089172363,-1.0
1/db-caccb/7.4cg1.2cfdc1.2egad1.2dabb1.7.7,-0.9608941674232483,1.0
2/db-caccc/7.4cg1.2cfdc1.2egad1.2dabb1.1g5.7,0.9258215427398682,-1.0
1/da-caccc/7.3bcg1.2cfdc1.2egad1.2dabb1.1g5.7,-0.9202514290809631,1.0
2/da-cbccc/7.3bcg1.2cfdc1.2egad1.2dabbd.1g5.7,0.8611421585083008,-1.0
1/ca-cbccc/7.3bcg1.2cfdc1.2egad1.2dabbd.1ga4.7,-0.7546312212944031,1.0
2/ca-cbdcc/7.3bcg1.2cfdc1.2egad1.2dabbd.1ga4.1e5,0.7403883934020996,-1.0
1/ba-cbdcc/7.3bcg1.2cfdc1.2egad1.2dabbd.1gaa3.1e5,-0.7276779413223267,1.0
2/ba-bbdcc/7.3bcg1.2cfdc1.2egad1.1cdabbd.1gaa3.1e5,0.6641203761100769,-1.0
1/b-b-bbdcc/7.3bcg1.2cfdc1.1begad1.1cdabbd.1gaa3.1e5,-0.6979933977127075,1.0
2/c-b-bbdcc/7.3bcg1.2cfdc1.1begad1.1cdabbd.1gaaa2.1e5,0.6959701776504517,-1.0
1/c-b-cbdcc/7.2cbcg1.2cfdc1.1begad1.1cdabbd.1gaaa2.1e5,-0.7082741856575012,1.0
2/c-b-cbdcd/7.2cbcg1.2cfdc1.1begadg.1cdabbd.1gaaa2.1e5,0.7143820524215698,-1.0
1/c-b-cbdad/7.2cbcg1.2cfdcf.1begadg.1cdabbd.1gaaa2.1ef4,-0.677710235118866,1.0
2/c-b-bbdad/7.2cbcg1.2cfdcf.1begadg.1cdabbd.1gaaa2.1efc3,0.7130744457244873,-1.0
1/c-b-bbd-bd/7.2cbcg1.1fcfdcf.1begadg.1cdabbd.1gaaa2.1efc3,-0.6631112098693848,1.0
2/c-b-bbe-bd/7.1ecbcg1.1fcfdcf.1begadg.1cdabbd.1gaaa2.1efc3,0.5953564643859863,-1.0
1/c-c-bbe-bd/7.1ecbcg1.1fcfdcf.1begadg.1cdabbd.bgaaa2.1efc3,-0.5587320327758789,1.0
2/c-b-bbe-bd/7.1ecbcg1.1fcfdcf.1begadg.1cdabbd.bgaaab1.1efc3,0.5780206322669983,-1.0
1/c-b-bbe-cd/7.1ecbcg1.1fcfdcf.1begadg.fcdabbd.bgaaab1.1efc3,-0.634514570236206,1.0
2/c-babe-cd/7.1ecbcg1.1fcfdcf.cbegadg.fcdabbd.bgaaab1.1efc3,0.6308615207672119,-1.0
1/a-babe-cd/7.1ecbcga.1fcfdcf.cbegadg.fcdabbd.bgaaab1.1efca2,-0.4755004346370697,1.0
2/a-babe-bd/7.1ecbcga.1fcfdcf.cbegadg.fcdabbd.bgaaab1.fefca2,0.43690985441207886,-1.0
1/a-babd-bd/4e2.1ecbcga.1fcfdcf.cbegadg.fcdabbd.bgaaab1.fefca2,-0.477884441614151,1.0
2/a-bacd-bd/4e2.1ecbcga.1fcfdcf.cbegadg.fcdabbd.bgaaabd.fefca2,0.535825788974762,-1.0
1/a-bacd-ba/3geg1.1ecbcga.gfcfdcf.cbegadg.fcdabbd.bgaaabd.fefca2,-0.47457224130630493,1.0
2/a-bacdaa/3geg1.1ecbcga.gfcfdcf.cbegadg.fcdabbd.bgaaabd.fefcaf1,0.42039841413497925,-1.0
1/a-bacaaa/2egeg1.eecbcga.gfcfdcf.cbegadg.fcdabbd.bgaaabd.fefcafe,-0.20148666203022003,1.0
2/aaacaaa/1begeg1.eecbcga.gfcfdcf.cbegadg.fcdabbd.bgaaabd.fefcafe,0.18492358922958374,-1.0
1/aaaaaaa/dbegegd.eecbcga.gfcfdcf.cbegadg.fcdabbd.bgaaabd.fefcafe,-0.09174114465713501,1.0
1/db-d-dbbc/7.7.4g2.7.7.7.7,-0.9996873140335083,1.0
2/db-b-dbbc/7.7.4g2.4cc1.7.7.7,0.9990212917327881,-1.0
1/db-b-dabc/7.7.4g2.3ecc1.7.7.7,-0.982684314250946,1.0
2/eb-b-dabc/7.7.3ag2.3ecc1.7.7.7,0.9551476240158081,-1.0
1/eb-c-dabc/7.7.3agc1.3ecc1.7.7.7,-0.9949202537536621,1.0
2/eb-c-dcbc/7.4e2.2eagc1.3ecc1.7.7.7,0.9988446831703186,-1.0
1/cb-c-dcbc/7.4e2.2eagc1.2aecc1.5a1.7.7,-0.9543926119804382,1.0
2/cb-c-ccbc/7.4e2.2eagc1.1daecc1.5a1.7.7,0.9180465340614319,-1.0
1/cb-c-cc-bc/4f2.4e2.2eagc1.1daecc1.4fa1.7.7,-0.7172727584838867,1.0
2/cb-c-cc-bd/4f2.4e2.1geagc1.1daecc1.4fa1.7.7,0.7478962540626526,-1.0
1/ca-c-cc-bd/4f2.4e2.1geagc1.1daecc1.3bfa1.7.7,-0.5500215291976929,1.0
2/cb-c-cc-bd/4f2.3be2.1geagc1.1daecc1.3bfa1.7.7,0.36599716544151306,-1.0
1/cb-c-dc-bd/4f2.3be2.1geagc1.1daecc1.2dbfa1.7.7,-0.5313314199447632,1.0
2/cb-c-dc-be/4f2.3be2.ggeagc1.1daecc1.2dbfa1.7.7,0.6303488612174988,-1.0
1/ab-c-dc-be/4f2.3be2.ggeagc1.1daecc1.2dbfa1.4aa1.7,-0.5570622682571411,1.0
2/ad-c-dc-be/4f2.2bbe2.ggeagc1.bdaecc1.2dbfa1.4aa1.7,0.6457614898681641,-1.0
1/ad-c-ec-be/3df2.2bbe2.ggeagc1.bdaecc1.2dbfa1.4aa1.7,-0.4330998659133911,1.0
2/ad-c-ecbe/2fdf2.2bbe2.ggeagc1.bdaeccf.2dbfa1.4aa1.7,0.5663343071937561,-1.0
1/ad-c-e-bbe/2fdf2.1ebbe2.ggeagce.bdaeccf.1edbfa1.4aa1.7,-0.46913817524909973,1.0
2/ad-c-c-bbe/2fdf2.1ebbed1.ggeagce.bdaeccf.1edbfa1.3daa1.7,0.6750050783157349,-1.0
1/ac-c-c-bbe/1bfdf2.1ebbed1.ggeagce.bdaeccf.1edbfa1.3daa1.7,-0.6964188814163208,1.0
2/ac-c-b-bbe/1bfdf2.1ebbed1.ggeagce.bdaeccf.1edbfa1.2ddaa1.7,0.5309574604034424,-1.0
1/ac-c-b-bbc/1bfdfg1.gebbed1.ggeagce.bdaeccf.1edbfa1.2ddaa1.7,-0.3230573832988739,1.0
2/acb-b-bbc/cbfdfg1.gebbedc.ggeagce.bdaeccf.1edbfa1.2ddaa1.4c2,0.35489994287490845,-1.0
1/acb-b-b-bc/cbfdfgf.gebbedc.ggeagce.bdaeccf.1edbfa1.2ddaa1.3fc2,-0.34660887718200684,1.0
2/acb-ba-bc/cbfdfgf.gebbedc.ggeagce.bdaeccf.1edbfae.2ddaa1.3fc2,0.2895427346229553,-1.0
1/acb-ba-ba/cbfdfgf.gebbedc.ggeagce.bdaeccf.1edbfae.1gddaa1.3fcg1,-0.2603016495704651,1.0
2/acbaa-ba/cbfdfgf.gebbedc.ggeagce.bdaeccf.dedbfae.1gddaa1.3fcg1,0.19239665567874908,-1.0
1/acaaa-ba/cbfdfgf.gebbedc.ggeagce.bdaeccf.dedbfae.1gddaa1.2cfcg1,-0.23152442276477814,1.0
2/bcaaa-ba/cbfdfgf.gebbedc.ggeagce.bdaeccf.dedbfae.agddaa1.2cfcg1,0.23425129055976868,-1.0
1/acaaa-ba/cbfdfgf.gebbedc.ggeagce.bdaeccf.dedbfae.agddaaa.2cfcg1,-0.24256987869739532,1.0
2/acaaaaa/cbfdfgf.gebbedc.ggeagce.bdaeccf.dedbfae.agddaaa.1fcfcg1,0.14981798827648163,-1.0
1/aaaaaaa/cbfdfgf.gebbedc.ggeagce.bdaeccf.dedbfae.agddaaa.bfcfcgb,-0.0655267983675003,1.0
2/db-c-bb/5.3c1.5.5.5,0.9994582533836365,-1.0
1/da-c-bb/5.3c1.2b2.5.5,-0.9795660972595215,1.0
2/da-cab/5.2dc1.2b2.5.5,0.9781525135040283,-1.0
1/da-c-cb/2d2.2dc1.1db2.5.5,-0.8301677703857422,1.0
2/ea-c-cb/2da1.2dc1.1db2.5.5,0.9402083158493042,-1.0
1/ea-d-cb/2da1.2dc1.1db2.2c2.5,-0.8320440649986267,1.0
2/ec-d-cb/2da1.1bdcb.1db2.2c2.5,0.7314448356628418,-1.0
1/bc-d-cb/2daa.1bdcb.1dba1.2c2.2a2,-0.48259273171424866,1.0
2/bc-b-cb/1cdaa.1bdcb.1dba1.2cc1.2a2,0.6009847521781921,-1.0
1/bc-b-c-b/1cdaa.1bdcb.edbae.2cc1.2a2,-0.186744824051857,1.0
2/bc-ba-b/1cdaa.dbdcb.edbae.1dcc1.2a2,-0.06285510957241058,-1.0
1/ba-ba-b/1cdaa.dbdcb.edbae.1dcc1.1bab1,0.22622956335544586,1.0
2/baaa-b/ccdaa.dbdcb.edbae.1dcc1.1bab1,-0.24792461097240448,-1.0
1/baaa-c/ccdaa.dbdcb.edbae.edcc1.1bab1,0.030338147655129433,1.0
2/baaaa/ccdaa.dbdcb.edbae.edcce.ebab1,-0.09503300487995148,-1.0
1/aaaaa/ccdaa.dbdcb.edbae.edcce.ebaba,-0.3418600559234619,1.0
1/b-c-bbb/5.5.3b1.5.5,-0.9991950988769531,1.0
2/b-c-bbc/5.5.2eb1.5.5,0.997035562992096,-1.0
1/b-c-cbc/5.5.2eb1.1c3.5,-0.9912111163139343,1.0
2/b-c-ccc/5.5.2eb1.1c3.1d3,0.9844674468040466,-1.0
1/b-c-ccb/5.5.1eeb1.1c3.1d3,-0.8140193819999695,1.0
2/ba-ccb/5.4b.1eeb1.1cb2.1d3,0.9243523478507996,-1.0
1/aa-ccb/5.3ab.1eeb1.1cb2.1d3,-0.9969111680984497,1.0
2/aa-cdb/5.2dab.1eeb1.1cb2.1d3,0.930012047290802,-1.0
1/aa-ddb/5.1cdab.1eeb1.1cb2.1d3,-0.9018177390098572,1.0
2/ca-ddb/5.1cdab.1eeb1.acba1.1d3,0.9077332615852356,-1.0
1/ca-dda/5.1cdab.eeeb1.acba1.1d3,-0.8614212274551392,1.0
2/ca-ddb/2e2.1cdab.eeeb1.acba1.1d3,0.8326253294944763,-1.0
1/c-b-ddb/2e2.bcdab.eeeb1.acba1.1d3,-0.7530092000961304,1.0
2/c-b-cdb/2ec1.bcdab.eeeb1.acba1.1d3,0.8469222187995911,-1.0
1/a-b-cdb/1aec1.bcdab.eeeb1.acba1.1da2,-0.7652799487113953,1.0
2/aa-cdb/baec1.bcdab.eeeb1.acba1.1da2,0.6614339351654053,-1.0
1/aa-cab/baec1.bcdab.eeebd.acba1.ddad1,-0.3209182024002075,1.0
2/aaaab/baecc.bcdab.eeebd.acbac.ddad1,0.22871927917003632,-1.0
1/aaaaa/baecc.bcdab.eeebd.acbac.ddade,-0.16829891502857208,1.0
1/a-dcc-b/3a1.1aedb.cedad.eabae.2cc1,-0.45001882314682007,1.0
2/a-dcca/3a1.1aedb.cedad.eabae.2cce,-0.14308960735797882,-1.0
1/a-dcaa/2da1.1aedb.cedad.eabae.1dcce,0.10615912079811096,1.0
2/aacaa/1bdab.baedb.cedad.eabae.1dcce,0.2284994125366211,-1.0
1/aaaaa/cbdab.baedb.cedad.eabae.cdcce,-0.11401091516017914,1.0
1/-d-c-ddd/5.5.5.1b3.5,0.9984952211380005,-1.0
2/-d-c-cdd/5.5.5.1b3.1c3,-0.9901914596557617,1.0
1/-d-c-cbd/5.5.1d3.1bd2.1c3,0.9671263098716736,-1.0
2/-d-c-bbd/5.5.cd3.1bd2.1c3,-0.8987314105033875,1.0
1/-d-d-bbd/5.5.cdb2.1bd2.1c3,0.9817118048667908,-1.0
2/-b-d-bbd/5.2a2.cdb2.abd2.1c3,-0.9986172318458557,1.0
1/-b-d-bbc/5.1ea2.cdb2.abd2.1c3,0.39819708466529846,-1.0
2/-ba-bbc/5.bea2.cdbb1.abd2.bc3,0.27289068698883057,1.0
1/-ca-bbc/5.bea2.cdbb1.abd2.bca2,0.193761944770813,-1.0
2/-ca-bbd/5.beae1.cdbb1.abd2.bca2,0.13752469420433044,1.0
1/-ca-b-bd/dd3.beae1.cdbb1.abd2.bca2,-0.11001457273960114,-1.0
2/-cab-bd/ddc2.beae1.cdbb1.abdc1.bca2,0.2582470774650574,1.0
1/-cab-bb/ddce1.beae1.cdbbe.abdc1.bca2,0.2809910178184509,-1.0
2/aab-bb/ddce1.beae1.cdbbe.abdca.bcaa1,0.046555180102586746,1.0
1/aab-ba/ddce1.beaee.cdbbe.abdca.bcaa1,-0.2878137230873108,-1.0
2/aabaa/ddce1.beaee.cdbbe.abdca.bcaad,0.10943194478750229,1.0
1/aaaaa/ddcec.beaee.cdbbe.abdca.bcaad,-0.24369677901268005,-1.0
1/eb-db-b/5.5.1a3.5.5,-0.9988864064216614,1.0
2/eb-cb-b/5.5.1a3.2c2.5,0.9960447549819946,-1.0
1/eb-ca-b/5.5.1ad2.2c2.5,-0.892302393913269,1.0
2/ec-ca-b/5.5.1ad2.1bc2.5,0.940280020236969,-1.0
1/ec-ca-c/5.3e1.1ad2.1bc2.5,-0.9998519420623779,1.0
2/ed-ca-c/5.2be1.1ad2.1bc2.5,0.8531359434127808,-1.0
1/eb-ca-c/5.1bbe1.1ad2.1bc2.1b3,-0.7739374041557312,1.0
2/eb-cc-c/5.1bbe1.1add1.1bc2.1bd2,0.808950662612915,-1.0
1/eb-dc-c/2c2.1bbe1.1add1.1bc2.1bd2,-0.6972360014915466,1.0
2/eb-cc-c/1cc2.1bbe1.1add1.1bc2.1bd2,0.7361445426940918,-1.0
1/eb-cc-d/1cce1.1bbe1.1add1.1bc2.1bd2,-0.49719759821891785,1.0
2/eb-bc-d/1cce1.1bbe1.1addc.1bc2.1bd2,0.6731537580490112,-1.0
1/ea-bc-d/1cce1.1bbeb.1addc.1bc2.1bd2,-0.6009597778320312,1.0
2/ea-bc-c/1cce1.1bbeb.eaddc.1bc2.1bd2,0.5774729251861572,-1.0
1/ea-ba-c/1cced.1bbeb.eaddc.1bcd1.1bd2,-0.3617447018623352,1.0
2/ea-baa/1cced.ebbeb.eaddc.1bcde.1bd2,0.29753434658050537,-1.0
1/ba-baa/acced.ebbeb.eaddc.abcde.1bda1,-0.06786276400089264,1.0
2/baaaa/acced.ebbeb.eaddc.abcde.1bdac,0.027335556223988533,-1.0
1/aaaaa/acced.ebbeb.eaddc.abcde.abdac,-0.33839306235313416,1.0
1/ab-dd-b/5.3a1.5.5.5,-0.9994046688079834,1.0
2/ab-bd-b/5.3ac.4c.5.5,0.9844557642936707,-1.0
1/ab-bd-d/5.3ac.3ec.2e2.5,-0.9539622068405151,1.0
2/ab-be-d/5.3ac.3ec.2ed1.5,0.8681437969207764,-1.0
1/a-b-be-d/3b1.3ac.3ec.2edb.5,-0.5613142251968384,1.0
2/a-b-be-b/3b1.3ac.2eec.2edb.4e,-0.28985726833343506,-1.0
1/a-c-be-b/3b1.3ac.2eec.1bedb.4e,0.1383628398180008,1.0
2/a-c-bea/3b1.3ac.1eeec.1bedb.4e,-0.06711293011903763,-1.0
1/-c-c-bea/3b1.2aac.1eeec.abedb.4e,0.5009520053863525,1.0
2/a-c-bea/3ba.1aaac.1eeec.abedb.4e,-0.3064798414707184,-1.0
1/a-c-bca/2dba.1aaac.1eeec.abedb.3de,-0.10742399841547012,1.0
2/aa-bca/1bdba.1aaac.1eeec.abedb.2bde,0.11367077380418777,-1.0
1/aa-cca/1bdba.1aaac.ceeec.abedb.2bde,0.06704578548669815,1.0
2/aaaca/1bdba.caaac.ceeec.abedb.1cbde,0.4054514467716217,-1.0
1/aaaaa/dbdba.caaac.ceeec.abedb.dcbde,-0.28601861000061035,1.0
2/-ccdb-b/1a3.1ca2.1ebc1.1ea2.5,-0.07705792784690857,1.0
1/-ccda-b/1a3.dca2.1ebc1.1ea2.5,-0.8752906322479248,-1.0
2/-cdda-b/1a3.dca2.1ebc1.1eab1.5,0.9065104126930237,1.0
1/-cada-b/1a3.dca2.1ebcb.1eabb.1b3,-0.7253060340881348,-1.0
2/-cadab/ea3.dca2.eebcb.1eabb.1b3,0.7802238464355469,1.0
1/-cadaa/ea3.dca2.eebcb.1eabb.1be2,-0.6479415893554688,-1.0
2/-cadca/ead2.dcad1.eebcb.1eabb.1be2,0.6966638565063477,1.0
1/-cadaa/ead2.dcadd.eebcb.1eabb.1bed1,-0.7719104886054993,-1.0
2/aadaa/eada1.dcadd.eebcb.aeabb.1bed1,0.6925833225250244,1.0
1/aaaaa/eadac.dcadd.eebcb.aeabb.cbedc,-0.5396342277526855,-1.0
1/dd-da-d/2bb1.1ddd1.1aec1.1cad1.2ed1,-0.7039444446563721,1.0
2/dd-da-b/1ebb1.1ddd1.1aec1.1cad1.1eed1,0.3288775384426117,-1.0
1/cd-da-b/1ebb1.1ddd1.1aec1.1cada.1eed1,-0.6611049175262451,1.0
2/cd-ba-b/1ebb1.1ddd1.caec1.ccada.1eed1,0.5700355768203735,-1.0
1/cc-ba-b/1ebb1.bddd1.caec1.ccada.1eed1,-0.6956882476806641,1.0
2/cc-baa/eebb1.bddd1.caec1.ccada.1eed1,0.6316407918930054,-1.0
1/ac-baa/eebb1.bddd1.caeca.ccada.1eeda,-0.54323410987854,1.0
2/acaaa/eebb1.bdddc.caeca.ccada.1eeda,0.4691903293132782,-1.0
1/aaaaa/eebbb.bdddc.caeca.ccada.beeda,-0.3391803503036499,1.0
2/-b-bcd-b/5.5.1c3.5.5,-0.9996430277824402,1.0
1/-b-bcd-d/5.2e2.1ce2.5.5,0.9952093958854675,-1.0
2/-bacd-d/5.2e2.1ce2.2b2.5,-0.9693769216537476,1.0
1/-cacd-d/5.2e2.1ce2.2ba1.5,0.8984933495521545,-1.0
2/-cace-d/5.2e2.1ce2.1dba1.5,-0.6318671107292175,1.0
1/-cacc-d/5.1de2.1ce2.1dba1.1d3,0.20231641829013824,-1.0
2/-cadc-d/5.1de2.1ce2.1dbac.1d3,-0.49837347865104675,1.0
1/-c-cdc-d/5.1de2.bceb1.1dbac.1d3,0.3535536825656891,-1.0
2/-c-cdc-b/5.edee1.bceb1.1dbac.1d3,-0.1002856120467186,1.0
1/-c-ccc-b/5.edee1.bcebc.1dbac.1d3,-0.23193161189556122,-1.0
2/-cacc-b/5.edeeb.bcebc.bdbac.1d3,0.3122365474700928,1.0
1/-dacc-b/2a2.edeeb.bcebc.bdbac.1d3,-0.04868343845009804,-1.0
2/-dacca/2a2.edeeb.bcebc.bdbac.1de2,0.042412593960762024,1.0
1/-daaca/1ca2.edeeb.bcebc.bdbac.cde2,0.08103253692388535,-1.0
2/aaaca/acaa1.edeeb.bcebc.bdbac.cdea1,0.021305106580257416,1.0
1/aaaaa/acaad.edeeb.bcebc.bdbac.cdead,-0.06109550595283508,-1.0
2/bcd-d-b/5.5.5.2b2.5,0.9987941384315491,-1.0
1/bcc-d-b/5.5.1c3.2b2.5,-0.9962031841278076,1.0
2/ccc-d-b/5.5.1c3.2b2.2a2,0.9865036010742188,-1.0
1/ccc-d-c/5.5.1c3.2be1.2a2,-0.9606145024299622,1.0
2/ccc-d-b/5.5.1c3.1ebe1.2a2,0.9502683281898499,-1.0
1/ccc-e-b/5.5.1cd2.1ebe1.2a2,-0.7122282981872559,1.0
2/ccc-eb/5.5.1cde1.1ebe1.1ea2,0.5908852815628052,-1.0
1/bcc-eb/5.5.1cde1.1ebe1.1eaa1,-0.6298663020133972,1.0
2/bcc-db/5.5.1cded.1ebe1.1eaa1,0.40799418091773987,-1.0
1/bcb-db/5.2c2.1cded.1ebe1.1eaa1,-0.8984556794166565,1.0
2/bcb-cb/5.1dc2.1cded.1ebe1.1eaa1,0.8884701728820801,-1.0
1/bbb-cb/5.1dc2.1cded.1ebeb.1eaa1,-0.8112642168998718,1.0
2/bcb-cb/5.1dcb1.1cded.1ebeb.1eaa1,0.7715641856193542,-1.0
1/bc-b-cb/5.cdcb1.ccded.1ebeb.1eaa1,-0.7951130270957947,1.0
2/bc-bab/1d3.cdcb1.ccded.debeb.1eaa1,0.6910485625267029,-1.0
1/bc-baa/1d3.cdcbe.ccded.debeb.1eaa1,-0.6788471341133118,1.0
2/bcaaa/1dc2.cdcbe.ccded.debeb.1eaa1,0.6835683584213257,-1.0
1/baaaa/1dc2.cdcbe.ccded.debeb.beaab,-0.529142439365387,1.0
2/caaaa/1dca1.cdcbe.ccded.debeb.beaab,0.4466838240623474,-1.0
1/aaaaa/adcaa.cdcbe.ccded.debeb.beaab,-0.30239200592041016,1.0
1/bbab-d/5.5.2c2.5.5,-0.9995800256729126,1.0
2/bcab-d/5.5.1bc2.5.5,0.9991939067840576,-1.0
1/bcaa-d/5.5.dbc2.5.5,-0.9988462924957275,1.0
2/bdaa-d/5.5.dbc2.1b3.5,0.9981222748756409,-1.0
1/bdaa-e/5.1e3.dbc2.1b3.5,-0.8298649191856384,1.0
2/ddaa-e/5.aea2.dbc2.1b3.5,0.70474773645401,-1.0
1/bdaa-e/5.aeaa1.dbc2.1ba2.5,-0.40920722484588623,1.0
2/bdca-e/5.aeaac.dbc2.cba2.5,0.5457798838615417,-1.0
1/bcca-e/5.aeaac.dbcb1.cba2.5,-0.4837380349636078,1.0
2/bcca-d/1e3.aeaac.dbcb1.cba2.5,0.5440399646759033,-1.0
1/bcc-c-d/1ed2.aeaac.dbcb1.cbad1.5,-0.2540269196033478,1.0
2/bcc-c-b/eed2.aeaac.dbcb1.cbad1.1e3,0.49958592653274536,-1.0
1/bac-c-b/eed2.aeaac.dbcb1.cbad1.beb2,-0.3965376913547516,1.0
2/baca-b/eedd1.aeaac.dbcb1.cbad1.bebd1,0.5533658266067505,-1.0
1/baaa-b/eeddc.aeaac.dbcbc.cbad1.bebd1,-0.334674596786499,1.0
2/baaaa/eeddc.aeaac.dbcbc.cbade.bebd1,0.18511632084846497,-1.0
1/aaaaa/eeddc.aeaac.dbcbc.cbade.bebda,-0.11700480431318283,1.0
2/-ddcc-d/5.2eca.1cce1.1ab2.bd3,-0.8777642250061035,1.0
1/-dbcc-d/5.2eca.1cce1.1abb1.bdb2,0.6060127019882202,-1.0
2/-dbcd-d/5.2eca.1cce1.1abb1.bdbd1,-0.1905469447374344,1.0
1/-dacd-d/5.1beca.1cce1.1abb1.bdbd1,0.1616874486207962,-1.0
2/-dacd-b/2e2.1beca.1cce1.eabb1.bdbd1,0.16508902609348297,1.0
1/-dacb-b/2e2.1beca.dcced.eabb1.bdbd1,0.42914891242980957,-1.0
2/-dacba/2e2.1beca.dcced.eabbe.bdbd1,0.2546447813510895,1.0
1/-dacaa/2ed1.1beca.dcced.eabbe.bdbd1,-0.3588770925998688,-1.0
2/aacaa/1aeda.abeca.dcced.eabbe.bdbd1,0.28440263867378235,1.0
1/aaaaa/caeda.abeca.dcced.eabbe.bdbdc,-0.16613119840621948,-1.0
2/a-dbdd/5.2a2.5.5.5,0.9995280504226685,-1.0
1/a-ebdd/5.1ba2.5.5.5,-0.9172042608261108,1.0
2/a-ecdd/5.cba2.5.5.5,0.9224435091018677,-1.0
1/a-eccd/2d2.cba2.5.5.5,-0.8333867788314819,1.0
2/a-ecce/2d2.cba2.2e2.5.5,0.788164496421814,-1.0
1/a-eccc/1ed2.cba2.2e2.2e2.5,-0.5375697612762451,1.0
2/a-dccc/1ed2.cba2.2e2.2e2.2b2,0.8574604988098145,-1.0
1/a-dcac/1ed2.cba2.1ded1.2e2.2b2,-0.757342517375946,1.0
2/b-dcac/aed2.cba2.1ded1.2e2.2b2,0.6242870092391968,-1.0
1/b-dcaa/aed2.cba2.edede.2e2.2b2,-0.45059698820114136,1.0
2/b-ccaa/aed2.cba2.edede.2eb1.2b2,0.22196803987026215,-1.0
1/b-cc-ba/aed2.cbad1.edede.2eb1.2b2,-0.41433095932006836,1.0
2/b-ccaa/aed2.cbadd.edede.2eb1.2b2,0.28613734245300293,-1.0
1/a-ccaa/aed2.cbadd.edede.2eb1.2ba1,-0.4230203330516815,1.0
2/a-cdaa/aedc1.cbadd.edede.2eb1.2ba1,0.36755838990211487,-1.0
1/a-ccaa/aedc1.cbadd.edede.1ceb1.2ba1,-0.40285414457321167,1.0
2/aacaa/aedc1.cbadd.edede.bceb1.1bba1,0.4870673716068268,-1.0
1/aaaaa/aedcc.cbadd.edede.bceb1.cbba1,-0.2049623727798462,1.0
2/baaaa/aedcc.cbadd.edede.bceba.cbba1,0.17144256830215454,-1.0
1/aaaaa/aedcc.cbadd.edede.bceba.cbbaa,-0.3309444189071655,1.0
2/-c-b-ddd/5.5.1a3.5.5,-0.9994940757751465,1.0
1/-c-b-ddc/5.5.1ae2.5.5,0.9988692998886108,-1.0
2/-c-b-cdc/5.5.1aec1.5.5,-0.9982631206512451,1.0
1/-c-b-ccc/5.5.1aec1.2d2.5,0.9920658469200134,-1.0
2/-cb-ccc/5.5.baec1.2db1.5,-0.938723087310791,1.0
1/-db-ccc/5.5.baec1.2db1.3a1,0.8437939286231995,-1.0
2/-cb-ccc/5.5.baec1.2dba.3a1,-0.21058130264282227,1.0
1/-cb-dcc/5.5.baec1.1cdba.3a1,-0.08442143350839615,-1.0
2/-cb-dcd/5.5.baece.1cdba.3a1,0.08448561280965805,1.0
1/-cb-dcc/5.5.baece.1cdba.2ea1,-0.16295436024665833,-1.0
2/-cb-ddc/5.3d1.baece.1cdba.2ea1,0.3641822934150696,1.0
1/-cb-dcc/5.2dd1.baece.1cdba.2ea1,-0.3632480800151825,-1.0
2/-cbacc/5.2dd1.baece.ccdba.1ceac,0.6983100175857544,1.0
1/-cbaac/5.1ddd1.baece.ccdba.dceac,-0.6861752271652222,-1.0
2/-bbaac/5.1ddda.baece.ccdba.dceac,0.6367482542991638,1.0
1/-b-baac/1b3.bddda.baece.ccdba.dceac,-0.3006647229194641,-1.0
2/-baaac/1bb2.bddda.baece.ccdba.dceac,-0.0428893156349659,1.0
1/-baaab/1bbe1.bddda.baece.ccdba.dceac,-0.3029009699821472,-1.0
2/aaaab/1bbea.bddda.baece.ccdba.dceac,0.28468945622444153,1.0
1/aaaaa/ebbea.bddda.baece.ccdba.dceac,-0.1734369993209839,-1.0
1/d-dda-c/2b2.1bec1.acda1.1e3.1e3,-0.8321566581726074,1.0
2/d-ddc-c/2bd1.dbec1.acda1.1e3.1e3,0.7813541889190674,-1.0
1/d-dac-c/1cbd1.dbec1.acda1.cec2.1e3,-0.7015790939331055,1.0
2/d-daca/1cbd1.dbec1.acda1.cece1.1ee2,0.45667263865470886,-1.0
1/a-daca/1cbd1.dbec1.acdaa.cece1.aeea1,-0.3278350532054901,1.0
2/aaaca/bcbd1.dbecb.acdaa.ceceb.aeea1,0.32719817757606506,-1.0
1/aaaaa/bcbdd.dbecb.acdaa.ceceb.aeead,-0.2049987018108368,1.0
1/-dcd-d-b/5.5.3b1.5.5,0.9979372620582581,-1.0
2/-ccd-d-b/5.5.2ab1.5.5,-0.9698706865310669,1.0
1/-cbd-d-b/5.5.2ab1.2b2.5,0.9904411435127258,-1.0
2/-ccd-d-b/5.5.2abb.2b2.5,-0.9642508029937744,1.0
1/-ccd-e-b/5.5.2abb.1db2.5,0.6460418105125427,-1.0
2/-ccd-c-b/5.3d1.1dabb.1db2.5,-0.8953768014907837,1.0
1/-dcd-c-b/5.3d1.1dabb.1dba1.5,0.9088809490203857,-1.0
2/-dce-c-b/5.2cd1.1dabb.1dba1.5,-0.7704326510429382,1.0
1/-dcc-c-b/5.1ccdc.1dabb.1dba1.5,0.7289737462997437,-1.0
2/-dcc-cb/3e1.eccdc.1dabb.1dba1.5,-0.5372204184532166,1.0
1/-dbc-cb/3e1.eccdc.1dabb.1dba1.1b3,0.4878751337528229,-1.0
2/abc-cb/2aea.eccdc.1dabb.1dba1.1ba2,0.7380785942077637,1.0
1/aac-cb/2aea.eccdc.1dabb.1dbab.1ba2,-0.5837950706481934,-1.0
2/aac-cc/1eaea.eccdc.1dabb.1dbab.1ba2,0.6223670244216919,1.0
1/aac-ca/eeaea.eccdc.edabb.1dbab.1ba2,-0.36610808968544006,-1.0
2/aacaa/eeaea.eccdc.edabb.ddbab.1bad1,0.4113444685935974,1.0
1/aaaaa/eeaea.eccdc.edabb.ddbab.cbadc,-0.28939908742904663,-1.0
1/-dcbb-b/5.5.5.2b2.5,-0.9996322989463806,1.0
2/-ccbb-b/5.5.2a2.2b2.5,0.9993072748184204,-1.0
1/-ccba-b/5.2d2.2a2.2b2.5,-0.9914752244949341,1.0
2/-bcba-b/5.2da1.2a2.2b2.5,0.9509495496749878,-1.0
1/-bbba-b/5.2da1.2ab1.2b2.5,-0.8485754132270813,1.0
2/-bbbab/5.2da1.2ab1.1ebe1.5,0.8070610165596008,-1.0
1/-bb-bab/2c2.2da1.2ab1.1ebe1.3c1,-0.6675875782966614,1.0
2/-bb-bcb/2c2.2da1.1dab1.debe1.3c1,0.808906614780426,-1.0
1/-cb-bcb/2ca1.2da1.1dab1.debe1.3c1,-0.8578999638557434,1.0
2/-cc-bcb/2ca1.1bda1.1dab1.debe1.3c1,0.7835949659347534,-1.0
1/-ca-bcb/1bca1.1bda1.bdab1.debe1.3c1,-0.5420817136764526,1.0
2/-ca-bcc/1bca1.ebda1.bdab1.debe1.3c1,0.37327998876571655,-1.0
1/-ca-bca/1bca1.ebda1.bdabe.debe1.2ec1,-0.22218094766139984,1.0
2/-cabca/1bca1.ebdac.bdabe.debe1.1cec1,0.2440444529056549,-1.0
1/-cabaa/dbca1.ebdac.bdabe.debe1.dcec1,0.13826248049736023,1.0
2/aabaa/dbcaa.ebdac.bdabe.debea.dcec1,0.07697588205337524,-1.0
1/aaaaa/dbcaa.ebdac.bdabe.debea.dcecc,-0.36650291085243225,1.0
2/-edb-cb/5.5.ccedb.eebcd.edca1,-0.8212604522705078,1.0
1/-ebb-cb/5.1bb2.ccedb.eebcd.edca1,0.8367609977722168,-1.0
2/-ebbab/1d3.1bb2.ccedb.eebcd.edcad,-0.5941721200942993,1.0
1/-ebaab/1d3.1bbc1.ccedb.eebcd.edcad,0.5022595524787903,-1.0
2/-cbaab/1da2.1bbca.ccedb.eebcd.edcad,-0.23108433187007904,1.0
1/-caaab/1dab1.1bbca.ccedb.eebcd.edcad,0.2812444269657135,-1.0
2/aaaab/1daba.abbca.ccedb.eebcd.edcad,0.025233309715986252,1.0
1/aaaaa/edaba.abbca.ccedb.eebcd.edcad,-0.30077582597732544,-1.0
2/d-dbc-b/5.5.2d2.5.5,0.9980438351631165,-1.0
1/d-dbb-b/5.5.1dd2.5.5,-0.9961433410644531,1.0
2/d-dbbb/5.3e1.1dde1.5.5,0.9844703674316406,-1.0
1/b-dbbb/5.2ae1.1ddea.5.5,-0.9483228921890259,1.0
2/c-dbbb/5.1aae1.1ddea.5.5,0.9464026093482971,-1.0
1/c-ebbb/5.1aaeb.1ddea.5.5,-0.6451380848884583,1.0
2/c-ebbc/4e.1aaeb.1ddea.5.5,0.45450738072395325,-1.0
1/c-e-bbc/4e.caaeb.1ddea.2c2.5,-0.5428891181945801,1.0
2/c-d-bbc/3be.caaeb.1ddea.2c2.5,0.1737445592880249,-1.0
1/c-d-b-bc/2dbe.caaeb.1ddea.1dc2.5,-0.171659454703331,1.0
2/c-b-b-bc/2dbe.caaeb.1ddea.1dcb1.2b2,0.2426261454820633,-1.0
1/c-b-b-ba/2dbe.caaeb.eddea.1dcb1.1eb2,0.449359267950058,1.0
2/ca-b-ba/2dbe.caaeb.eddea.1dcb1.1ebb1,-0.47065266966819763,-1.0
1/ba-b-ba/2dbe.caaeb.eddea.adcb1.1ebb1,0.4557429850101471,1.0
2/ba-baa/2dbe.caaeb.eddea.adcb1.debb1,-0.3012998700141907,-1.0
1/ba-caa/1cdbe.caaeb.eddea.adcb1.debb1,0.12078137695789337,1.0
2/baaaa/ccdbe.caaeb.eddea.adcbc.debb1,0.07789411395788193,-1.0
1/aaaaa/ccdbe.caaeb.eddea.adcbc.debba,-0.03219546005129814,1.0
1/c-bda-c/1bed1.deda1.baddc.eabb1.3c1,-0.7973805665969849,1.0
2/cada-c/1bed1.deda1.baddc.eabb1.2bc1,0.8089378476142883,-1.0
1/aada-c/1bed1.deda1.baddc.eabba.1abc1,-0.8532838225364685,1.0
2/aadaa/1bed1.dedae.baddc.eabba.1abce,0.7429868578910828,-1.0
1/aaaaa/cbedc.dedae.baddc.eabba.cabce,-0.5983268618583679,1.0
2/-cbb-b-b/5.5.5.a4.5,-0.9992250800132751,1.0
1/-cab-b-b/5.5.1b3.a4.5,0.997325599193573,-1.0
2/-cab-ba/5.5.eb3.a4.5,-0.9910760521888733,1.0
1/-ca-b-ba/2c2.2c2.eb3.a4.5,0.9732257127761841,-1.0
2/-caa-ba/2c2.2c2.ebc2.a4.5,-0.9516158103942871,1.0
1/-caa-ca/2c2.2c2.ebcd1.a4.5,0.961630642414093,-1.0
2/-cab-ca/2c2.2c2.ebcd1.ac3.5,-0.966609537601471,1.0
1/-dab-ca/2c2.1ac2.ebcd1.ac3.5,0.9581031203269958,-1.0
2/aab-ca/1ac2.aac2.ebcd1.ac3.1a3,-0.8420129418373108,1.0
1/aab-c-c/eac2.aac2.ebcd1.ace2.1a3,0.7668571472167969,-1.0
2/aab-ca/eac2.aac2.ebcde.acee1.1a3,-0.7186857461929321,1.0
1/aab-da/eac2.aac2.ebcde.acee1.1ad2,0.743954598903656,-1.0
2/acb-da/eac2.aacb1.ebcde.aceeb.1ad2,-0.5875312685966492,1.0
1/aab-da/eac2.aacb1.ebcde.aceeb.badb1,0.10285545140504837,-1.0
2/aabaa/eacd1.aacbd.ebcde.aceeb.badbd,-0.048538949340581894,1.0
1/aaaaa/eacdc.aacbd.ebcde.aceeb.badbd,-0.1204330176115036,-1.0
2/c-d-bdb/5.5.5.5.3a1,0.9997492432594299,-1.0
1/c-e-bdb/5.5.5.3b1.3a1,-0.9380800127983093,1.0
2/c-eadb/5.5.3c1.3b1.3a1,0.9213460087776184,-1.0
1/c-e-bdb/5.5.3c1.2cb1.3a1,-0.8421413898468018,1.0
2/c-e-bdc/5.5.2ec1.2cb1.3a1,0.8502720594406128,-1.0
1/b-e-bdc/5.5.2ec1.1acb1.3a1,-0.7968548536300659,1.0
2/b-e-bec/5.5.2ec1.1acb1.2da1,0.7634393572807312,-1.0
1/b-e-bdc/5.5.2ec1.1acb1.1dda1,-0.3864738345146179,1.0
2/b-eadc/5.5.1cec1.1acb1.1dda1,0.2688825726509094,-1.0
1/b-e-bdc/5.1c3.1cec1.1acb1.1dda1,-0.09476357698440552,1.0
2/b-eadc/1c3.1c3.1cec1.1acb1.1dda1,0.413155198097229,-1.0
1/b-eacc/1c3.1c3.1cecd.1acb1.1dda1,-0.4642215669155121,1.0
2/b-dacc/1c3.1c3.1cecd.1acbb.1dda1,0.5021246075630188,-1.0
1/b-daca/1c3.1ce2.1cecd.1acbb.edda1,-0.43565595149993896,1.0
2/c-daca/1ca2.1ce2.1cecd.1acbb.edda1,0.40920940041542053,-1.0
1/c-dac-b/1ca2.1ce2.1cecd.eacbb.edda1,-0.4823334217071533,1.0
2/caac-b/1ca2.1ceb1.bcecd.eacbb.eddab,0.4572683274745941,-1.0
1/caaa-b/1cad1.dceb1.bcecd.eacbb.eddab,-0.4700683653354645,1.0
2/caaaa/1cad1.dcebe.bcecd.eacbb.eddab,0.4379391372203827,-1.0
1/aaaaa/acada.dcebe.bcecd.eacbb.eddab,-0.3174874186515808,1.0
1/-ca-bbe/5.1b3.1aaae.5.5,-0.9593343138694763,1.0
2/-caabe/5.cb3.1aaae.5.5,0.9014673233032227,-1.0
1/-caabd/5.cb3.1aaae.1e3.5,-0.978954017162323,1.0
2/-baabd/5.cba2.1aaae.1e3.5,0.9561668038368225,-1.0
1/-baa-bd/2d2.cba2.1aaae.1ed2.5,-0.9660053253173828,1.0
2/-bca-bd/1bd2.cba2.baaae.1ed2.5,0.9384501576423645,-1.0
1/-baa-bd/bbd2.cba2.baaae.bed2.5,-0.8104153275489807,1.0
2/aaa-bd/bbd2.cbaa1.baaae.bed2.5,0.8340100646018982,-1.0
1/aa-c-bd/bbdc1.cbaa1.baaae.bed2.1c3,-0.6315403580665588,1.0
2/aa-cbd/bbdc1.cbaad.baaae.bedd1.1c3,0.5955883264541626,-1.0
1/aa-cba/bbdc1.cbaad.baaae.bedde.ece2,-0.3548562228679657,1.0
2/aaaba/bbdcc.cbaad.baaae.bedde.ecec1,0.4331839978694916,-1.0
1/aaaaa/bbdcc.cbaad.baaae.bedde.ececd,-0.31038060784339905,1.0
1/-cab-de/5.2ba1.1dade.2acc.5,-0.8466625213623047,1.0
2/-bab-de/5.2baa.1dade.2acc.5,0.4076065123081207,-1.0
1/-baa-de/5.2baa.1dade.1cacc.5,-0.4069784879684448,1.0
2/aaa-de/5.2baa.1dade.1cacc.2a2,0.46120962500572205,-1.0
1/aaa-dc/5.2baa.1dade.1cacc.1eae1,-0.036999452859163284,1.0
2/aca-dc/5.1bbaa.bdade.1cacc.1eae1,0.1279889941215515,-1.0
1/ac-b-dc/5.1bbaa.bdade.ccacc.1eae1,-0.3512207269668579,1.0
2/ac-b-bc/5.dbbaa.bdade.ccacc.1eaed,0.48437702655792236,-1.0
1/aa-b-bc/2b2.dbbaa.bdade.ccacc.beaed,-0.1748458296060562,1.0
2/aaa-bc/2bc1.dbbaa.bdade.ccacc.beaed,0.14774438738822937,-1.0
1/aaa-bb/2bce.dbbaa.bdade.ccacc.beaed,-0.1826614886522293,1.0
2/aaaab/1dbce.dbbaa.bdade.ccacc.beaed,0.09598525613546371,-1.0
1/aaaaa/edbce.dbbaa.bdade.ccacc.beaed,-0.3914836049079895,1.0
2/bdd-dc/5.5.2e2.5.5,0.9985102415084839,-1.0
1/bdc-dc/5.2c2.2e2.5.5,-0.9949621558189392,1.0
2/bdc-cc/5.2c2.2e2.1d3.5,0.9818349480628967,-1.0
1/bdc-ca/5.2c2.2e2.1de2.1e3,-0.9021916389465332,1.0
2/bdc-cb/5.2c2.1ee2.1de2.1e3,0.9006180763244629,-1.0
1/bdc-db/5.1dc2.1ee2.1de2.1e3,-0.7708442211151123,1.0
2/cdc-db/5.1dc2.aee2.1de2.1e3,0.8356218338012695,-1.0
1/cdc-da/5.1dc2.aee2.1de2.1ee2,-0.7331269383430481,1.0
2/cdd-da/5.1dcc1.aee2.1de2.1ee2,0.7715400457382202,-1.0
1/cda-da/3cc.1dcc1.aeec1.1de2.1ee2,-0.6064757108688354,1.0
2/cea-da/3cc.1dcc1.aeec1.bde2.1ee2,0.7008060216903687,-1.0
1/-bea-da/2acc.adcc1.aeec1.bdea1.1ee2,-0.7556390166282654,1.0
2/-bea-ba/2acc.adccd.aeec1.bdea1.1eed1,0.644293487071991,-1.0
1/-bda-ba/2acc.adccd.aeecb.bdea1.1eed1,-0.8255203366279602,1.0
2/-bdaaa/2acc.adccd.aeecb.bdead.1eed1,0.5579783916473389,-1.0
1/-bcaaa/1bacc.adccd.aeecb.bdead.1eed1,-0.535557210445404,1.0
2/acaaa/1bacc.adccd.aeecb.bdead.aeed1,0.530911386013031,-1.0
1/aaaaa/bbacc.adccd.aeecb.bdead.aeedb,-0.39514583349227905,1.0
2/a-bd-b-b/5.3a1.5.5.5,-0.9991474747657776,1.0
1/a-bd-c-b/5.3a1.5.2d2.5,0.9961329102516174,-1.0
2/aad-c-b/5.3a1.5.2d2.2b2,-0.9459865689277649,1.0
1/aab-c-b/5.3a1.2cc1.2d2.2b2,0.9651057124137878,-1.0
2/aab-b-b/5.3a1.1dcc1.2d2.2b2,-0.9112135767936707,1.0
1/aaa-b-b/3c1.3a1.1dcc1.2d2.2b2,0.9123694896697998,-1.0
2/caa-b-b/3c1.3a1.1dcc1.1ada1.2b2,-0.7090820074081421,1.0
1/caa-c-b/3cd.3a1.1dcc1.1ada1.2b2,0.5671898722648621,-1.0
2/cab-c-b/3cd.2ca1.1dcc1.1ada1.2b2,-0.5028815865516663,1.0
1/cab-c-d/3cd.1eca1.1dcc1.1ada1.1eb2,0.7623996734619141,-1.0
2/caba-d/2dcd.1eca1.ddcc1.1ada1.1eb2,-0.7731099128723145,1.0
1/caaa-d/2dcd.1ecac.ddcc1.1ada1.1eb2,0.6472876071929932,-1.0
2/ccaa-d/2dcd.becac.ddcc1.1ada1.1ebb1,-0.31556615233421326,1.0
1/caaa-d/2dcd.becac.ddccb.bada1.1ebb1,-0.1665821373462677,-1.0
2/caaaa/1edcd.becac.ddccb.badae.eebb1,0.4159056544303894,1.0
1/aaaaa/aedcd.becac.ddccb.badae.eebba,-0.2933005392551422,-1.0
1/bd-c-b-b/1c3.cc3.5.5.5,-0.9579195380210876,1.0
2/bd-cc-b/1c3.cc3.1dd2.2d2.5,0.9062808156013489,-1.0
1/ba-cc-b/1c3.ccb2.1ddb1.2db1.5,-0.5469485521316528,1.0
2/ba-ccc/1ce2.ccb2.eddb1.1edb1.5,0.8630619645118713,-1.0
1/ba-cbc/1ce2.ccb2.eddb1.dedb1.5,-0.8853362798690796,1.0
2/ba-bbc/1ce2.ccb2.eddb1.dedbc.5,0.7164658904075623,-1.0
1/ba-bba/ece2.ccb2.eddbe.dedbc.5,-0.7020679712295532,1.0
2/ca-bba/ece2.ccba1.eddbe.dedbc.5,0.3258470594882965,-1.0
1/c-b-bba/ece2.ccbab.eddbe.dedbc.5,-0.4654354155063629,1.0
2/d-b-bba/ece2.ccbab.eddbe.dedbc.2a2,0.44795292615890503,-1.0
1/c-b-bba/ece2.ccbab.eddbe.dedbc.2aa1,-0.5547741055488586,1.0
2/ca-bba/ece2.ccbab.eddbe.dedbc.1baa1,0.6271824836730957,-1.0
1/ca-baa/ece2.ccbab.eddbe.dedbc.dbaa1,-0.44887879490852356,1.0
2/caaaa/ecec1.ccbab.eddbe.dedbc.dbaa1,0.3643358647823334,-1.0
1/aaaaa/ececa.ccbab.eddbe.dedbc.dbaaa,-0.241551473736763,1.0
1/c-bb-b-d/5.5.4a.5.5,0.9996637105941772,-1.0
2/c-bba-d/5.5.3da.5.5,-0.9862600564956665,1.0
1/c-cba-d/5.5.2bda.5.5,0.9771178960800171,-1.0
2/c-cba-c/5.3e1.2bda.5.5,-0.7074936628341675,1.0
1/c-dba-c/5.3eb.2bda.5.5,-0.24603219330310822,-1.0
2/c-dbb-c/4d.3eb.2bda.5.5,-0.6817991733551025,1.0
1/c-dba-c/4d.3eb.1dbda.5.5,0.6033735871315002,-1.0
2/c-bba-c/4d.2beb.1dbda.3b1.5,-0.1290680319070816,1.0
1/c-bb-b-c/4d.2beb.1dbda.2db1.5,0.47503194212913513,-1.0
2/c-bd-b-c/4d.1cbeb.1dbda.1cdb1.5,0.2610883116722107,1.0
1/b-bd-b-c/4d.acbeb.1dbda.1cdb1.5,-0.34079498052597046,-1.0
2/b-bd-bb/3ed.acbeb.edbda.1cdbe.5,0.571449875831604,1.0
1/b-bb-bb/2ced.acbeb.edbda.1cdbe.2c2,-0.7475013732910156,-1.0
2/b-bbab/2ced.acbeb.edbda.dcdbe.2c2,0.44787636399269104,1.0
1/b-baab/2ced.acbeb.edbda.dcdbe.1cc2,-0.608799397945404,-1.0
2/c-baab/2ced.acbeb.edbda.dcdbe.1cca1,0.562699019908905,1.0
1/c-baaa/1eced.acbeb.edbda.dcdbe.1cca1,-0.6297687292098999,-1.0
2/caaaa/1eced.acbeb.edbda.dcdbe.1ccab,0.5143145322799683,1.0
1/aaaaa/aeced.acbeb.edbda.dcdbe.accab,-0.3700122535228729,-1.0
1/-d-d-cdb/5.5.3c1.5.5,0.9987857937812805,-1.0
2/-c-d-cdb/5.2a2.3c1.5.5,-0.9961197376251221,1.0
1/-c-d-ccb/5.2a2.2dc1.5.5,0.9878624677658081,-1.0
2/-c-b-ccb/5.2ab1.1bdc1.5.5,-0.8780160546302795,1.0
1/-d-b-ccb/3a1.2ab1.1bdc1.5.5,0.8401755690574646,-1.0
2/-d-b-cdb/3a1.2ab1.1bdc1.3d1.5,-0.9205543994903564,1.0
1/-d-b-ddb/3a1.2ab1.1bdc1.2cd1.5,0.9009748101234436,-1.0
2/-db-ddb/3a1.1babb.1bdc1.2cd1.5,-0.7491858601570129,1.0
1/-db-dda/3a1.1babb.1bdc1.1ecd1.5,0.7944554686546326,-1.0
2/-db-ddc/3a1.1babb.1bdce.1ecd1.2e2,-0.5879302024841309,1.0
1/-da-ddc/3a1.1babb.1bdce.becd1.2e2,0.411165714263916,-1.0
2/-daadc/2ca1.1babb.cbdce.becd1.1ce2,0.27924644947052,1.0
1/-daada/2ca1.1babb.cbdce.becde.1cee1,-0.2892632782459259,-1.0
2/aaada/1acaa.ababb.cbdce.becde.1cee1,0.4817712604999542,1.0
1/aaaaa/dacaa.ababb.cbdce.becde.dceed,-0.3768749237060547,-1.0
2/b-bd-dc/5.5.5.2e2.5,0.9987601637840271,-1.0
1/b-cd-dc/5.5.4b.2e2.5,-0.9949784874916077,1.0
2/b-cd-cc/5.3d1.4b.2e2.5,0.9849160313606262,-1.0
1/b-cd-cb/5.3d1.3eb.2e2.5,-0.9037811756134033,1.0
2/b-ce-cb/5.3d1.2ceb.2e2.5,0.9063087701797485,-1.0
1/b-cd-cb/5.2cd1.2ceb.2e2.5,-0.8601213693618774,1.0
2/c-cd-cb/5.1acd1.2ceb.2e2.5,0.7148109078407288,-1.0
1/c-cc-cb/5.1acdc.2ceb.2e2.5,-0.6141939163208008,1.0
2/c-cc-bb/5.1acdc.1dceb.2e2.5,0.760307788848877,-1.0
1/c-cc-cb/5.1acdc.ddceb.2e2.5,-0.7525379061698914,1.0
2/c-cc-cc/3e1.1acdc.ddceb.2e2.5,0.6106884479522705,-1.0
1/c-dc-cc/3e1.1acdc.ddceb.1be2.5,-0.29445338249206543,1.0
2/d-dc-cc/3e1.1acdc.ddceb.abe2.5,0.6268833875656128,-1.0
1/d-dc-cb/3e1.eacdc.ddceb.abe2.5,-0.6428475975990295,1.0
2/d-bc-cb/3e1.eacdc.ddceb.abeb1.1b3,0.7515098452568054,-1.0
1/a-bc-cb/2ae1.eacdc.ddceb.abeb1.aba2,-0.677622377872467,1.0
2/aac-cb/2ae1.eacdc.ddceb.abeb1.abab1,0.3072831630706787,-1.0
1/aaa-cb/1caec.eacdc.ddceb.abeb1.abab1,-0.12900765240192413,1.0
2/aaaab/dcaec.eacdc.ddceb.abebd.abab1,0.12592479586601257,-1.0
1/aaaaa/dcaec.eacdc.ddceb.abebd.ababe,-0.07316944748163223,1.0
2/bbb-b-c/5.e4.5.5.5,0.9995700716972351,-1.0
1/bab-b-c/5.eb3.5.5.5,-0.9865122437477112,1.0
2/bad-b-c/5.eb3.cc3.5.5,0.9778270721435547,-1.0
1/bad-d-c/5.ebd2.ccd2.5.5,-0.636902928352356,1.0
2/bcd-d-c/b4.ebd2.ccdb1.5.5,-0.6499646306037903,-1.0
1/bcd-d-d/b4.ebd2.ccdb1.1e3.5,0.5640608668327332,1.0
2/bcd-b-d/bd3.ebd2.ccdb1.1e3.1d3,0.5263869166374207,-1.0
1/-bcd-b-d/bd3.ebda1.ccdb1.1ea2.1d3,-0.5903589129447937,1.0
2/-bcd-b-b/bde2.ebda1.ccdb1.eea2.1d3,0.5652267336845398,-1.0
1/-bcb-b-b/bde2.ebda1.ccdb1.eea2.cdc2,-0.34565049409866333,1.0
2/bcb-b-b/bdea1.ebda1.ccdb1.eeaa1.cdc2,0.037887632846832275,-1.0
1/acb-b-b/bdea1.ebda1.ccdb1.eeaa1.cdca1,-0.4064445495605469,1.0
2/acb-ba/bdea1.ebda1.ccdbe.eeaa1.cdca1,0.47691285610198975,-1.0
1/aca-ba/bdea1.ebdac.ccdbe.eeaa1.cdca1,-0.4466526210308075,1.0
2/acaaa/bdea1.ebdac.ccdbe.eeaad.cdca1,0.377846360206604,-1.0
1/aaaaa/bdeab.ebdac.ccdbe.eeaad.cdcab,-0.4208610951900482,1.0
1/-cdc-b-b/5.1adb1.2dd1.2db1.2c2,-0.8560066819190979,1.0
2/-cdc-ba/5.1adb1.1edd1.2db1.2c2,0.7880213260650635,-1.0
1/-cdc-b-c/5.1adb1.1edd1.1edb1.2ce1,-0.5908793210983276,1.0
2/-cdca-c/5.1adb1.1edd1.1edb1.2ced,0.5713949203491211,-1.0
1/-ddca-c/5.1adb1.1edd1.1edba.2ced,-0.3303894102573395,1.0
2/-ddda-c/5.1adb1.1eddc.1edba.2ced,0.35991087555885315,-1.0
1/-dbda-c/2b2.1adbb.1eddc.1edba.2ced,-0.050316374748945236,1.0
2/-cbda-c/2ba1.1adbb.1eddc.1edba.2ced,-0.08086100965738297,-1.0
1/-cbca-c/1cba1.1adbb.1eddc.1edba.2ced,-0.007755669765174389,1.0
2/-cbcaa/1cba1.eadbb.1eddc.1edba.1eced,0.18572989106178284,-1.0
1/-cbaaa/ccba1.eadbb.ceddc.1edba.1eced,-0.12282393127679825,1.0
2/abaaa/ccbaa.eadbb.ceddc.aedba.1eced,0.17740491032600403,-1.0
1/aaaaa/ccbaa.eadbb.ceddc.aedba.beced,-0.1963648796081543,1.0
1/b-db-bc/5.5.2e2.5.5,-0.9995563626289368,1.0
2/b-bb-bc/5.2b2.2eb1.5.5,0.9914935231208801,-1.0
1/a-bb-bc/5.2b2.2eb1.2a2.5,-0.9894539713859558,1.0
2/a-bb-bd/5.2be1.2eb1.2a2.5,0.9695491194725037,-1.0
1/a-ba-bd/5.2be1.2eb1.2ac1.5,-0.90093994140625,1.0
2/a-baad/5.2be1.2eb1.1dac1.5,0.9328793287277222,-1.0
1/-b-baad/5.2be1.1aeb1.1dac1.5,-0.9444920420646667,1.0
2/-baaad/5.1bbe1.1aeb1.1dac1.5,0.9185492992401123,-1.0
1/-baaac/5.ebbe1.1aeb1.1dac1.5,-0.8725799918174744,1.0
2/baaac/5.ebbe1.1aeb1.1dac1.1aa2,0.8886751532554626,-1.0
1/baa-cc/5.ebbe1.1aeb1.1dacd.1aad1,-0.656910240650177,1.0
2/bab-cc/5.ebbe1.caeb1.1dacd.1aad1,0.5306198000907898,-1.0
1/b-bb-cc/5.ebbe1.caeb1.1dacd.1aadb,-0.5585594773292542,1.0
2/b-bc-cc/5.ebbe1.caebc.1dacd.1aadb,0.3032500445842743,-1.0
1/a-bc-cc/5.ebbe1.caebc.adacd.1aadb,-0.5919719934463501,1.0
2/aac-cc/2b2.ebbe1.caebc.adacd.1aadb,0.5563671588897705,-1.0
1/aaa-cc/2bc1.ebbec.caebc.adacd.1aadb,-0.46092328429222107,1.0
2/aaaac/1dbc1.ebbec.caebc.adacd.daadb,0.4922957122325897,-1.0
1/aaaaa/edbce.ebbec.caebc.adacd.daadb,-0.3481813073158264,1.0
2/-de-ba-b/5.1a3.1ba2.1d3.5,-0.8330996036529541,1.0
1/-dd-ba-b/5.1a3.1bab1.1d3.5,0.914039671421051,-1.0
2/-dd-bab/5.1a3.1bab1.ede2.5,-0.7533389329910278,1.0
1/-dd-cab/5.1a3.1bab1.edec1.5,0.7535933256149292,-1.0
2/-cd-cab/5.1aa2.1bab1.edec1.5,-0.5651511549949646,1.0
1/-cd-dab/5.1aac1.1bab1.edec1.5,0.48746973276138306,-1.0
2/-cd-dcb/1d3.1aac1.1bab1.edecd.5,0.1650952249765396,1.0
1/-cd-dca/1d3.1aac1.1babe.edecd.5,-0.26846688985824585,-1.0
2/-cd-cca/1d3.1aac1.1babe.edecd.1c3,0.3446357548236847,1.0
1/-cb-cca/1d3.1aac1.bbabe.edecd.bc3,-0.017380917444825172,-1.0
2/-cbaca/1d3.1aacc.bbabe.edecd.bcc2,0.42672958970069885,1.0
1/-caaca/1d3.baacc.bbabe.edecd.bcc2,-0.2975824475288391,-1.0
2/-caacb/1de2.baacc.bbabe.edecd.bcc2,0.4659546911716461,1.0
1/-caaca/ede2.baacc.bbabe.edecd.bcc2,-0.3673330545425415,-1.0
2/aaaca/edea1.baacc.bbabe.edecd.bcca1,0.4093780815601349,1.0
1/aaaaa/edead.baacc.bbabe.edecd.bccad,-0.2750808000564575,-1.0
1/d-c-ce-e/5.2a2.2eb1.1dac1.5,-0.9354487061500549,1.0
2/d-c-ce-c/5.2ae1.2eb1.1dac1.1e3,0.8219365477561951,-1.0
1/d-d-ce-c/5.2ae1.1beb1.1dac1.1e3,-0.6100759506225586,1.0
2/d-c-ce-c/5.2ae1.bbeb1.1dac1.1e3,0.4976003170013428,-1.0
1/d-c-cc-c/3d1.2ae1.bbeb1.1dac1.1ed2,0.4617951214313507,1.0
2/d-b-cc-c/3d1.2aeb.bbeb1.1dac1.1ed2,-0.4420924484729767,-1.0
1/d-b-dc-c/3d1.1caeb.bbeb1.1dac1.1ed2,0.7514846324920654,1.0
2/d-bac-c/3d1.ccaeb.bbebc.1dac1.1edc1,-0.4739593267440796,-1.0
1/b-bac-c/3d1.ccaeb.bbebc.adaca.1edc1,-0.41826629638671875,1.0
2/b-baca/2ed1.ccaeb.bbebc.adaca.eedc1,0.5005027055740356,-1.0
1/b-baaa/1dedd.ccaeb.bbebc.adaca.eedc1,-0.23502109944820404,1.0
2/baaaa/bdedd.ccaeb.bbebc.adaca.eedc1,0.21031029522418976,-1.0
1/aaaaa/bdedd.ccaeb.bbebc.adaca.eedca,-0.1583491414785385,1.0
1/cdb-b-d/5.5.3a1.5.5,-0.9991437792778015,1.0
2/cdb-b-c/5.e4.3a1.5.5,0.9963438510894775,-1.0
1/bdb-b-c/5.ea3.3a1.5.5,-0.9849109053611755,1.0
2/bdd-b-c/5.eac2.2ca1.5.5,0.938809871673584,-1.0
1/add-b-c/5.eaca1.2ca1.5.5,-0.8893681168556213,1.0
2/addc-c/3d1.eaca1.2cad.2d2.5,0.9671447277069092,-1.0
1/-bddc-c/3d1.eaca1.1acad.2d2.5,-0.9847978949546814,1.0
2/-bedc-c/2bd1.eaca1.1acad.2d2.5,0.9768069386482239,-1.0
1/-beac-c/1cbd1.eacac.1acad.2dc1.5,-0.9560152292251587,1.0
2/aeac-c/1cbda.eacac.1acad.2dc1.5,0.9093089699745178,-1.0
1/aeac-d/1cbda.eacac.1acad.1edc1.5,-0.6448694467544556,1.0
2/aeac-b/1cbda.eacac.1acad.1edc1.1ee2,0.6726943254470825,-1.0
1/aaac-b/bcbda.eacac.bacad.1edcb.1eeb1,-0.648916482925415,1.0
2/aaaca/bcbda.eacac.bacad.eedcb.1eeb1,0.4122747480869293,-1.0
1/aaaaa/bcbda.eacac.bacad.eedcb.deebd,-0.2767051160335541,1.0
1/db-bb-c/5.5.2e2.5.5,-0.999625027179718,1.0
2/db-bc-c/5.2d2.2e2.5.5,0.9992954134941101,-1.0
1/da-bc-c/5.2d2.2e2.2b2.5,-0.9986361861228943,1.0
2/ea-bc-c/5.2da1.2e2.2b2.5,0.9967028498649597,-1.0
1/e-b-bc-c/5.2da1.2e2.1bb2.5,-0.9942395091056824,1.0
2/e-b-bd-c/5.2da1.1de2.1bb2.5,0.9877958297729492,-1.0
1/b-b-bd-c/3a1.1ada1.1dea1.1bb2.5,-0.8870038390159607,1.0
2/b-bad-c/3a1.1ada1.1dea1.1bbc1.5,0.8220735192298889,-1.0
1/b-bad-d/2ea1.1ada1.1dea1.1bbc1.5,-0.5164029598236084,1.0
2/b-bad-c/2eae.1ada1.1dea1.1bbc1.5,0.5747261643409729,-1.0
1/a-bad-c/2eae.1ada1.1dea1.1bbc1.1a3,-0.6197372674942017,1.0
2/aaad-c/2eae.1adab.1dea1.1bbc1.1a3,0.5008231401443481,-1.0
1/aaab-c/2eae.1adab.ddea1.1bbc1.1ad2,0.30952247977256775,1.0
2/abab-c/2eae.1adab.ddea1.1bbc1.1adb1,-0.45086634159088135,-1.0
1/ab-cb-c/2eae.cadab.ddeac.1bbc1.1adb1,0.5354763865470886,1.0
2/ab-cba/1eeae.cadab.ddeac.ebbc1.1adb1,-0.6161184310913086,-1.0
1/ab-caa/1eeae.cadab.ddeac.ebbc1.dadb1,0.15300634503364563,1.0
2/abaaa/ceeae.cadab.ddeac.ebbcc.dadb1,0.13454045355319977,-1.0
1/aaaaa/ceeae.cadab.ddeac.ebbcc.dadbb,-0.10620145499706268,1.0
2/bd-cd-b/5.5.1c3.5.5,0.9990590810775757,-1.0
1/bd-cc-b/5.5.dc3.5.5,-0.9985330700874329,1.0
2/cd-cc-b/5.5.dca2.5.5,0.9976546168327332,-1.0
1/cd-dc-b/5.5.dcac1.5.5,-0.9918644428253174,1.0
2/cd-dca/5.1e3.dcac1.5.5,0.8806188106536865,-1.0
1/cc-dca/5.1eb2.dcac1.5.5,-0.9273353815078735,1.0
2/cd-dca/5.1eb2.dcac1.2b2.5,0.8718103170394897,-1.0
1/cd-d-ba/5.debd1.dcac1.1db2.5,-0.8236088156700134,1.0
2/cd-d-bc/5.debd1.dcace.1db2.1e3,0.8599092960357666,-1.0
1/bd-d-bc/5.debd1.dcace.1dba1.1e3,-0.9439277648925781,1.0
2/cd-d-bc/5.debd1.dcace.1dba1.1ea2,0.8027671575546265,-1.0
1/ca-d-bc/5.debdb.dcace.bdba1.1eab1,-0.2730400562286377,1.0
2/ca-dac/2d2.debdb.dcace.bdba1.1eab1,-0.012341761030256748,-1.0
1/aa-dac/1ad2.debdb.dcace.bdba1.aeab1,-0.10717451572418213,1.0
2/aaaac/cadc1.debdb.dcace.bdbac.aeab1,0.05729832872748375,-1.0
1/aaaaa/cadce.debdb.dcace.bdbac.aeabe,-0.05412484332919121,1.0
1/cc-e-bd/5.1be2.1ace1.5.5,-0.8014106154441833,1.0
2/cc-d-bd/1c3.1be2.1ace1.5.5,0.8973485231399536,-1.0
1/ac-d-bd/1ca2.1bea1.1ace1.5.5,-0.7228953838348389,1.0
2/ac-dcd/1cad1.dbea1.dace1.5.5,0.5898197293281555,-1.0
1/aa-dcd/bcad1.dbea1.dace1.b4.5,-0.809485912322998,1.0
2/aa-ccd/bcad1.dbea1.dace1.bc3.5,0.7420967817306519,-1.0
1/-ba-ccd/bcad1.dbea1.dace1.bca2.5,-0.8217064142227173,1.0
2/aa-ccd/bcad1.dbeaa.dace1.bca2.5,0.7521692514419556,-1.0
1/aa-cca/bcad1.dbeaa.dacee.bcae1.2e2,-0.5286351442337036,1.0
2/aaaca/bcad1.dbeaa.dacee.bcae1.1cec1,0.5433067679405212,-1.0
1/aaaaa/bcadd.dbeaa.dacee.bcaed.1cec1,-0.22836865484714508,1.0
2/abaaa/bcadd.dbeaa.dacee.bcaed.1cecb,0.25681570172309875,-1.0
1/aaaaa/bcadd.dbeaa.dacee.bcaed.bcecb,-0.4156264066696167,1.0
2/-db-cdb/5.5.5.c4.5,0.9997952580451965,-1.0
1/-eb-cdb/5.5.5.ca3.5,-0.9491978287696838,1.0
2/-ec-cdb/5.5.5.cab2.5,0.9325167536735535,-1.0
1/-ec-ccb/5.3d1.5.cab2.5,-0.9053874015808105,1.0
2/-dc-ccb/5.3d1.5.cab2.1a3,0.8968231081962585,-1.0
1/-dc-cca/5.3d1.2e2.cab2.1a3,-0.8119375109672546,1.0
2/-dc-ccb/5.2ed1.2e2.cab2.1a3,0.6977856755256653,-1.0
1/-dc-cca/5.2ed1.1ee2.cab2.1a3,0.03797535225749016,1.0
2/-dc-cda/5.1ded1.1ee2.cab2.1a3,-0.2821597754955292,-1.0
1/-dc-cd-b/1e3.1ded1.1ee2.cab2.1a3,0.1744430661201477,1.0
2/-dd-cd-b/1e3.1ded1.bee2.cab2.1a3,-0.051577065140008926,-1.0
1/-da-cd-b/1e3.bded1.beeb1.cab2.1ab2,0.23689915239810944,1.0
2/aa-cd-b/ae3.bdeda.beeb1.cab2.aab2,-0.270501047372818,-1.0
1/aa-dd-b/aec2.bdeda.beeb1.cab2.aab2,0.6170274615287781,1.0
2/aa-dda/aece1.bdeda.beeb1.cab2.aab2,-0.38003239035606384,-1.0
1/aa-dba/aece1.bdeda.beebd.cabd1.aab2,0.4429878294467926,1.0
2/aaaba/aecec.bdeda.beebd.cabdc.aabc1,0.07091979682445526,-1.0
1/aaaaa/aecec.bdeda.beebd.cabdc.aabcd,-0.34645161032676697,1.0
2/d-b-cb-b/5.2c2.5.5.5,-0.9995217323303223,1.0
1/d-c-cb-b/5.2c2.3b1.5.5,0.9991956353187561,-1.0
2/e-c-cb-b/5.2ca1.3b1.5.5,-0.9977705478668213,1.0
1/b-c-cb-b/4a.2caa.2ab1.5.5,0.93729567527771,-1.0
2/b-c-cbb/3ea.2caa.2ab1.3e1.5,-0.8900159597396851,1.0
1/b-c-dbb/3ea.2caa.2ab1.2ce1.5,0.5932506918907166,-1.0
2/b-c-dbc/2eea.2caa.2ab1.2ce1.5,-0.6329808235168457,1.0
1/b-d-dbc/2eea.2caa.2abb.2ce1.5,0.672380805015564,-1.0
2/b-d-cbc/2eea.2caa.2abb.1cce1.5,-0.42872095108032227,1.0
1/a-d-cbc/2eea.2caa.1aabb.1cce1.5,0.47110074758529663,-1.0
2/aa-cbc/2eea.1bcaa.1aabb.1cceb.2b2,-0.11810976266860962,1.0
1/aa-c-bc/2eea.dbcaa.1aabb.1cceb.1db2,-0.11781365424394608,-1.0
2/aaa-bc/1ceea.dbcaa.caabb.1cceb.1db2,0.11453264951705933,1.0
1/aaa-ba/eceea.dbcaa.caabb.ecceb.1db2,0.06701178103685379,-1.0
2/aaaba/eceea.dbcaa.caabb.ecceb.ddbd1,0.06363753974437714,1.0
1/aaaaa/eceea.dbcaa.caabb.ecceb.ddbdd,-0.27394622564315796,-1.0
2/d-b-c-bb/1c3.5.5.5.5,-0.999467670917511,1.0
1/c-b-c-bb/1c3.5.a4.5.5,0.9987630248069763,-1.0
2/ca-c-bb/1c3.1b3.a4.5.5,-0.9661669135093689,1.0
1/ca-d-bb/1c3.1b3.ac3.5.5,0.9645329117774963,-1.0
2/ca-dcb/1c3.1b3.acd2.1dd2.5,-0.7132155299186707,1.0
1/ca-dc-c/1c3.1be2.acde1.1dde1.5,0.5001637935638428,-1.0
2/cb-dc-c/1c3.1beb1.acde1.1dde1.5,-0.41880106925964355,1.0
1/cb-db-c/1c3.1beb1.acde1.ddde1.5,0.39802607893943787,-1.0
2/db-db-c/1c3.abeb1.acde1.ddde1.5,-0.1945764273405075,1.0
1/cb-db-c/1c3.abeb1.acde1.ddde1.2a2,0.11191058158874512,-1.0
2/cbab-c/ccc2.abeb1.acde1.ddde1.2ac1,0.5124205350875854,1.0
1/abab-c/ccca1.abeba.acde1.ddde1.2ac1,-0.5116577744483948,-1.0
2/acab-c/ccca1.abeba.acde1.ddde1.1bac1,0.5263357758522034,1.0
1/acaa-c/ccca1.abeba.acded.ddde1.1bac1,-0.2680463492870331,-1.0
2/acaaa/cccae.abeba.acded.dddee.1bac1,0.38783326745033264,1.0
1/aaaaa/cccae.abeba.acded.dddee.bbacb,-0.2511863112449646,-1.0
2/de-d-b-d/5.1e3.1bed1.caa2.dc3,-0.7476961016654968,1.0
1/de-d-c-d/5.1ed2.1bed1.caa2.dc3,0.7213659882545471,-1.0
2/de-c-c-d/1c3.1ed2.1bed1.caa2.dc3,-0.8237497210502625,1.0
1/dc-c-c-d/1cb2.1ed2.1bed1.caa2.dcb2,0.6734662055969238,-1.0
2/dc-ca-d/1cb2.1edd1.1bed1.caad1.dcb2,-0.47370344400405884,1.0
1/bc-ca-d/1cba1.1edd1.abed1.caad1.dcb2,0.543353796005249,-1.0
2/bc-ca-b/1cba1.eedd1.abed1.caad1.dcbe1,-0.30434420704841614,1.0
1/bb-ca-b/bcba1.eedd1.abed1.caad1.dcbe1,0.3218003511428833,-1.0
2/bbaa-b/bcba1.eedd1.abed1.caadc.dcbec,-0.0907307118177414,1.0
1/baaa-b/bcba1.eedd1.abedb.caadc.dcbec,-0.07869604974985123,-1.0
2/baaaa/bcba1.eedde.abedb.caadc.dcbec,0.3042404353618622,1.0
1/aaaaa/bcbaa.eedde.abedb.caadc.dcbec,-0.1789315789937973,-1.0
2/d-b-ba-b/5.5.2d2.5.5,-0.999172568321228,1.0
1/d-b-ca-b/5.2c2.2d2.5.5,0.996467113494873,-1.0
2/da-ca-b/5.2c2.1bd2.5.5,-0.9722634553909302,1.0
1/da-c-b-b/5.2c2.1bd2.2d2.5,0.9665225148200989,-1.0
2/da-c-ba/5.2c2.1bde1.2d2.5,-0.8641063570976257,1.0
1/da-c-b-b/5.2c2.1bde1.2de1.5,0.6347311735153198,-1.0
2/da-cb-b/5.2c2.dbde1.2de1.2d2,-0.6215454936027527,1.0
1/ca-cb-b/5.2ca1.dbde1.2de1.2d2,0.5400373935699463,-1.0
2/da-cb-b/5.2ca1.dbde1.1ade1.2d2,-0.13703520596027374,1.0
1/d-c-cb-b/5.2ca1.dbde1.1ade1.1bdb1,-0.16470615565776825,-1.0
2/d-c-cbb/5.2cae.dbdee.1ade1.1bdb1,0.5665035247802734,1.0
1/d-c-cba/5.1ecae.dbdee.1ade1.1bdb1,-0.7359021306037903,-1.0
2/da-cba/1bb2.1ecae.dbdee.1ade1.1bdb1,0.6736429929733276,1.0
1/da-dba/1bbc1.1ecae.dbdee.1ade1.1bdb1,-0.5653162598609924,-1.0
2/da-bba/1bbc1.cecae.dbdee.cade1.1bdb1,0.6591209173202515,1.0
1/aa-bba/1bbca.cecae.dbdee.cadea.abdb1,-0.6323134899139404,-1.0
2/aaaba/1bbca.cecae.dbdee.cadea.abdbc,0.23932713270187378,1.0
1/aaaaa/dbbca.cecae.dbdee.cadea.abdbc,-0.16959911584854126,-1.0
1/-b-edbe/5.5.2ea1.3b1.3a1,-0.8042032122612,1.0
2/-b-ddbe/5.5.1bea1.3b1.3a1,0.9821327328681946,-1.0
1/-b-ddae/5.5.1bea1.2db1.3a1,-0.7805941700935364,1.0
2/-b-ddbe/5.5.1bea1.2db1.2da1,0.7592577934265137,-1.0
1/-b-ddbc/5.1e3.1beae.2db1.2da1,-0.673724353313446,1.0
2/-b-ddcc/5.1e3.1beae.2dbd.2da1,0.5486293435096741,-1.0
1/-c-ddcc/5.1e3.1beae.1adbd.2da1,-0.5774050354957581,1.0
2/-c-bdcc/1b3.1e3.1beae.1adbd.1bda1,0.7976835370063782,-1.0
1/-c-bdac/1b3.1ed2.1beae.dadbd.1bda1,-0.6671534776687622,1.0
2/a-bdac/1b3.1eda1.1beae.dadbd.abda1,0.6692528128623962,-1.0
1/a-bdaa/1b3.1edae.ebeae.dadbd.abda1,-0.40131208300590515,1.0
2/a-beaa/1bc2.1edae.ebeae.dadbd.abda1,0.7002576589584351,-1.0
1/a-bdaa/1bc2.cedae.ebeae.dadbd.abda1,-0.8079515099525452,1.0
2/aadaa/1bcb1.cedae.ebeae.dadbd.abda1,0.7275081872940063,-1.0
1/aaaaa/cbcbc.cedae.ebeae.dadbd.abdac,-0.585560142993927,1.0
1/-bc-be-b/2b2.2d2.5.5.5,-0.9563013911247253,1.0
2/-bc-bea/2b2.2d2.5.4e.5,0.939412534236908,-1.0
1/-bc-cea/2b2.1cd2.5.4e.5,-0.9213582277297974,1.0
2/-bd-cea/2b2.1cd2.3b1.4e.5,0.9490371346473694,-1.0
1/-dd-cea/2b2.1cd2.2aba.4e.5,-0.8142862915992737,1.0
2/-cd-cea/2b2.1cd2.1aaba.4e.5,0.8056510090827942,-1.0
1/-cd-dea/2b2.1cd2.1aaba.4e.4c,-0.7305343151092529,1.0
2/-cd-deb/1eb2.1cd2.1aaba.4e.4c,0.6731554865837097,-1.0
1/-cd-de-b/1eb2.1cde1.1aaba.3ee.4c,0.30076712369918823,1.0
2/-cd-be-b/1eb2.1cde1.1aaba.2cee.3cc,-0.3141714632511139,-1.0
1/-cb-be-b/1ebb1.1cde1.1aaba.1bcee.3cc,-0.15155431628227234,1.0
2/-cb-bea/1ebb1.1cde1.1aaba.1bcee.2ecc,-0.08103358745574951,-1.0
1/-cb-bca/1ebb1.1cded.daaba.1bcee.2ecc,-0.38739892840385437,1.0
2/ab-bca/1ebba.acded.daaba.1bcee.2ecc,0.47539979219436646,-1.0
1/ab-baa/1ebba.acded.daaba.dbcee.1decc,-0.29621627926826477,1.0
2/abaaa/1ebba.acded.daaba.dbcee.cdecc,0.02781229466199875,-1.0
1/aaaaa/bebba.acded.daaba.dbcee.cdecc,-0.3340844213962555,1.0
1/bb-cb-b/5.5.5.2c2.5,-0.9994066953659058,1.0
2/bb-bb-b/5.5.2c2.2c2.5,0.9979465007781982,-1.0
1/bb-bb-c/5.2e2.2c2.2c2.5,-0.9973716139793396,1.0
2/cb-bb-c/5.2ea1.2c2.2c2.5,0.9875725507736206,-1.0
1/cb-bb-d/2e2.2ea1.2c2.2c2.5,-0.9013561010360718,1.0
2/cc-bb-d/2e2.2ea1.2cb1.2c2.5,0.8147537708282471,-1.0
1/bc-bb-d/2e2.1aea1.2cb1.2c2.5,-0.30674508213996887,1.0
2/bcab-d/2e2.1aea1.1ccb1.2c2.5,0.6030011177062988,-1.0
1/acab-d/2ea1.1aea1.1ccb1.2c2.5,-0.8465404510498047,1.0
2/acbb-d/2ea1.1aea1.1ccb1.1cc2.5,0.6819759011268616,-1.0
1/aabb-d/2ea1.baea1.1ccb1.1ccb1.5,-0.3879762291908264,1.0
2/aabd-d/1dea1.baea1.1ccb1.1ccb1.1d3,0.25499701499938965,-1.0
1/aaba-d/ddea1.baea1.dccb1.1ccb1.1dd2,-0.16219574213027954,1.0
2/aabaa/ddea1.baea1.dccbe.eccb1.1dde1,0.15809807181358337,-1.0
1/-babaa/ddea1.baeaa.dccbe.eccb1.1dde1,-0.2792252004146576,1.0
2/-bbbaa/ddea1.baeaa.dccbe.eccbb.1dde1,0.32258808612823486,-1.0
1/-babaa/ddea1.baeaa.dccbe.eccbb.bdde1,-0.17594771087169647,1.0
2/aabaa/ddea1.baeaa.dccbe.eccbb.bddea,0.09453835338354111,-1.0
1/aaaaa/ddeac.baeaa.dccbe.eccbb.bddea,-0.09763182699680328,1.0
1/bbc-db/5.5.5.2c2.5,-0.9992088675498962,1.0
2/bbd-db/5.5.2c2.2c2.5,0.9966280460357666,-1.0
1/-bbd-db/5.5.1aca1.2c2.5,-0.9865657091140747,1.0
2/-bbd-cb/5.3d1.1aca1.2c2.5,0.9649231433868408,-1.0
1/-bad-cb/5.2bd1.1aca1.2c2.5,-0.9754050970077515,1.0
2/-bad-bb/5.1dbd1.1aca1.2c2.5,0.8901175856590271,-1.0
1/-cad-bb/5.1dbd1.1aca1.2ca1.5,-0.778457760810852,1.0
2/-cbd-bb/5.1dbd1.1aca1.1bca1.5,0.7249051332473755,-1.0
1/-cbb-bb/3c1.1dbd1.1aca1.1bca1.1c3,-0.6314651370048523,1.0
2/-cbb-bd/3c1.1dbd1.eacae.1bca1.1c3,0.7456144094467163,-1.0
1/-c-bb-bd/3c1.bdbd1.eacae.bbca1.1c3,-0.5241405963897705,1.0
2/-c-bbbd/3c1.bdbd1.eacae.bbcad.dc3,0.5704072117805481,-1.0
1/-c-bbba/2ec1.bdbde.eacae.bbcad.dce2,-0.2355465441942215,1.0
2/-cabba/1bec1.bdbde.eacae.bbcad.dce2,-0.17600318789482117,-1.0
1/-caaba/cbec1.bdbde.eacae.bbcad.dce2,0.11119753122329712,1.0
2/aaaba/cbeca.bdbde.eacae.bbcad.dcea1,0.007505195681005716,-1.0
1/aaaaa/cbeca.bdbde.eacae.bbcad.dcead,-0.3119950592517853,1.0
1/-ddc-d-d/5.5.2c2.5.5,0.9988827109336853,-1.0
2/-cdc-d-d/5.5.2ca1.5.5,-0.997981071472168,1.0
1/-cdc-d-e/5.5.1eca1.5.5,0.9964739680290222,-1.0
2/-cdc-c-e/5.5.1eca1.2d2.5,-0.995082437992096,1.0
1/-cdb-c-e/5.5.1eca1.1cd2.5,0.9807564616203308,-1.0
2/-cdc-c-e/5.5.1ecac.1cd2.5,-0.9698562026023865,1.0
1/-ddc-c-e/5.5.1ecac.1cda1.5,0.9597281217575073,-1.0
2/-ddc-c-d/5.1e3.1ecac.1cda1.5,-0.9842962622642517,1.0
1/-dcc-c-d/5.1eb2.1ecac.1cda1.5,0.9897180795669556,-1.0
2/-ddc-c-d/5.1ebb1.1ecac.1cda1.5,-0.8498256206512451,1.0
1/-dcc-c-d/2b2.1ebb1.1ecac.1cda1.5,0.9536737203598022,-1.0
2/-ccc-c-d/2b2.1ebb1.1ecac.1cda1.2a2,-0.9586266279220581,1.0
1/-ccb-c-d/2b2.1ebbc.1ecac.1cda1.2a2,0.903645932674408,-1.0
2/-ccbb-d/2b2.1ebbc.1ecac.1cdad.1dad1,-0.5639955401420593,1.0
1/-ccab-d/2bc1.1ebbc.1ecac.1cdad.1dad1,0.5634594559669495,-1.0
2/acab-d/2bca.1ebbc.aecac.1cdad.1dad1,-0.1739087998867035,1.0
1/acaa-d/2bca.1ebbc.aecac.1cdad.1dadd,0.10448969900608063,-1.0
2/acaaa/1ebca.eebbc.aecac.ecdad.1dadd,0.17005233466625214,1.0
1/aaaaa/bebca.eebbc.aecac.ecdad.bdadd,-0.1278591752052307,-1.0
1/-db-bcb/5.5.5.1d3.5,-0.9994898438453674,1.0
2/-cb-bcb/5.a4.5.1d3.5,0.9988535046577454,-1.0
1/-cb-bca/5.a4.5.1de2.5,-0.9741500020027161,1.0
2/-bb-bca/5.a4.1a3.1de2.5,0.923435628414154,-1.0
1/-ba-bca/5.a4.1a3.1deb1.5,-0.8964665532112122,1.0
2/-baaca/5.a4.ca3.1deb1.5,0.7867111563682556,-1.0
1/-baaba/5.a4.cad2.1deb1.5,-0.6545285582542419,1.0
2/-baabc/5.ae3.cade1.1deb1.5,0.8763914108276367,-1.0
1/-b-cabc/5.aeb2.cade1.bdeb1.5,-0.6480218768119812,1.0
2/a-cabc/5.aeba1.cade1.bdeb1.5,-0.0220118910074234,-1.0
1/-b-cabc/a4.aeba1.cade1.bdeb1.5,-0.11729516834020615,1.0
2/-b-ccbc/ac3.aebac.cade1.bdeb1.5,0.4708207845687866,-1.0
1/-b-cc-bc/acd2.aebac.cade1.bdeb1.2d2,-0.3262452781200409,1.0
2/a-cc-bc/acd2.aebac.cadea.bdeb1.2d2,0.23659953474998474,-1.0
1/a-ca-bc/acdc1.aebac.cadea.bdeb1.2dc1,0.272935688495636,1.0
2/a-caac/acdcd.aebac.cadea.bdeb1.2dc1,-0.3532821834087372,-1.0
1/a-caab/acdcd.aebac.cadea.bdeb1.1edc1,0.02355940267443657,1.0
2/aaaab/acdcd.aebac.cadea.bdebb.bedc1,0.07305651903152466,-1.0
1/aaaaa/acdcd.aebac.cadea.bdebb.bedce,-0.1963670700788498,1.0
1/c-dbd-b/5.5.4a.5.5,-0.9995002746582031,1.0
2/c-cbd-b/5.3b1.4a.5.5,0.998888373374939,-1.0
1/c-cad-b/5.3b1.3ca.5.5,-0.956601083278656,1.0
2/c-cada/5.3b1.2eca.5.5,0.9535085558891296,-1.0
1/b-cada/5.3b1.1aeca.5.5,-0.8006675243377686,1.0
2/baada/5.3b1.1aeca.3bb.5,0.8628283739089966,-1.0
1/ba-cda/5.2cb1.caeca.3bb.5,-0.7086374759674072,1.0
2/ba-cea/5.2cbd.caeca.3bb.5,0.8506028652191162,-1.0
1/-ba-cea/4a.1acbd.caeca.3bb.5,-0.7295767068862915,1.0
2/-ba-ceb/4a.1acbd.caeca.2ebb.5,0.8083267211914062,-1.0
1/-b-b-ceb/4a.1acbd.caeca.2ebb.4b,-0.6954551935195923,1.0
2/a-b-ceb/4a.aacbd.caeca.2ebb.4b,0.6951461434364319,-1.0
1/a-b-cdb/4a.aacbd.caeca.1debb.4b,-0.6700510382652283,1.0
2/a-b-cdc/3ea.aacbd.caeca.1debb.4b,0.6735849976539612,-1.0
1/a-b-cda/2eea.aacbd.caeca.1debb.3eb,-0.44048011302948,1.0
2/aa-cda/2eea.aacbd.caeca.1debb.2beb,0.46523672342300415,-1.0
1/aa-cca/1deea.aacbd.caeca.1debb.2beb,-0.36859849095344543,1.0
2/aaaca/1deea.aacbd.caeca.cdebb.1cbeb,0.4975295662879944,-1.0
1/aaaaa/ddeea.aacbd.caeca.cdebb.dcbeb,-0.3612864017486572,1.0
1/d-c-cbb/2b2.2da1.1aec1.eeec1.1dbbc,-0.8810862898826599,1.0
2/d-cabb/2b2.1cda1.caec1.eeec1.1dbbc,0.7643384337425232,-1.0
1/d-ca-bb/1db2.1cda1.caec1.eeec1.ddbbc,-0.68672776222229,1.0
2/d-caab/1db2.dcda1.caec1.eeec1.ddbbc,0.48560890555381775,-1.0
1/b-caab/adba1.dcda1.caec1.eeec1.ddbbc,-0.3244690001010895,1.0
2/b-baab/adba1.dcda1.caec1.eeecb.ddbbc,0.3118593990802765,-1.0
1/b-baaa/adba1.dcda1.caece.eeecb.ddbbc,-0.12612900137901306,1.0
2/baaaa/adba1.dcdab.caece.eeecb.ddbbc,0.08268895000219345,-1.0
1/aaaaa/adbaa.dcdab.caece.eeecb.ddbbc,-0.009007643908262253,1.0
2/-cb-b-bd/5.3a1.5.5.5,-0.99955153465271,1.0
1/-cb-c-bd/3c1.3a1.5.5.5,0.9992765188217163,-1.0
2/-cc-c-bd/3c1.3a1.3b1.5.5,-0.9987178444862366,1.0
1/-dc-c-bd/3c1.3a1.2ab1.5.5,0.9977942705154419,-1.0
2/-dc-cad/3c1.3a1.2abd.5.5,-0.9157951474189758,1.0
1/-db-cad/3c1.2ba1.2abd.5.5,0.8750434517860413,-1.0
2/-db-cae/3c1.2ba1.2abd.2e2.5,-0.7465419769287109,1.0
1/-db-cac/3c1.2ba1.2abd.1eee1.5,0.6809497475624084,-1.0
2/-dc-cac/3c1.2bab.2abd.1eee1.5,-0.6760552525520325,1.0
1/-dc-dac/3c1.2bab.1cabd.1eee1.5,0.8269731998443604,-1.0
2/ac-dac/3ca.1abab.1cabd.1eeea.5,-0.512730598449707,1.0
1/aa-dac/2bca.1abab.1cabd.1eeea.4b,0.4830741882324219,-1.0
2/aaaac/1cbca.1abab.ccabd.1eeea.3cb,0.09499526768922806,1.0
1/aaaaa/1cbca.1abab.ccabd.eeeea.2ecb,-0.3078974187374115,-1.0
2/aaaca/1cbca.dabab.ccabd.eeeea.1decb,0.43762561678886414,1.0
1/aaaaa/dcbca.dabab.ccabd.eeeea.ddecb,-0.3117757737636566,-1.0
2/b-dbab/5.5.1d3.5.5,0.9994343519210815,-1.0
1/b-ebab/5.5.1db2.5.5,-0.9045572280883789,1.0
2/c-ebab/5.5.1dba1.5.5,0.9057695269584656,-1.0
1/c-ebaa/5.5.1dbae.5.5,-0.8450451493263245,1.0
2/d-ebaa/5.3a1.1dbae.5.5,0.7863563895225525,-1.0
1/d-e-caa/5.2ca1.1dbae.2cc1.5,0.4907681345939636,1.0
2/d-c-caa/5.2ca1.1dbae.1bccb.5,-0.7619348168373108,-1.0
1/d-c-c-ba/5.2ca1.1dbae.dbccb.5,0.6226885318756104,1.0
2/d-c-c-bc/5.2cae.edbae.dbccb.5,-0.46049126982688904,-1.0
1/b-c-c-bc/3a1.2cae.edbae.dbccb.3a1,0.42071041464805603,1.0
2/b-c-cbc/3a1.1dcae.edbae.dbccb.2da1,-0.4224438965320587,-1.0
1/b-c-cba/3ae.1dcae.edbae.dbccb.1eda1,0.08235050737857819,1.0
2/b-caba/2cae.cdcae.edbae.dbccb.1eda1,-0.1520557403564453,-1.0
1/a-caba/2cae.cdcae.edbae.dbccb.1edaa,0.1062924787402153,1.0
2/aaaba/1bcae.cdcae.edbae.dbccb.bedaa,0.09184101223945618,-1.0
1/aaaaa/dbcae.cdcae.edbae.dbccb.bedaa,-0.12474237382411957,1.0
2/bc-bd-d/5.5.2b2.5.5,0.9993886947631836,-1.0
1/ac-bd-d/5.5.2ba1.5.5,-0.9777950048446655,1.0
2/ac-bd-b/5.3ee.2ba1.5.5,0.9368157982826233,-1.0
1/ab-bd-b/5.3ee.1bba1.5.5,-0.840240478515625,1.0
2/abbd-b/5.3ee.1bbac.3c1.5,0.8026198744773865,-1.0
1/abbb-b/5.3ee.dbbac.3cd.5,-0.8966596126556396,1.0
2/acbb-b/5.3ee.dbbac.2bcd.5,0.8966621160507202,-1.0
1/acab-b/5.2cee.dbbac.2bcd.5,-0.8313403725624084,1.0
2/acabb/3e1.2cee.dbbac.1ebcd.5,0.8638214468955994,-1.0
1/-ccabb/3e1.2cee.dbbac.1ebcd.3aa,-0.873691976070404,1.0
2/-ccbbb/3e1.2cee.dbbac.cebcd.3aa,0.8110453486442566,-1.0
1/-cabbb/2beb.2cee.dbbac.cebcd.3aa,-0.6017951369285583,1.0
2/-babbb/2beb.2cee.dbbac.cebcd.2aaa,0.5201531052589417,-1.0
1/-baabb/2beb.2cee.dbbac.cebcd.1caaa,-0.5483291149139404,1.0
2/aaabb/2beb.1acee.dbbac.cebcd.1caaa,0.4777856171131134,-1.0
1/aaaba/2beb.eacee.dbbac.cebcd.1caaa,-0.568961501121521,1.0
2/aaaca/1dbeb.eacee.dbbac.cebcd.1caaa,0.47220462560653687,-1.0
1/aaaaa/ddbeb.eacee.dbbac.cebcd.dcaaa,-0.33212509751319885,1.0
1/-cdad-d/2ed1.1deaa.2cbc.2cab.5,-0.8148844838142395,1.0
2/-cdad-c/1eed1.1deaa.2cbc.2cab.5,0.7413837313652039,-1.0
1/-ccad-c/1eed1.1deaa.1bcbc.2cab.5,-0.6929285526275635,1.0
2/-ccbd-c/1eed1.1deaa.1bcbc.1ccab.5,0.7408761978149414,-1.0
1/-ccad-c/1eed1.1deaa.1bcbc.1ccab.1c3,-0.5748963356018066,1.0
2/acad-c/1eed1.1deaa.abcbc.accab.1c3,0.6202045679092407,-1.0
1/acaa-c/1eedd.ddeaa.abcbc.accab.1cd2,-0.39719298481941223,1.0
2/acaaa/eeedd.ddeaa.abcbc.accab.1cde1,0.4200972616672516,-1.0
1/aaaaa/eeedd.ddeaa.abcbc.accab.bcdeb,-0.29391658306121826,1.0
1/-b-be-bb/5.2c2.5.5.5,-0.9957133531570435,1.0
2/-bae-bb/2b2.2c2.5.5.5,0.9928436279296875,-1.0
1/-bad-bb/2b2.2c2.2c2.5.5,-0.9936797022819519,1.0
2/-badab/2b2.2c2.2cd1.5.5,0.9828283786773682,-1.0
1/-baaab/2b2.1ccc1.1ccd1.5.5,-0.7529805898666382,1.0
2/-baacb/1dbd1.1ccc1.1ccd1.5.5,0.7449125051498413,-1.0
1/-baac-c/1dbd1.1ccc1.1ccde.2ee1.5,-0.5684700012207031,1.0
2/caac-c/1dbd1.1ccca.1ccde.2eea.3a1,0.49180230498313904,-1.0
1/c-cac-c/1dbdb.1ccca.1ccde.2eea.2ba1,-0.5311848521232605,1.0
2/c-caca/1dbdb.eccca.1ccde.1eeea.2ba1,0.6488247513771057,-1.0
1/c-caaa/1dbdb.eccca.dccde.1eeea.1dba1,-0.4803798198699951,1.0
2/caaaa/bdbdb.eccca.dccde.beeea.1dba1,0.6551980376243591,-1.0
1/aaaaa/bdbdb.eccca.dccde.beeea.adbaa,-0.5097305774688721,1.0
1/-edea-d/5.1b3.2e2.2abe.2cd1,-0.7551488876342773,1.0
2/-bdea-d/5.1ba2.1ae2.2abe.2cda,0.8109071850776672,-1.0
1/-bde-c-d/1d3.1ba2.1aed1.2abe.2cda,-0.7459836602210999,1.0
2/-bde-ca/1de2.1bae1.1aed1.1eabe.2cda,0.8079264163970947,-1.0
1/-bae-ca/1deb1.1bae1.baed1.1eabe.1bcda,-0.5586063861846924,1.0
2/-baeaa/1deb1.dbae1.baedd.1eabe.1bcda,0.4034200608730316,-1.0
1/-bacaa/1deb1.dbaec.baedd.ceabe.1bcda,-0.6044314503669739,1.0
2/aacaa/adeb1.dbaec.baedd.ceabe.1bcda,0.6190452575683594,-1.0
1/aaaaa/adebc.dbaec.baedd.ceabe.cbcda,-0.47527679800987244,1.0
2/d-d-cbd/5.3c1.5.5.5,0.9979172348976135,-1.0
1/c-d-cbd/5.3c1.2a2.5.5,-0.9643926620483398,1.0
2/c-d-bbd/5.3c1.1ca2.5.5,0.9967546463012695,-1.0
1/c-d-bbc/5.3ce.1ca2.5.5,-0.9759771227836609,1.0
2/c-d-bdc/5.2dce.1ca2.2d2.5,0.9657337665557861,-1.0
1/b-d-bdc/5.1adce.1ca2.2d2.5,-0.9867499470710754,1.0
2/b-b-bdc/5.1adce.1ca2.1bd2.2b2,0.9848185777664185,-1.0
1/b-b-cdc/5.1adce.1ca2.1bd2.1cb2,-0.8857449293136597,1.0
2/ba-cdc/5.1adce.1cab1.1bd2.1cb2,0.9524363279342651,-1.0
1/b-b-cdc/3b1.1adce.1cab1.1bd2.1cb2,-0.9657692313194275,1.0
2/b-b-bdc/3bc.1adce.1cab1.1bd2.1cb2,0.8455744385719299,-1.0
1/b-b-bdb/3bc.eadce.1cab1.1bd2.1cb2,-0.7918596863746643,1.0
2/b-b-bdc/2ebc.eadce.1cab1.1bd2.1cb2,0.7825443744659424,-1.0
1/b-b-bcc/2ebc.eadce.1cab1.1bdd1.1cb2,-0.7368941307067871,1.0
2/c-b-bcc/2ebc.eadce.1cab1.1bdd1.1cba1,0.7110950946807861,-1.0
1/a-b-bcc/2ebc.eadce.acaba.1bdd1.1cba1,-0.7455593943595886,1.0
2/a-bacc/2ebc.eadce.acaba.cbdd1.1cba1,0.7206156253814697,-1.0
1/a-baac/1debc.eadce.acaba.cbdd1.dcba1,-0.6347665786743164,1.0
2/aaaac/1debc.eadce.acaba.cbddb.dcba1,0.553674042224884,-1.0
1/aaaaa/edebc.eadce.acaba.cbddb.dcbae,-0.41751497983932495,1.0
1/-c-dcac/5.1cbde.1aaae.cbec1.5,-0.7574147582054138,1.0
2/-cacac/3bb.1cbde.baaae.cbec1.5,0.7237228751182556,-1.0
1/-cac-cc/2dbb.dcbde.baaae.cbec1.5,-0.42079097032546997,1.0
2/aac-cc/2dbb.dcbde.baaae.cbeca.2a2,0.38442060351371765,-1.0
1/aaa-cc/1cdbb.dcbde.baaae.cbeca.2ac1,-0.35412776470184326,1.0
2/aaaac/1cdbb.dcbde.baaae.cbeca.1dacd,0.3523927330970764,-1.0
1/aaaaa/ecdbb.dcbde.baaae.cbeca.edacd,-0.22744837403297424,1.0
1/aaed-d/1b3.1e3.1a3.1ce2.5,-0.9515555500984192,1.0
2/abed-d/1b3.1e3.1ab2.1ce2.5,0.8653875589370728,-1.0
1/abad-d/1b3.1ec2.cabc1.cce2.5,-0.6794843673706055,1.0
2/abae-d/1b3.dec2.cabc1.cce2.5,0.13644307851791382,-1.0
1/abad-d/1b3.decd1.cabc1.cce2.5,-0.8129557371139526,1.0
2/cbad-d/1ba2.decd1.cabc1.ccea1.5,0.8985272645950317,-1.0
1/c-bad-d/bbab1.decd1.cabc1.ccea1.5,-0.7216060161590576,1.0
2/caad-d/bbab1.decd1.cabc1.cceab.5,0.5282523036003113,-1.0
1/caab-d/bbab1.decd1.cabc1.cceab.2dd1,-0.3519332706928253,1.0
2/caab-b/bbab1.decd1.cabce.cceab.2dde,0.6325669884681702,-1.0
1/aaab-b/bbab1.decda.cabce.cceab.1adde,-0.13080687820911407,1.0
2/aaaba/bbab1.decda.cabce.cceab.eadde,0.01257607713341713,-1.0
1/aaaaa/bbabd.decda.cabce.cceab.eadde,-0.3190072774887085,1.0
1/bb-cd-d/5.5.2c2.5.5,-0.9994457364082336,1.0
2/bb-cd-c/5.5.1ec2.5.5,0.9982969164848328,-1.0
1/bb-cc-c/5.5.1ecd1.5.5,-0.9977095723152161,1.0
2/bb-cd-c/5.1d3.1ecd1.5.5,0.9925298094749451,-1.0
1/bb-dd-c/1c3.1d3.1ecd1.5.5,-0.8773524165153503,1.0
2/bd-dd-c/1c3.1db2.1ecd1.2b2.5,0.8876674175262451,-1.0
1/-bd-dd-c/1c3.1dba1.1ecda.2b2.5,-0.8217184543609619,1.0
2/-bd-dda/1c3.1dba1.1ecda.1ebe1.5,0.7901944518089294,-1.0
1/-ba-dda/1c3.1dba1.becda.bebeb.5,-0.2536078989505768,1.0
2/-ba-bda/1c3.cdba1.becda.bebeb.4c,0.4418684244155884,-1.0
1/-ba-bd-b/1c3.cdbae.becda.bebeb.4c,-0.3434336185455322,1.0
2/-ba-bda/ec3.cdbae.becda.bebeb.4c,0.2193078249692917,-1.0
1/-ba-bba/ecd2.cdbae.becda.bebeb.3dc,0.0338660292327404,1.0
2/ba-bba/ecda1.cdbae.becda.bebeb.2adc,0.0628439337015152,-1.0
1/ba-baa/ecdad.cdbae.becda.bebeb.2adc,-0.26164934039115906,1.0
2/baaaa/ecdad.cdbae.becda.bebeb.1cadc,0.15562401711940765,-1.0
1/aaaaa/ecdad.cdbae.becda.bebeb.acadc,-0.1061045229434967,1.0
1/bc-bb-d/2b2.5.5.5.5,-0.9996334314346313,1.0
2/bc-bb-c/2b2.3e1.5.5.5,0.9993087649345398,-1.0
1/-cc-bb-c/2b2.2ae1.1a3.1a3.5,-0.9845390319824219,1.0
2/-cccb-c/2b2.2ae1.cac2.ca3.5,0.964138925075531,-1.0
1/-ccca-c/2b2.2ae1.cac2.cad2.5,-0.715252697467804,1.0
2/-cdca-c/2b2.2ae1.cacb1.cad2.5,0.596371591091156,-1.0
1/-cdc-c-c/2b2.2ae1.cacbd.cadd1.5,-0.39599329233169556,1.0
2/-cdca-c/2b2.2aed.cacbd.caddd.5,0.46070417761802673,-1.0
1/-cdca-d/2b2.1eaed.cacbd.caddd.5,-0.2537728250026703,1.0
2/adca-d/2ba1.1eaed.cacbd.caddd.1a3,0.2502146065235138,-1.0
1/aaca-d/1bba1.beaed.cacbd.caddd.1ab2,-0.11687096208333969,1.0
2/aacaa/ebbae.beaed.cacbd.caddd.1abe1,0.42408761382102966,-1.0
1/aaaaa/ebbae.beaed.cacbd.caddd.cabec,-0.36105820536613464,1.0
2/d-ba-bb/5.5.2c2.5.5,-0.9985361099243164,1.0
1/b-ba-bb/5.3a1.2ca1.5.5,0.9103036522865295,-1.0
2/baa-bb/5.2ba1.2ca1.5.5,-0.8488845825195312,1.0
1/baa-db/5.1dba1.2cad.5.5,0.6175870895385742,-1.0
2/caa-db/5.adba1.2cad.5.5,-0.8319330811500549,1.0
1/ca-b-db/5.adba1.1ccad.5.5,0.7571404576301575,-1.0
2/ca-bab/2d2.adba1.1ccad.1dd2.5,-0.5409254431724548,1.0
1/ca-ba-c/2de1.adbae.1ccad.1dde1.5,0.5797226428985596,-1.0
2/caba-c/2de1.adbae.1ccad.1ddec.3c1,-0.17424710094928741,1.0
1/c-cba-c/1bde1.adbae.bccad.1ddec.3c1,0.0783035084605217,-1.0
2/c-cbaa/1bdee.adbae.bccad.eddec.3c1,0.3384345471858978,1.0
1/a-cbaa/1bdee.adbae.bccad.eddec.2aca,-0.21231332421302795,-1.0
2/aabaa/bbdee.adbae.bccad.eddec.1baca,0.3439313471317291,1.0
1/aaaaa/bbdee.adbae.bccad.eddec.cbaca,-0.20720785856246948,-1.0
2/d-bb-dc/5.2e2.5.5.5,0.999263346195221,-1.0
1/c-bb-dc/2a2.2e2.5.5.5,-0.9987344741821289,1.0
2/c-bc-dc/2a2.2e2.2c2.5.5,0.9980327486991882,-1.0
1/c-bc-ec/2a2.2e2.2c2.2d2.5,-0.9825958609580994,1.0
2/cac-ec/2a2.2e2.2c2.2d2.2b2,0.8495163321495056,-1.0
1/cab-ec/2a2.2ec1.2c2.2d2.2b2,-0.7006894946098328,1.0
2/cab-ed/2a2.2ec1.2ce1.2d2.2b2,0.6465403437614441,-1.0
1/cab-ec/2a2.2ec1.2cee.2d2.2b2,-0.3566170036792755,1.0
2/cbb-ec/2ab1.2ec1.2cee.2d2.2b2,0.5318970084190369,-1.0
1/cbb-eb/2ab1.1eec1.2cee.2d2.2b2,-0.5379801392555237,1.0
2/cbb-bb/1dab1.1eecd.1dcee.2d2.2b2,0.738629937171936,-1.0
1/c-bb-bb/1dabb.1eecd.1dcee.2db1.2b2,-0.9066049456596375,1.0
2/d-bb-bb/1dabb.1eecd.1dcee.1adb1.2b2,0.7255658507347107,-1.0
1/d-bb-ba/1dabb.1eecd.1dcee.1adb1.1eb2,-0.8539591431617737,1.0
2/d-bc-ba/1dabb.1eecd.1dcee.1adb1.1ebc1,0.6480227112770081,-1.0
1/c-bc-ba/1dabb.1eecd.1dcee.aadb1.1ebc1,-0.6730797290802002,1.0
2/cac-ba/1dabb.1eecd.1dcee.aadb1.bebc1,0.6708366274833679,-1.0
1/aac-ba/1dabb.1eecd.adcee.aadba.bebc1,-0.4906981885433197,1.0
2/aacaa/1dabb.deecd.adcee.aadba.bebc1,0.45196446776390076,-1.0
1/aaaaa/cdabb.deecd.adcee.aadba.bebcc,-0.32341116666793823,1.0
1/-bcb-b-b/5.5.2b2.5.5,0.9992498755455017,-1.0
2/-bcc-b-b/5.5.2bc1.5.5,-0.9988478422164917,1.0
1/-bcc-c-b/5.5.1dbc1.5.5,0.9979656338691711,-1.0
2/-bdc-c-b/5.5.1dbc1.3b1.5,-0.9959585070610046,1.0
1/-bbc-c-b/5.5.1dbc1.2bb1.3b1,0.9450157284736633,-1.0
2/-bbd-c-b/5.5.1dbc1.1cbb1.3b1,-0.7340278625488281,1.0
1/-bbd-c-d/5.2ee1.1dbc1.1cbb1.3b1,0.7754335999488831,-1.0
2/abd-c-d/5.1aee1.1dbc1.1cbb1.3b1,-0.7945204377174377,1.0
1/abd-d-d/5.1aeed.1dbc1.1cbb1.3b1,0.7851962447166443,-1.0
2/abd-c-d/2d2.1aeed.1dbc1.1cbb1.3b1,-0.7010822892189026,1.0
1/abc-c-d/2d2.1aeed.1dbcc.1cbb1.3b1,0.5992570519447327,-1.0
2/abc-ca/2de1.eaeed.1dbcc.1cbb1.2eb1,-0.2874610424041748,1.0
1/-cbc-ca/1ade1.eaeed.1dbcc.1cbb1.1aeb1,0.22780638933181763,-1.0
2/-cbcaa/1aded.eaeed.ddbcc.1cbb1.1aeb1,0.2799675166606903,1.0
1/-cbaaa/caded.eaeed.ddbcc.ccbb1.1aeb1,-0.23265083134174347,-1.0
2/abaaa/caded.eaeed.ddbcc.ccbba.aaeb1,0.1767769306898117,1.0
1/aaaaa/caded.eaeed.ddbcc.ccbba.aaebb,-0.12902610003948212,-1.0
2/bd-db-c/2d2.1cd2.2ade.2adb.3bc,-0.8755794167518616,1.0
1/bb-db-c/1bd2.1cdb1.2ade.2adb.3bc,0.8483420014381409,-1.0
2/bb-bb-c/1bd2.ccdb1.1cade.2adb.3bc,-0.27010291814804077,1.0
1/-bb-bb-c/1bd2.ccdb1.1cade.1aadb.2abc,-0.09770215302705765,-1.0
2/-bb-bbb/1bde1.ccdbe.ecade.1aadb.2abc,0.4101681709289551,1.0
1/-ba-bbb/1bde1.ccdbe.ecade.baadb.2abc,-0.5798760056495667,-1.0
2/-baabb/1bdec.ccdbe.ecade.baadb.2abc,0.37756210565567017,1.0
1/-baaba/1bdec.ccdbe.ecade.baadb.1eabc,-0.342187762260437,-1.0
2/aaaba/abdec.ccdbe.ecade.baadb.1eabc,0.15923231840133667,1.0
1/aaaaa/abdec.ccdbe.ecade.baadb.deabc,-0.3867264688014984,-1.0
2/-c-dbbd/1a3.1ddcc.acded.1cab1.1be2,-0.8190450668334961,1.0
1/-c-dabd/1a3.1ddcc.acded.1cab1.1bec1,0.47037166357040405,-1.0
2/-c-cabd/1a3.bddcc.acded.1cab1.1bec1,0.08243739604949951,1.0
1/-c-caad/1ad2.bddcc.acded.1cab1.1bec1,-0.18937361240386963,-1.0
2/a-caad/aad2.bddcc.acded.acab1.1bec1,0.33779042959213257,1.0
1/a-caac/aad2.bddcc.acded.acabe.1bec1,-0.3970477283000946,-1.0
2/aaaac/aadb1.bddcc.acded.acabe.bbec1,0.4063118100166321,1.0
1/aaaaa/aadbe.bddcc.acded.acabe.bbece,-0.2833099663257599,-1.0
2/b-bd-d-c/5.2e2.5.5.5,-0.9996355772018433,1.0
1/b-bc-d-c/5.2e2.2c2.5.5,0.9993144869804382,-1.0
2/b-bc-d-b/2e2.2e2.2c2.5.5,-0.9913747906684875,1.0
1/b-cc-d-b/2e2.2e2.2c2.2b2.5,0.984891951084137,-1.0
2/b-cd-d-b/2e2.1ce2.2c2.2b2.5,-0.8194224834442139,1.0
1/b-cd-e-b/2e2.1ce2.2cd1.2b2.5,0.6983959674835205,-1.0
2/b-cda-b/2e2.1ced1.1dcdd.2bd1.5,-0.7083321809768677,1.0
1/b-cba-b/2ec1.1ced1.1dcdd.1cbd1.5,0.2577712833881378,-1.0
2/d-cba-b/1aec1.1ced1.1dcdd.1cbda.5,-0.029452355578541756,1.0
1/d-dba-b/1aec1.1ced1.1dcdd.1cbda.4b,-0.009398598223924637,-1.0
2/d-dbaa/1aec1.eced1.1dcdd.1cbda.4b,0.15629041194915771,1.0
1/a-dbaa/aaec1.eceda.1dcdd.1cbda.3ab,0.2752014398574829,-1.0
2/aabaa/aaecb.eceda.bdcdd.1cbda.2bab,-0.26352640986442566,1.0
1/aaaaa/aaecb.eceda.bdcdd.ccbda.2bab,-0.13574987649917603,-1.0
2/aaaab/aaecb.eceda.bdcdd.ccbda.1ebab,0.15371030569076538,1.0
1/aaaaa/aaecb.eceda.bdcdd.ccbda.eebab,-0.07889773696660995,-1.0
1/-ed-cbb/2dc1.2ed1.1ecce.1bae1.3b1,-0.5866014957427979,1.0
2/-cd-cbb/2dc1.1aed1.1ecce.abae1.3b1,0.5560892820358276,-1.0
1/-cc-cbb/1bdc1.1aed1.1ecce.abae1.3b1,-0.4852456748485565,1.0
2/ac-cbb/1bdc1.1aeda.aecce.abae1.3b1,0.5983931422233582,-1.0
1/ac-c-bb/1bdc1.daeda.aecce.abaed.3b1,-0.3237859606742859,1.0
2/ac-cab/dbdc1.daeda.aecce.abaed.3b1,0.2210931032896042,-1.0
1/ac-caa/dbdc1.daeda.aecce.abaed.2eb1,-0.36640220880508423,1.0
2/acaaa/dbdcc.daeda.aecce.abaed.1ceb1,0.4263617694377899,-1.0
1/aaaaa/dbdcc.daeda.aecce.abaed.bcebb,-0.29082292318344116,1.0
1/c-b-d-dd/5.5.5.1a3.5,0.9997642636299133,-1.0
2/c-b-d-de/5.5.1e3.1a3.5,-0.9449576139450073,1.0
1/c-c-d-de/5.1b3.1e3.1a3.5,0.924513578414917,-1.0
2/c-c-c-de/5.1b3.1ec2.1a3.5,-0.8929420113563538,1.0
1/c-c-c-dd/5.eb3.1ec2.1a3.5,0.8533681631088257,-1.0
2/c-ca-dd/5.ebc2.1ecc1.1a3.5,-0.47394081950187683,1.0
1/c-da-dd/5.ebcb1.1ecc1.1a3.5,-0.43827858567237854,-1.0
2/d-da-dd/5.ebcb1.aecc1.1a3.5,0.25377988815307617,1.0
1/d-da-db/5.ebcb1.aecc1.eae2.5,-0.3565451502799988,-1.0
2/d-ba-db/5.ebcbb.aecc1.eaeb1.5,0.5291205644607544,1.0
1/c-ba-db/5.ebcbb.aecca.eaeb1.5,-0.6583671569824219,-1.0
2/c-bb-db/5.ebcbb.aecca.eaebc.5,0.6195826530456543,1.0
1/a-bb-db/5.ebcbb.aecca.eaebc.1aa2,0.043537165969610214,-1.0
2/a-bb-bb/1dd2.ebcbb.aecca.eaebc.1aa2,-0.44769588112831116,1.0
1/a-ba-bb/cdd2.ebcbb.aecca.eaebc.1aa2,0.06800530105829239,-1.0
2/aaa-bb/cdd2.ebcbb.aecca.eaebc.1aab1,-0.22144855558872223,1.0
1/aaa-cb/cddd1.ebcbb.aecca.eaebc.1aab1,-0.1860755980014801,-1.0
2/aaaab/cdddd.ebcbb.aecca.eaebc.1aabd,0.10203666239976883,1.0
1/aaaaa/cdddd.ebcbb.aecca.eaebc.eaabd,-0.20593249797821045,-1.0
2/-b-cdbb/5.3b1.5.5.5,0.9995346069335938,-1.0
1/-b-cdab/5.3b1.3d1.5.5,-0.9845781326293945,1.0
2/a-cdab/5.3b1.3d1.3a1.5,0.9700159430503845,-1.0
1/a-ccab/5.2cb1.3d1.3a1.5,-0.9216638207435608,1.0
2/a-ccac/3e1.2cb1.3d1.3a1.5,0.9392303824424744,-1.0
1/a-cbac/3e1.1ccb1.3d1.3a1.5,-0.8647913336753845,1.0
2/a-bbac/3e1.1ccb1.2bd1.3a1.5,0.858761727809906,-1.0
1/a-cbac/3e1.1ccb1.2bd1.2ba1.5,-0.9760292768478394,1.0
2/a-cbad/3e1.1ccb1.2bd1.2ba1.3e1,0.9202653765678406,-1.0
1/a-cb-cd/3ed.1ccbd.2bd1.2ba1.3e1,-0.8180534243583679,1.0
2/c-cb-cd/2aed.1ccbd.2bda.2ba1.3e1,0.8231351375579834,-1.0
1/c-c-b-cd/1caed.1ccbd.1cbda.2ba1.3e1,-0.658622145652771,1.0
2/c-c-bad/1caed.1ccbd.1cbda.1dba1.2de1,0.6747421622276306,-1.0
1/a-c-bad/1caed.1ccbd.1cbda.1dbaa.1ade1,-0.4533533453941345,1.0
2/a-caad/1caed.1ccbd.1cbda.1dbaa.1adec,0.4963856339454651,-1.0
1/a-caac/1caed.1ccbd.ecbda.1dbaa.1adec,-0.4216982126235962,1.0
2/aaaac/1caed.bccbd.ecbda.bdbaa.1adec,0.3908159136772156,-1.0
1/aaaaa/ecaed.bccbd.ecbda.bdbaa.eadec,-0.25443699955940247,1.0
1/d-b-b-ce/5.5.2de1.5.5,-0.9772387742996216,1.0
2/da-b-ce/5.5.2de1.2b2.5,0.9782642722129822,-1.0
1/ba-b-ce/5.5.2dea.2b2.2a2,-0.7349268794059753,1.0
2/bc-b-ce/5.5.1bdea.2bb1.2a2,0.8436470627784729,-1.0
1/bc-d-ce/5.2cc1.1bdea.2bb1.2a2,-0.7509909272193909,1.0
2/bc-dae/5.1dcc1.1bdea.2bbd.2a2,0.7730059623718262,-1.0
1/bc-dad/5.1dcc1.1bdea.1ebbd.2a2,-0.8082665801048279,1.0
2/bc-cad/2c2.1dcc1.1bdea.1ebbd.2a2,0.8616421222686768,-1.0
1/ba-cad/2c2.1dccb.1bdea.bebbd.2a2,-0.7838321328163147,1.0
2/ba-cbd/2c2.1dccb.1bdea.bebbd.2ad1,0.7469249963760376,-1.0
1/ba-cba/2c2.1dccb.ebdea.bebbd.1eade,-0.6846607327461243,1.0
2/ca-cba/2c2.adccb.ebdea.bebbd.1eade,0.3700709044933319,-1.0
1/ca-caa/1dc2.adccb.ebdea.bebbd.1eade,-0.4313017427921295,1.0
2/caaaa/1dcc1.adccb.ebdea.bebbd.ceade,0.47946932911872864,-1.0
1/aaaaa/adcca.adccb.ebdea.bebbd.ceade,-0.3484305143356323,1.0
2/-bbbcb/5.5.3d1.5.5,0.9986778497695923,-1.0
1/-bbacb/5.5.3d1.3c1.5,-0.9963277578353882,1.0
2/abacb/5.5.3d1.2ac1.5,0.9850092530250549,-1.0
1/aaacb/5.3b1.3d1.2ac1.5,-0.9514344930648804,1.0
2/aaacc/5.3b1.2ed1.2ac1.5,0.9620561599731445,-1.0
1/aaaac/5.2db1.2ed1.2ac1.3d1,-0.9804111123085022,1.0
2/abaac/5.1bdb1.2ed1.2ac1.3d1,0.9662864208221436,-1.0
1/abaab/5.1bdb1.2ede.2ac1.3d1,-0.9254478812217712,1.0
2/abbab/5.1bdbc.2ede.2ac1.3d1,0.8383124470710754,-1.0
1/abb-bb/3d1.1bdbc.2ede.2ac1.3d1,-0.8735442161560059,1.0
2/cbb-bb/3d1.1bdbc.1aede.2aca.3d1,0.8886719942092896,-1.0
1/cbb-ba/3de.1bdbc.1aede.2aca.3d1,-0.9422590732574463,1.0
2/cbc-ba/2cde.1bdbc.1aede.2aca.3d1,0.8874484300613403,-1.0
1/cbc-b-b/1ecde.1bdbc.1aede.2aca.3d1,-0.9570019841194153,1.0
2/cbca-b/1ecde.1bdbc.1aede.1daca.3d1,0.8216301798820496,-1.0
1/cbaa-b/1ecde.1bdbc.caede.cdaca.3d1,-0.7037534117698669,1.0
2/cbaaa/1ecde.1bdbc.caede.cdaca.2ed1,0.6701608300209045,-1.0
1/c-baaa/1ecde.bbdbc.caede.cdaca.1bed1,-0.4557790756225586,1.0
2/caaaa/1ecde.bbdbc.caede.cdaca.bbed1,0.4033249318599701,-1.0
1/aaaaa/aecde.bbdbc.caede.cdaca.bbeda,-0.2771768271923065,1.0
2/cb-b-bb/5.5.5.5.3a1,0.9994170069694519,-1.0
1/ca-b-bb/5.5.5.3b1.3a1,-0.9807556867599487,1.0
2/caa-bb/1c3.5.5.3b1.3a1,0.8962655663490295,-1.0
1/aaa-bb/1c3.aa3.5.3b1.3a1,-0.8064211010932922,1.0
2/aaaab/1c3.aa3.2d2.3b1.3a1,0.6881088614463806,-1.0
1/aaa-bb/1c3.aad2.2d2.3b1.3a1,-0.851600170135498,1.0
2/aca-bb/bc3.aad2.2db1.3b1.3a1,0.9803526997566223,-1.0
1/-bca-bb/bca2.aad2.2db1.3b1.3a1,-0.9822137951850891,1.0
2/-bcaab/bca2.aad2.2dbd.3b1.3a1,0.8007417321205139,-1.0
1/-bc-cab/bca2.aad2.1cdbd.2cb1.3a1,-0.5801597833633423,1.0
2/-bc-cad/bca2.aad2.1cdbd.1ecbe.3a1,0.9076541662216187,-1.0
1/-bc-cac/bca2.aade1.1cdbd.1ecbe.3a1,-0.7481338381767273,1.0
2/ac-cac/bcaa1.aade1.1cdbd.1ecbe.3a1,0.4948299527168274,-1.0
1/ac-c-bc/bcaa1.aade1.dcdbd.1ecbe.3a1,-0.6514111161231995,1.0
2/aca-bc/bcaa1.aade1.dcdbd.1ecbe.2cac,0.6586127877235413,-1.0
1/aca-ba/bcaa1.aadee.dcdbd.eecbe.2cac,-0.4806828796863556,1.0
2/acaaa/bcaa1.aadee.dcdbd.eecbe.1dcac,0.4238222539424896,-1.0
1/aaaaa/bcaab.aadee.dcdbd.eecbe.bdcac,-0.3337158262729645,1.0
1/beb-b-d/5.5.2b2.5.5,-0.9992780685424805,1.0
2/beb-b-b/5.5.2be1.3e1.5,0.9965019822120667,-1.0
1/bcb-b-b/5.5.1bbe1.2be1.5,-0.958903968334198,1.0
2/bcba-b/5.5.1bbe1.1dbe1.5,0.972699761390686,-1.0
1/bcaa-b/5.5.1bbec.1dbe1.5,-0.9809984564781189,1.0
2/bcca-b/5.5.1bbec.1dbe1.1cc2,0.9864760637283325,-1.0
1/acca-b/5.5.1bbec.1dbe1.1cca1,-0.965467631816864,1.0
2/bcca-b/5.5.abbec.1dbe1.1cca1,0.950157642364502,-1.0
1/baca-b/5.3bb.abbec.1dbe1.1cca1,-0.8510702848434448,1.0
2/bacc-b/5.3bb.abbec.ddbed.1cca1,0.8155021071434021,-1.0
1/bacc-c/5.3bb.abbec.ddbed.ecca1,-0.8135265707969666,1.0
2/bacc-b/5.2ebb.abbec.ddbed.ecca1,0.816102921962738,-1.0
1/baac-b/5.1cebb.abbec.ddbed.eccac,-0.6927306056022644,1.0
2/baaca/2e2.1cebb.abbec.ddbed.eccac,0.6708089709281921,-1.0
1/baaaa/2ed1.dcebb.abbec.ddbed.eccac,-0.48376092314720154,1.0
2/caaaa/1aed1.dcebb.abbec.ddbed.eccac,0.4466148614883423,-1.0
1/aaaaa/aaeda.dcebb.abbec.ddbed.eccac,-0.31960827112197876,1.0
1/b-bd-c-d/5.5.1d3.5.5,0.9996588826179504,-1.0
2/b-be-c-d/5.5.1dc2.5.5,-0.9269935488700867,1.0
1/a-be-c-d/5.5.1dca1.5.5,0.8983154296875,-1.0
2/a-be-c-b/5.5.1dca1.2ee1.5,-0.6807987093925476,1.0
1/a-bd-c-b/5.5.1dca1.1cee1.5,0.4100075960159302,-1.0
2/a-bd-cb/5.3e1.1dca1.1cee1.e4,-0.4471856355667114,1.0
1/a-dd-cb/5.3eb.1dca1.1cee1.eb3,0.5155389904975891,-1.0
2/a-bd-cb/5.3eb.1dcab.1cee1.ebb2,-0.218997523188591,1.0
1/a-bb-cb/5.2ceb.1dcab.ccee1.ebb2,0.16110657155513763,-1.0
2/c-bb-cb/5.1aceb.1dcab.cceea.ebb2,0.39377981424331665,1.0
1/c-bb-db/5.1aceb.1dcab.cceea.ebbd1,-0.26296374201774597,-1.0
2/c-bb-bb/5.1aceb.ddcab.cceea.ebbdd,0.3487256169319153,1.0
1/a-bb-bb/1a3.aaceb.ddcab.cceea.ebbdd,-0.3176364302635193,-1.0
2/a-bbab/1ad2.aaceb.ddcab.cceea.ebbdd,0.43526405096054077,1.0
1/a-bbaa/1ade1.aaceb.ddcab.cceea.ebbdd,-0.36432695388793945,-1.0
2/aabaa/1adeb.aaceb.ddcab.cceea.ebbdd,0.38363775610923767,1.0
1/aaaaa/cadeb.aaceb.ddcab.cceea.ebbdd,-0.26906561851501465,-1.0
2/abb-bd/5.5.1a3.5.5,0.9992045164108276,-1.0
1/abb-cd/5.5.1a3.1d3.5,-0.9988563060760498,1.0
2/bbb-cd/5.1a3.1a3.1d3.5,0.9954293966293335,-1.0
1/-bbb-cd/5.aaa2.1a3.1d3.5,-0.9461196660995483,1.0
2/-bbc-cd/5.aaa2.1ac2.1d3.5,0.907769501209259,-1.0
1/-bbc-dd/5.aaa2.dac2.1d3.5,-0.8625994920730591,1.0
2/-bbc-de/5.aaa2.dac2.ed3.5,0.8088700175285339,-1.0
1/-bbc-dc/5.aaae1.dace1.ed3.5,-0.6740459203720093,1.0
2/abc-dc/5.aaae1.dace1.ed3.a4,0.43646439909935,-1.0
1/aac-dc/5.aaae1.daceb.ed3.a4,-0.24782592058181763,1.0
2/aad-dc/5.aaae1.daceb.edc2.a4,0.20239558815956116,-1.0
1/aad-da/3e1.aaae1.daceb.edc2.ae3,-0.07102283835411072,1.0
2/aadaa/2de1.aaae1.daceb.edcd1.aed2,0.6680237054824829,-1.0
1/aacaa/1cde1.aaae1.daceb.edcd1.aed2,-0.7157066464424133,1.0
2/abcaa/1cde1.aaaeb.daceb.edcd1.aed2,0.7238577008247375,-1.0
1/abaaa/ccde1.aaaeb.daceb.edcd1.aedc1,-0.5227405428886414,1.0
2/acaaa/ccde1.aaaeb.daceb.edcdb.aedc1,0.42082345485687256,-1.0
1/aaaaa/ccdeb.aaaeb.daceb.edcdb.aedcb,-0.2965141832828522,1.0
1/bc-d-bb/5.5.1b3.5.5,-0.999565839767456,1.0
2/bc-dbb/5.2d2.1bd2.5.5,0.9982955455780029,-1.0
1/ac-dbb/5.2d2.abd2.5.5,-0.9860348701477051,1.0
2/ad-dbb/5.2d2.abd2.2b2.5,0.9653241038322449,-1.0
1/ac-dbb/5.2d2.abdb1.2b2.5,-0.9686287045478821,1.0
2/ac-dbc/5.2de1.abdb1.2b2.5,0.9584515690803528,-1.0
1/ac-ebc/5.1cde1.abdb1.2b2.5,-0.7397022247314453,1.0
2/ac-ebd/1e3.1cde1.abdb1.2b2.5,0.6918118000030518,-1.0
1/ac-ebc/1e3.1cdee.abdb1.2b2.5,-0.7724092602729797,1.0
2/ac-cbc/1ec2.1cdee.abdbc.2b2.5,0.8151643872261047,-1.0
1/-cc-cbc/1ec2.acdee.abdbc.2ba1.5,-0.4816572666168213,1.0
2/-cc-ccc/1ec2.acdee.abdbc.2bad.5,0.555500864982605,-1.0
1/-ca-ccc/1ec2.acdee.abdbc.1bbad.2b2,-0.6472433805465698,1.0
2/-caacc/cecc1.acdee.abdbc.1bbad.2b2,0.3922300636768341,-1.0
1/-caaac/cecc1.acdee.abdbc.dbbad.1db2,-0.37633079290390015,1.0
2/aaaac/cecc1.acdee.abdbc.dbbad.adba1,0.5559820532798767,-1.0
1/aaaaa/cecce.acdee.abdbc.dbbad.adbae,-0.42912110686302185,1.0
2/b-c-d-bd/5.5.1b3.5.5,-0.9990125894546509,1.0
1/b-c-e-bd/5.5.1bc2.5.5,0.9965540170669556,-1.0
2/b-b-e-bd/5.5.1bcb1.5.5,-0.9858171343803406,1.0
1/b-b-e-bc/5.2e2.1bcb1.5.5,0.9714896082878113,-1.0
2/b-b-eac/5.2e2.1bcb1.1d3.5,-0.8786967992782593,1.0
1/a-b-eac/5.2e2.1bcb1.1da2.5,0.8626607656478882,-1.0
2/a-b-ead/5.1ee2.1bcb1.1da2.5,-0.6957516670227051,1.0
1/a-b-eab/1e3.1ee2.1bcb1.1dae1.5,0.6249102354049683,-1.0
2/ab-eab/1e3.1eeb1.1bcb1.1daeb.5,-0.4660937786102295,1.0
1/ab-e-bb/1e3.1eeb1.1bcbd.1daeb.5,0.565883219242096,-1.0
2/ab-c-bb/1e3.1eebc.1bcbd.1daeb.1c3,-0.5976706147193909,1.0
1/ab-c-cb/1e3.1eebc.dbcbd.1daeb.1c3,0.5985837578773499,-1.0
2/cb-c-cb/1e3.aeebc.dbcbd.adaeb.1c3,-0.03612925112247467,1.0
1/ca-c-cb/1eb2.aeebc.dbcbd.adaeb.1c3,-0.25681740045547485,-1.0
2/ca-cab/1ebd1.aeebc.dbcbd.adaeb.1cd2,0.3395402729511261,1.0
1/aa-cab/1ebda.aeebc.dbcbd.adaeb.acd2,-0.3354441225528717,-1.0
2/aaaab/cebda.aeebc.dbcbd.adaeb.acdc1,0.43574947118759155,1.0
1/aaaaa/cebda.aeebc.dbcbd.adaeb.acdce,-0.27296319603919983,-1.0
